YEAR	DOY	MONTH	DATE	BSISO1_phase	BSISO2_phase
1981	1	1	1	2	2
1981	2	1	2	3	2
1981	3	1	3	4	3
1981	4	1	4	5	3
1981	5	1	5	5	3
1981	6	1	6	5	4
1981	7	1	7	5	4
1981	8	1	8	4	4
1981	9	1	9	4	6
1981	10	1	10	4	5
1981	11	1	11	4	5
1981	12	1	12	4	5
1981	13	1	13	5	5
1981	14	1	14	5	7
1981	15	1	15	5	8
1981	16	1	16	6	8
1981	17	1	17	6	8
1981	18	1	18	6	8
1981	19	1	19	6	8
1981	20	1	20	6	7
1981	21	1	21	6	7
1981	22	1	22	6	7
1981	23	1	23	5	8
1981	24	1	24	5	8
1981	25	1	25	4	8
1981	26	1	26	4	8
1981	27	1	27	2	8
1981	28	1	28	2	8
1981	29	1	29	2	8
1981	30	1	30	2	8
1981	31	1	31	2	8
1981	32	2	1	3	5
1981	33	2	2	1	4
1981	34	2	3	1	2
1981	35	2	4	1	1
1981	36	2	5	2	8
1981	37	2	6	2	8
1981	38	2	7	2	7
1981	39	2	8	3	6
1981	40	2	9	3	6
1981	41	2	10	3	6
1981	42	2	11	4	6
1981	43	2	12	4	1
1981	44	2	13	5	1
1981	45	2	14	5	3
1981	46	2	15	6	1
1981	47	2	16	6	1
1981	48	2	17	7	4
1981	49	2	18	8	2
1981	50	2	19	1	1
1981	51	2	20	1	5
1981	52	2	21	1	5
1981	53	2	22	2	6
1981	54	2	23	2	6
1981	55	2	24	1	6
1981	56	2	25	2	6
1981	57	2	26	2	5
1981	58	2	27	1	6
1981	59	2	28	2	7
1981	60	3	1	2	6
1981	61	3	2	1	6
1981	62	3	3	1	7
1981	63	3	4	1	7
1981	64	3	5	2	7
1981	65	3	6	2	7
1981	66	3	7	2	7
1981	67	3	8	2	7
1981	68	3	9	1	6
1981	69	3	10	1	6
1981	70	3	11	1	7
1981	71	3	12	8	7
1981	72	3	13	8	7
1981	73	3	14	8	7
1981	74	3	15	1	7
1981	75	3	16	1	6
1981	76	3	17	8	6
1981	77	3	18	8	5
1981	78	3	19	8	5
1981	79	3	20	1	5
1981	80	3	21	1	5
1981	81	3	22	1	5
1981	82	3	23	1	5
1981	83	3	24	1	5
1981	84	3	25	2	6
1981	85	3	26	3	6
1981	86	3	27	3	6
1981	87	3	28	2	6
1981	88	3	29	2	6
1981	89	3	30	2	5
1981	90	3	31	2	3
1981	91	4	1	3	2
1981	92	4	2	3	4
1981	93	4	3	3	3
1981	94	4	4	3	3
1981	95	4	5	2	3
1981	96	4	6	3	3
1981	97	4	7	2	3
1981	98	4	8	2	2
1981	99	4	9	2	2
1981	100	4	10	3	2
1981	101	4	11	3	2
1981	102	4	12	3	5
1981	103	4	13	4	5
1981	104	4	14	4	4
1981	105	4	15	4	6
1981	106	4	16	5	6
1981	107	4	17	6	7
1981	108	4	18	7	7
1981	109	4	19	7	7
1981	110	4	20	7	6
1981	111	4	21	6	6
1981	112	4	22	7	6
1981	113	4	23	8	7
1981	114	4	24	1	8
1981	115	4	25	1	8
1981	116	4	26	1	7
1981	117	4	27	1	7
1981	118	4	28	1	7
1981	119	4	29	1	8
1981	120	4	30	2	8
1981	121	5	1	2	7
1981	122	5	2	1	7
1981	123	5	3	1	8
1981	124	5	4	2	8
1981	125	5	5	1	8
1981	126	5	6	1	1
1981	127	5	7	2	8
1981	128	5	8	2	8
1981	129	5	9	2	8
1981	130	5	10	2	8
1981	131	5	11	1	3
1981	132	5	12	8	3
1981	133	5	13	1	3
1981	134	5	14	1	3
1981	135	5	15	1	3
1981	136	5	16	1	3
1981	137	5	17	1	3
1981	138	5	18	3	3
1981	139	5	19	3	3
1981	140	5	20	3	3
1981	141	5	21	4	3
1981	142	5	22	4	3
1981	143	5	23	5	3
1981	144	5	24	3	3
1981	145	5	25	3	2
1981	146	5	26	2	2
1981	147	5	27	1	2
1981	148	5	28	1	3
1981	149	5	29	2	3
1981	150	5	30	2	3
1981	151	5	31	1	3
1981	152	6	1	6	4
1981	153	6	2	6	4
1981	154	6	3	6	4
1981	155	6	4	6	4
1981	156	6	5	7	4
1981	157	6	6	7	3
1981	158	6	7	7	2
1981	159	6	8	7	2
1981	160	6	9	7	2
1981	161	6	10	6	2
1981	162	6	11	6	3
1981	163	6	12	6	3
1981	164	6	13	6	3
1981	165	6	14	5	3
1981	166	6	15	5	3
1981	167	6	16	5	2
1981	168	6	17	5	2
1981	169	6	18	5	3
1981	170	6	19	5	3
1981	171	6	20	5	3
1981	172	6	21	5	3
1981	173	6	22	4	3
1981	174	6	23	4	2
1981	175	6	24	3	8
1981	176	6	25	3	8
1981	177	6	26	3	7
1981	178	6	27	3	7
1981	179	6	28	4	7
1981	180	6	29	4	7
1981	181	6	30	5	7
1981	182	7	1	5	7
1981	183	7	2	5	7
1981	184	7	3	5	8
1981	185	7	4	5	8
1981	186	7	5	5	8
1981	187	7	6	5	6
1981	188	7	7	5	7
1981	189	7	8	5	8
1981	190	7	9	5	8
1981	191	7	10	5	1
1981	192	7	11	4	1
1981	193	7	12	3	1
1981	194	7	13	2	8
1981	195	7	14	1	1
1981	196	7	15	1	1
1981	197	7	16	1	1
1981	198	7	17	8	1
1981	199	7	18	8	2
1981	200	7	19	1	2
1981	201	7	20	1	2
1981	202	7	21	1	3
1981	203	7	22	2	3
1981	204	7	23	2	3
1981	205	7	24	2	3
1981	206	7	25	2	2
1981	207	7	26	2	1
1981	208	7	27	2	1
1981	209	7	28	1	1
1981	210	7	29	1	2
1981	211	7	30	8	2
1981	212	7	31	7	2
1981	213	8	1	7	1
1981	214	8	2	7	1
1981	215	8	3	7	1
1981	216	8	4	7	5
1981	217	8	5	6	5
1981	218	8	6	6	5
1981	219	8	7	6	6
1981	220	8	8	6	6
1981	221	8	9	6	6
1981	222	8	10	6	6
1981	223	8	11	7	6
1981	224	8	12	6	7
1981	225	8	13	6	8
1981	226	8	14	7	8
1981	227	8	15	7	8
1981	228	8	16	7	8
1981	229	8	17	7	6
1981	230	8	18	7	5
1981	231	8	19	8	5
1981	232	8	20	8	5
1981	233	8	21	8	5
1981	234	8	22	8	5
1981	235	8	23	1	5
1981	236	8	24	1	5
1981	237	8	25	1	6
1981	238	8	26	2	7
1981	239	8	27	2	6
1981	240	8	28	1	4
1981	241	8	29	1	4
1981	242	8	30	2	4
1981	243	8	31	2	4
1981	244	9	1	2	4
1981	245	9	2	2	4
1981	246	9	3	2	4
1981	247	9	4	2	4
1981	248	9	5	2	4
1981	249	9	6	2	5
1981	250	9	7	3	5
1981	251	9	8	3	5
1981	252	9	9	3	6
1981	253	9	10	3	7
1981	254	9	11	3	7
1981	255	9	12	3	8
1981	256	9	13	3	1
1981	257	9	14	3	1
1981	258	9	15	3	1
1981	259	9	16	3	2
1981	260	9	17	4	2
1981	261	9	18	5	2
1981	262	9	19	5	3
1981	263	9	20	5	3
1981	264	9	21	5	4
1981	265	9	22	5	4
1981	266	9	23	5	4
1981	267	9	24	5	4
1981	268	9	25	4	4
1981	269	9	26	5	5
1981	270	9	27	5	5
1981	271	9	28	6	5
1981	272	9	29	7	5
1981	273	9	30	7	5
1981	274	10	1	7	5
1981	275	10	2	6	5
1981	276	10	3	6	5
1981	277	10	4	5	6
1981	278	10	5	4	6
1981	279	10	6	4	6
1981	280	10	7	4	6
1981	281	10	8	4	6
1981	282	10	9	4	7
1981	283	10	10	4	7
1981	284	10	11	4	8
1981	285	10	12	4	8
1981	286	10	13	4	8
1981	287	10	14	4	8
1981	288	10	15	5	8
1981	289	10	16	6	1
1981	290	10	17	7	1
1981	291	10	18	7	1
1981	292	10	19	8	2
1981	293	10	20	8	3
1981	294	10	21	8	3
1981	295	10	22	1	4
1981	296	10	23	3	4
1981	297	10	24	3	1
1981	298	10	25	3	1
1981	299	10	26	3	1
1981	300	10	27	3	2
1981	301	10	28	3	2
1981	302	10	29	3	3
1981	303	10	30	4	3
1981	304	10	31	4	4
1981	305	11	1	4	4
1981	306	11	2	4	4
1981	307	11	3	4	4
1981	308	11	4	4	3
1981	309	11	5	4	3
1981	310	11	6	4	2
1981	311	11	7	5	1
1981	312	11	8	5	1
1981	313	11	9	5	2
1981	314	11	10	5	3
1981	315	11	11	5	3
1981	316	11	12	4	2
1981	317	11	13	4	2
1981	318	11	14	5	1
1981	319	11	15	4	8
1981	320	11	16	5	4
1981	321	11	17	5	3
1981	322	11	18	6	2
1981	323	11	19	6	1
1981	324	11	20	6	1
1981	325	11	21	6	2
1981	326	11	22	6	2
1981	327	11	23	6	1
1981	328	11	24	5	3
1981	329	11	25	6	3
1981	330	11	26	1	3
1981	331	11	27	2	4
1981	332	11	28	3	3
1981	333	11	29	4	2
1981	334	11	30	3	1
1981	335	12	1	3	3
1981	336	12	2	4	3
1981	337	12	3	4	2
1981	338	12	4	6	1
1981	339	12	5	6	1
1981	340	12	6	5	3
1981	341	12	7	5	4
1981	342	12	8	5	4
1981	343	12	9	5	4
1981	344	12	10	6	8
1981	345	12	11	7	8
1981	346	12	12	7	7
1981	347	12	13	6	7
1981	348	12	14	7	7
1981	349	12	15	7	7
1981	350	12	16	7	8
1981	351	12	17	7	8
1981	352	12	18	7	8
1981	353	12	19	6	7
1981	354	12	20	6	7
1981	355	12	21	7	7
1981	356	12	22	7	7
1981	357	12	23	6	7
1981	358	12	24	7	7
1981	359	12	25	7	7
1981	360	12	26	8	7
1981	361	12	27	8	6
1981	362	12	28	8	6
1981	363	12	29	8	6
1981	364	12	30	1	6
1981	365	12	31	8	6
1982	1	1	1	8	6
1982	2	1	2	8	7
1982	3	1	3	8	1
1982	4	1	4	8	1
1982	5	1	5	8	6
1982	6	1	6	8	6
1982	7	1	7	8	8
1982	8	1	8	8	8
1982	9	1	9	8	8
1982	10	1	10	7	1
1982	11	1	11	7	1
1982	12	1	12	6	1
1982	13	1	13	7	1
1982	14	1	14	8	1
1982	15	1	15	8	1
1982	16	1	16	8	1
1982	17	1	17	8	8
1982	18	1	18	7	8
1982	19	1	19	5	7
1982	20	1	20	5	7
1982	21	1	21	5	7
1982	22	1	22	8	7
1982	23	1	23	6	7
1982	24	1	24	8	7
1982	25	1	25	8	6
1982	26	1	26	8	7
1982	27	1	27	8	6
1982	28	1	28	5	5
1982	29	1	29	5	6
1982	30	1	30	5	7
1982	31	1	31	4	7
1982	32	2	1	4	6
1982	33	2	2	4	7
1982	34	2	3	5	8
1982	35	2	4	5	6
1982	36	2	5	7	6
1982	37	2	6	7	7
1982	38	2	7	6	6
1982	39	2	8	6	7
1982	40	2	9	5	7
1982	41	2	10	5	7
1982	42	2	11	5	7
1982	43	2	12	7	3
1982	44	2	13	7	2
1982	45	2	14	7	3
1982	46	2	15	8	8
1982	47	2	16	8	7
1982	48	2	17	8	7
1982	49	2	18	8	7
1982	50	2	19	8	7
1982	51	2	20	8	6
1982	52	2	21	8	6
1982	53	2	22	8	6
1982	54	2	23	8	6
1982	55	2	24	8	5
1982	56	2	25	1	5
1982	57	2	26	1	6
1982	58	2	27	1	2
1982	59	2	28	1	4
1982	60	3	1	1	5
1982	61	3	2	1	5
1982	62	3	3	1	5
1982	63	3	4	2	7
1982	64	3	5	3	6
1982	65	3	6	4	5
1982	66	3	7	6	5
1982	67	3	8	8	5
1982	68	3	9	1	5
1982	69	3	10	2	4
1982	70	3	11	2	3
1982	71	3	12	2	2
1982	72	3	13	2	4
1982	73	3	14	1	8
1982	74	3	15	2	8
1982	75	3	16	3	7
1982	76	3	17	3	6
1982	77	3	18	3	1
1982	78	3	19	4	1
1982	79	3	20	4	1
1982	80	3	21	4	7
1982	81	3	22	4	7
1982	82	3	23	5	7
1982	83	3	24	5	6
1982	84	3	25	5	3
1982	85	3	26	5	1
1982	86	3	27	6	1
1982	87	3	28	7	2
1982	88	3	29	7	1
1982	89	3	30	6	8
1982	90	3	31	6	7
1982	91	4	1	6	6
1982	92	4	2	6	6
1982	93	4	3	5	5
1982	94	4	4	6	4
1982	95	4	5	7	3
1982	96	4	6	1	1
1982	97	4	7	1	6
1982	98	4	8	3	6
1982	99	4	9	2	7
1982	100	4	10	3	8
1982	101	4	11	1	8
1982	102	4	12	1	8
1982	103	4	13	8	8
1982	104	4	14	8	7
1982	105	4	15	8	5
1982	106	4	16	1	5
1982	107	4	17	3	5
1982	108	4	18	2	3
1982	109	4	19	2	4
1982	110	4	20	2	3
1982	111	4	21	2	4
1982	112	4	22	1	4
1982	113	4	23	1	4
1982	114	4	24	1	3
1982	115	4	25	1	3
1982	116	4	26	1	3
1982	117	4	27	1	3
1982	118	4	28	1	3
1982	119	4	29	1	2
1982	120	4	30	1	1
1982	121	5	1	8	6
1982	122	5	2	6	6
1982	123	5	3	5	6
1982	124	5	4	5	7
1982	125	5	5	5	7
1982	126	5	6	5	7
1982	127	5	7	4	7
1982	128	5	8	4	7
1982	129	5	9	1	7
1982	130	5	10	8	7
1982	131	5	11	8	7
1982	132	5	12	4	7
1982	133	5	13	4	7
1982	134	5	14	4	8
1982	135	5	15	3	8
1982	136	5	16	2	8
1982	137	5	17	2	8
1982	138	5	18	2	8
1982	139	5	19	1	1
1982	140	5	20	1	1
1982	141	5	21	1	2
1982	142	5	22	1	2
1982	143	5	23	1	1
1982	144	5	24	1	1
1982	145	5	25	1	1
1982	146	5	26	2	1
1982	147	5	27	2	2
1982	148	5	28	2	2
1982	149	5	29	2	3
1982	150	5	30	2	3
1982	151	5	31	2	3
1982	152	6	1	3	3
1982	153	6	2	3	3
1982	154	6	3	3	3
1982	155	6	4	3	2
1982	156	6	5	3	2
1982	157	6	6	3	2
1982	158	6	7	3	2
1982	159	6	8	4	3
1982	160	6	9	4	3
1982	161	6	10	4	3
1982	162	6	11	5	3
1982	163	6	12	4	5
1982	164	6	13	4	5
1982	165	6	14	3	5
1982	166	6	15	4	5
1982	167	6	16	4	5
1982	168	6	17	5	5
1982	169	6	18	5	5
1982	170	6	19	5	6
1982	171	6	20	5	6
1982	172	6	21	6	6
1982	173	6	22	7	6
1982	174	6	23	7	6
1982	175	6	24	7	8
1982	176	6	25	7	2
1982	177	6	26	7	3
1982	178	6	27	7	2
1982	179	6	28	7	3
1982	180	6	29	8	4
1982	181	6	30	8	4
1982	182	7	1	8	4
1982	183	7	2	8	4
1982	184	7	3	8	4
1982	185	7	4	8	4
1982	186	7	5	1	4
1982	187	7	6	1	7
1982	188	7	7	2	7
1982	189	7	8	2	7
1982	190	7	9	3	1
1982	191	7	10	3	1
1982	192	7	11	4	1
1982	193	7	12	4	1
1982	194	7	13	4	7
1982	195	7	14	4	5
1982	196	7	15	5	4
1982	197	7	16	5	4
1982	198	7	17	4	4
1982	199	7	18	4	3
1982	200	7	19	4	8
1982	201	7	20	4	7
1982	202	7	21	4	7
1982	203	7	22	6	7
1982	204	7	23	7	7
1982	205	7	24	7	7
1982	206	7	25	7	8
1982	207	7	26	7	8
1982	208	7	27	7	8
1982	209	7	28	7	1
1982	210	7	29	8	4
1982	211	7	30	8	4
1982	212	7	31	8	4
1982	213	8	1	8	5
1982	214	8	2	2	6
1982	215	8	3	2	7
1982	216	8	4	2	7
1982	217	8	5	1	6
1982	218	8	6	1	4
1982	219	8	7	6	4
1982	220	8	8	5	5
1982	221	8	9	5	4
1982	222	8	10	5	4
1982	223	8	11	5	4
1982	224	8	12	5	4
1982	225	8	13	5	5
1982	226	8	14	5	5
1982	227	8	15	4	4
1982	228	8	16	4	4
1982	229	8	17	5	5
1982	230	8	18	4	6
1982	231	8	19	5	7
1982	232	8	20	5	7
1982	233	8	21	5	8
1982	234	8	22	5	1
1982	235	8	23	6	1
1982	236	8	24	7	3
1982	237	8	25	7	4
1982	238	8	26	7	4
1982	239	8	27	6	5
1982	240	8	28	7	6
1982	241	8	29	8	6
1982	242	8	30	8	6
1982	243	8	31	8	7
1982	244	9	1	8	1
1982	245	9	2	7	8
1982	246	9	3	6	6
1982	247	9	4	6	6
1982	248	9	5	5	7
1982	249	9	6	5	8
1982	250	9	7	5	1
1982	251	9	8	5	1
1982	252	9	9	7	2
1982	253	9	10	8	3
1982	254	9	11	8	3
1982	255	9	12	8	3
1982	256	9	13	8	2
1982	257	9	14	1	1
1982	258	9	15	1	8
1982	259	9	16	1	8
1982	260	9	17	1	1
1982	261	9	18	1	1
1982	262	9	19	1	8
1982	263	9	20	1	6
1982	264	9	21	8	4
1982	265	9	22	8	4
1982	266	9	23	1	4
1982	267	9	24	2	4
1982	268	9	25	3	5
1982	269	9	26	3	6
1982	270	9	27	4	6
1982	271	9	28	3	6
1982	272	9	29	3	7
1982	273	9	30	3	7
1982	274	10	1	3	7
1982	275	10	2	2	7
1982	276	10	3	2	7
1982	277	10	4	1	8
1982	278	10	5	8	8
1982	279	10	6	8	8
1982	280	10	7	8	7
1982	281	10	8	8	6
1982	282	10	9	8	6
1982	283	10	10	8	7
1982	284	10	11	1	8
1982	285	10	12	1	8
1982	286	10	13	1	8
1982	287	10	14	1	8
1982	288	10	15	8	1
1982	289	10	16	8	2
1982	290	10	17	8	1
1982	291	10	18	8	8
1982	292	10	19	8	8
1982	293	10	20	8	5
1982	294	10	21	8	5
1982	295	10	22	8	5
1982	296	10	23	1	6
1982	297	10	24	1	6
1982	298	10	25	1	6
1982	299	10	26	1	6
1982	300	10	27	2	6
1982	301	10	28	2	7
1982	302	10	29	2	7
1982	303	10	30	2	6
1982	304	10	31	2	7
1982	305	11	1	2	8
1982	306	11	2	2	1
1982	307	11	3	2	1
1982	308	11	4	2	1
1982	309	11	5	3	4
1982	310	11	6	3	4
1982	311	11	7	4	5
1982	312	11	8	5	5
1982	313	11	9	5	5
1982	314	11	10	5	5
1982	315	11	11	5	6
1982	316	11	12	5	5
1982	317	11	13	6	5
1982	318	11	14	7	6
1982	319	11	15	7	6
1982	320	11	16	3	6
1982	321	11	17	3	6
1982	322	11	18	2	7
1982	323	11	19	3	7
1982	324	11	20	2	6
1982	325	11	21	1	7
1982	326	11	22	2	7
1982	327	11	23	3	6
1982	328	11	24	3	6
1982	329	11	25	3	4
1982	330	11	26	3	3
1982	331	11	27	2	3
1982	332	11	28	1	3
1982	333	11	29	1	3
1982	334	11	30	2	4
1982	335	12	1	3	4
1982	336	12	2	3	2
1982	337	12	3	7	2
1982	338	12	4	7	1
1982	339	12	5	7	2
1982	340	12	6	6	4
1982	341	12	7	3	2
1982	342	12	8	3	4
1982	343	12	9	3	4
1982	344	12	10	1	4
1982	345	12	11	4	5
1982	346	12	12	3	5
1982	347	12	13	3	5
1982	348	12	14	2	3
1982	349	12	15	2	3
1982	350	12	16	2	3
1982	351	12	17	2	3
1982	352	12	18	2	2
1982	353	12	19	2	2
1982	354	12	20	3	2
1982	355	12	21	1	1
1982	356	12	22	2	2
1982	357	12	23	3	3
1982	358	12	24	3	3
1982	359	12	25	2	3
1982	360	12	26	2	3
1982	361	12	27	2	3
1982	362	12	28	2	3
1982	363	12	29	8	3
1982	364	12	30	8	4
1982	365	12	31	1	4
1983	1	1	1	1	4
1983	2	1	2	1	4
1983	3	1	3	1	3
1983	4	1	4	2	2
1983	5	1	5	3	2
1983	6	1	6	3	3
1983	7	1	7	3	2
1983	8	1	8	3	3
1983	9	1	9	3	4
1983	10	1	10	3	6
1983	11	1	11	3	7
1983	12	1	12	3	6
1983	13	1	13	3	5
1983	14	1	14	3	5
1983	15	1	15	3	7
1983	16	1	16	3	8
1983	17	1	17	2	8
1983	18	1	18	2	4
1983	19	1	19	4	4
1983	20	1	20	5	4
1983	21	1	21	6	7
1983	22	1	22	7	6
1983	23	1	23	6	1
1983	24	1	24	6	2
1983	25	1	25	7	2
1983	26	1	26	7	3
1983	27	1	27	7	6
1983	28	1	28	6	6
1983	29	1	29	7	5
1983	30	1	30	7	5
1983	31	1	31	8	5
1983	32	2	1	3	5
1983	33	2	2	4	5
1983	34	2	3	8	4
1983	35	2	4	8	4
1983	36	2	5	8	4
1983	37	2	6	7	5
1983	38	2	7	7	5
1983	39	2	8	3	5
1983	40	2	9	3	5
1983	41	2	10	1	5
1983	42	2	11	8	5
1983	43	2	12	8	4
1983	44	2	13	4	3
1983	45	2	14	2	2
1983	46	2	15	7	3
1983	47	2	16	7	3
1983	48	2	17	8	4
1983	49	2	18	7	4
1983	50	2	19	6	5
1983	51	2	20	5	4
1983	52	2	21	5	3
1983	53	2	22	3	2
1983	54	2	23	3	7
1983	55	2	24	8	5
1983	56	2	25	8	4
1983	57	2	26	5	4
1983	58	2	27	5	4
1983	59	2	28	5	4
1983	60	3	1	5	6
1983	61	3	2	4	6
1983	62	3	3	4	5
1983	63	3	4	7	4
1983	64	3	5	8	4
1983	65	3	6	8	4
1983	66	3	7	8	4
1983	67	3	8	8	3
1983	68	3	9	8	2
1983	69	3	10	8	3
1983	70	3	11	8	4
1983	71	3	12	8	4
1983	72	3	13	8	5
1983	73	3	14	6	5
1983	74	3	15	5	4
1983	75	3	16	8	4
1983	76	3	17	4	5
1983	77	3	18	4	5
1983	78	3	19	2	3
1983	79	3	20	2	3
1983	80	3	21	7	3
1983	81	3	22	7	4
1983	82	3	23	7	5
1983	83	3	24	7	5
1983	84	3	25	7	5
1983	85	3	26	7	5
1983	86	3	27	7	5
1983	87	3	28	7	4
1983	88	3	29	7	3
1983	89	3	30	8	4
1983	90	3	31	8	5
1983	91	4	1	8	6
1983	92	4	2	6	7
1983	93	4	3	5	7
1983	94	4	4	6	7
1983	95	4	5	7	4
1983	96	4	6	8	5
1983	97	4	7	8	7
1983	98	4	8	8	6
1983	99	4	9	8	7
1983	100	4	10	8	8
1983	101	4	11	7	7
1983	102	4	12	7	7
1983	103	4	13	7	7
1983	104	4	14	1	8
1983	105	4	15	4	8
1983	106	4	16	4	1
1983	107	4	17	3	1
1983	108	4	18	3	1
1983	109	4	19	3	1
1983	110	4	20	3	1
1983	111	4	21	3	1
1983	112	4	22	3	1
1983	113	4	23	4	1
1983	114	4	24	3	1
1983	115	4	25	3	1
1983	116	4	26	3	1
1983	117	4	27	3	1
1983	118	4	28	3	8
1983	119	4	29	4	8
1983	120	4	30	4	1
1983	121	5	1	4	1
1983	122	5	2	4	1
1983	123	5	3	3	1
1983	124	5	4	2	8
1983	125	5	5	2	8
1983	126	5	6	2	8
1983	127	5	7	3	8
1983	128	5	8	3	8
1983	129	5	9	3	2
1983	130	5	10	1	3
1983	131	5	11	1	3
1983	132	5	12	1	3
1983	133	5	13	1	3
1983	134	5	14	3	2
1983	135	5	15	3	2
1983	136	5	16	3	1
1983	137	5	17	3	8
1983	138	5	18	2	8
1983	139	5	19	1	8
1983	140	5	20	1	1
1983	141	5	21	2	2
1983	142	5	22	3	1
1983	143	5	23	4	2
1983	144	5	24	6	3
1983	145	5	25	7	3
1983	146	5	26	6	2
1983	147	5	27	4	1
1983	148	5	28	3	1
1983	149	5	29	2	2
1983	150	5	30	2	5
1983	151	5	31	1	5
1983	152	6	1	1	5
1983	153	6	2	8	5
1983	154	6	3	8	5
1983	155	6	4	8	4
1983	156	6	5	7	4
1983	157	6	6	6	3
1983	158	6	7	5	3
1983	159	6	8	4	3
1983	160	6	9	2	3
1983	161	6	10	1	3
1983	162	6	11	2	2
1983	163	6	12	2	1
1983	164	6	13	3	1
1983	165	6	14	3	1
1983	166	6	15	3	1
1983	167	6	16	3	1
1983	168	6	17	3	4
1983	169	6	18	4	3
1983	170	6	19	4	2
1983	171	6	20	4	8
1983	172	6	21	4	8
1983	173	6	22	5	2
1983	174	6	23	5	2
1983	175	6	24	5	3
1983	176	6	25	5	4
1983	177	6	26	5	4
1983	178	6	27	5	5
1983	179	6	28	5	5
1983	180	6	29	4	5
1983	181	6	30	2	6
1983	182	7	1	5	6
1983	183	7	2	6	7
1983	184	7	3	5	7
1983	185	7	4	5	7
1983	186	7	5	5	7
1983	187	7	6	6	6
1983	188	7	7	4	6
1983	189	7	8	4	7
1983	190	7	9	4	1
1983	191	7	10	4	2
1983	192	7	11	4	3
1983	193	7	12	4	2
1983	194	7	13	4	2
1983	195	7	14	4	2
1983	196	7	15	4	2
1983	197	7	16	4	2
1983	198	7	17	4	2
1983	199	7	18	4	2
1983	200	7	19	4	2
1983	201	7	20	4	8
1983	202	7	21	4	7
1983	203	7	22	4	8
1983	204	7	23	4	8
1983	205	7	24	4	5
1983	206	7	25	4	5
1983	207	7	26	3	7
1983	208	7	27	3	7
1983	209	7	28	3	7
1983	210	7	29	3	7
1983	211	7	30	3	7
1983	212	7	31	4	7
1983	213	8	1	4	7
1983	214	8	2	4	7
1983	215	8	3	4	7
1983	216	8	4	5	8
1983	217	8	5	5	8
1983	218	8	6	4	1
1983	219	8	7	5	1
1983	220	8	8	6	2
1983	221	8	9	6	2
1983	222	8	10	7	2
1983	223	8	11	7	2
1983	224	8	12	7	3
1983	225	8	13	7	3
1983	226	8	14	7	3
1983	227	8	15	7	4
1983	228	8	16	6	4
1983	229	8	17	5	4
1983	230	8	18	5	4
1983	231	8	19	4	4
1983	232	8	20	1	4
1983	233	8	21	1	4
1983	234	8	22	1	4
1983	235	8	23	1	5
1983	236	8	24	8	5
1983	237	8	25	7	4
1983	238	8	26	6	4
1983	239	8	27	5	5
1983	240	8	28	5	5
1983	241	8	29	4	7
1983	242	8	30	4	7
1983	243	8	31	3	7
1983	244	9	1	3	6
1983	245	9	2	3	6
1983	246	9	3	3	7
1983	247	9	4	2	8
1983	248	9	5	4	8
1983	249	9	6	3	8
1983	250	9	7	3	2
1983	251	9	8	3	4
1983	252	9	9	3	5
1983	253	9	10	3	5
1983	254	9	11	3	5
1983	255	9	12	3	5
1983	256	9	13	3	6
1983	257	9	14	4	6
1983	258	9	15	4	6
1983	259	9	16	4	6
1983	260	9	17	5	6
1983	261	9	18	5	6
1983	262	9	19	5	8
1983	263	9	20	5	7
1983	264	9	21	5	1
1983	265	9	22	5	2
1983	266	9	23	5	2
1983	267	9	24	5	3
1983	268	9	25	5	3
1983	269	9	26	6	4
1983	270	9	27	5	4
1983	271	9	28	5	4
1983	272	9	29	5	4
1983	273	9	30	5	3
1983	274	10	1	5	3
1983	275	10	2	5	4
1983	276	10	3	5	4
1983	277	10	4	5	4
1983	278	10	5	5	7
1983	279	10	6	5	8
1983	280	10	7	5	1
1983	281	10	8	6	1
1983	282	10	9	6	1
1983	283	10	10	6	1
1983	284	10	11	6	2
1983	285	10	12	6	3
1983	286	10	13	6	4
1983	287	10	14	7	4
1983	288	10	15	1	3
1983	289	10	16	3	3
1983	290	10	17	3	3
1983	291	10	18	2	2
1983	292	10	19	2	1
1983	293	10	20	2	1
1983	294	10	21	1	1
1983	295	10	22	1	1
1983	296	10	23	8	2
1983	297	10	24	7	2
1983	298	10	25	7	2
1983	299	10	26	7	1
1983	300	10	27	5	1
1983	301	10	28	6	1
1983	302	10	29	5	2
1983	303	10	30	4	2
1983	304	10	31	8	2
1983	305	11	1	7	2
1983	306	11	2	7	2
1983	307	11	3	7	2
1983	308	11	4	7	2
1983	309	11	5	7	3
1983	310	11	6	8	3
1983	311	11	7	8	4
1983	312	11	8	8	3
1983	313	11	9	8	3
1983	314	11	10	8	3
1983	315	11	11	8	4
1983	316	11	12	7	4
1983	317	11	13	7	4
1983	318	11	14	7	2
1983	319	11	15	7	1
1983	320	11	16	6	1
1983	321	11	17	5	8
1983	322	11	18	5	8
1983	323	11	19	6	1
1983	324	11	20	6	1
1983	325	11	21	6	1
1983	326	11	22	6	2
1983	327	11	23	7	1
1983	328	11	24	6	7
1983	329	11	25	6	5
1983	330	11	26	6	7
1983	331	11	27	6	8
1983	332	11	28	7	8
1983	333	11	29	7	8
1983	334	11	30	6	8
1983	335	12	1	6	7
1983	336	12	2	7	7
1983	337	12	3	7	7
1983	338	12	4	8	8
1983	339	12	5	8	7
1983	340	12	6	8	7
1983	341	12	7	8	7
1983	342	12	8	8	8
1983	343	12	9	8	8
1983	344	12	10	1	8
1983	345	12	11	4	7
1983	346	12	12	3	7
1983	347	12	13	4	8
1983	348	12	14	4	8
1983	349	12	15	8	8
1983	350	12	16	8	1
1983	351	12	17	8	1
1983	352	12	18	8	2
1983	353	12	19	1	1
1983	354	12	20	1	2
1983	355	12	21	1	2
1983	356	12	22	1	2
1983	357	12	23	1	2
1983	358	12	24	1	3
1983	359	12	25	1	3
1983	360	12	26	1	4
1983	361	12	27	1	4
1983	362	12	28	7	4
1983	363	12	29	7	4
1983	364	12	30	8	4
1983	365	12	31	8	4
1984	1	1	1	8	3
1984	2	1	2	8	1
1984	3	1	3	8	1
1984	4	1	4	8	5
1984	5	1	5	8	5
1984	6	1	6	1	7
1984	7	1	7	1	3
1984	8	1	8	1	3
1984	9	1	9	1	3
1984	10	1	10	1	3
1984	11	1	11	1	3
1984	12	1	12	1	2
1984	13	1	13	1	2
1984	14	1	14	2	2
1984	15	1	15	3	2
1984	16	1	16	2	1
1984	17	1	17	2	2
1984	18	1	18	1	2
1984	19	1	19	8	3
1984	20	1	20	8	2
1984	21	1	21	8	1
1984	22	1	22	1	4
1984	23	1	23	1	5
1984	24	1	24	1	2
1984	25	1	25	2	1
1984	26	1	26	2	3
1984	27	1	27	2	2
1984	28	1	28	3	2
1984	29	1	29	2	2
1984	30	1	30	2	2
1984	31	1	31	2	2
1984	32	2	1	3	2
1984	33	2	2	3	2
1984	34	2	3	2	2
1984	35	2	4	2	2
1984	36	2	5	2	2
1984	37	2	6	2	3
1984	38	2	7	2	3
1984	39	2	8	2	3
1984	40	2	9	2	3
1984	41	2	10	3	3
1984	42	2	11	3	2
1984	43	2	12	3	2
1984	44	2	13	3	3
1984	45	2	14	3	3
1984	46	2	15	3	4
1984	47	2	16	3	4
1984	48	2	17	4	4
1984	49	2	18	3	4
1984	50	2	19	3	8
1984	51	2	20	1	8
1984	52	2	21	2	8
1984	53	2	22	1	8
1984	54	2	23	1	8
1984	55	2	24	8	7
1984	56	2	25	1	8
1984	57	2	26	1	1
1984	58	2	27	2	2
1984	59	2	28	2	1
1984	60	2	29	2	1
1984	61	3	1	2	1
1984	62	3	2	3	2
1984	63	3	3	3	2
1984	64	3	4	3	2
1984	65	3	5	3	2
1984	66	3	6	4	2
1984	67	3	7	5	3
1984	68	3	8	6	3
1984	69	3	9	7	3
1984	70	3	10	6	4
1984	71	3	11	5	5
1984	72	3	12	6	6
1984	73	3	13	7	5
1984	74	3	14	8	5
1984	75	3	15	8	6
1984	76	3	16	8	6
1984	77	3	17	7	6
1984	78	3	18	5	6
1984	79	3	19	7	5
1984	80	3	20	8	5
1984	81	3	21	7	6
1984	82	3	22	1	6
1984	83	3	23	1	7
1984	84	3	24	4	7
1984	85	3	25	3	7
1984	86	3	26	3	6
1984	87	3	27	2	6
1984	88	3	28	1	5
1984	89	3	29	1	6
1984	90	3	30	2	5
1984	91	3	31	2	5
1984	92	4	1	1	5
1984	93	4	2	1	5
1984	94	4	3	1	5
1984	95	4	4	3	5
1984	96	4	5	4	5
1984	97	4	6	4	5
1984	98	4	7	2	5
1984	99	4	8	2	3
1984	100	4	9	2	1
1984	101	4	10	1	1
1984	102	4	11	1	1
1984	103	4	12	1	4
1984	104	4	13	8	2
1984	105	4	14	8	2
1984	106	4	15	8	1
1984	107	4	16	6	1
1984	108	4	17	6	1
1984	109	4	18	6	1
1984	110	4	19	7	2
1984	111	4	20	7	3
1984	112	4	21	8	3
1984	113	4	22	7	2
1984	114	4	23	7	1
1984	115	4	24	7	8
1984	116	4	25	7	1
1984	117	4	26	8	2
1984	118	4	27	8	3
1984	119	4	28	7	3
1984	120	4	29	7	3
1984	121	4	30	7	2
1984	122	5	1	8	1
1984	123	5	2	8	8
1984	124	5	3	8	8
1984	125	5	4	8	7
1984	126	5	5	7	7
1984	127	5	6	7	7
1984	128	5	7	8	7
1984	129	5	8	8	8
1984	130	5	9	1	8
1984	131	5	10	1	8
1984	132	5	11	2	8
1984	133	5	12	3	8
1984	134	5	13	4	7
1984	135	5	14	4	7
1984	136	5	15	2	7
1984	137	5	16	2	7
1984	138	5	17	1	6
1984	139	5	18	8	5
1984	140	5	19	8	4
1984	141	5	20	8	4
1984	142	5	21	8	3
1984	143	5	22	8	2
1984	144	5	23	7	1
1984	145	5	24	7	2
1984	146	5	25	7	2
1984	147	5	26	3	5
1984	148	5	27	8	5
1984	149	5	28	7	5
1984	150	5	29	4	5
1984	151	5	30	4	5
1984	152	5	31	4	5
1984	153	6	1	4	5
1984	154	6	2	2	4
1984	155	6	3	2	4
1984	156	6	4	3	5
1984	157	6	5	4	1
1984	158	6	6	4	1
1984	159	6	7	4	1
1984	160	6	8	5	2
1984	161	6	9	5	2
1984	162	6	10	5	1
1984	163	6	11	5	1
1984	164	6	12	6	8
1984	165	6	13	7	7
1984	166	6	14	7	8
1984	167	6	15	7	8
1984	168	6	16	6	8
1984	169	6	17	6	8
1984	170	6	18	6	7
1984	171	6	19	6	7
1984	172	6	20	6	1
1984	173	6	21	6	2
1984	174	6	22	6	1
1984	175	6	23	6	1
1984	176	6	24	6	1
1984	177	6	25	5	1
1984	178	6	26	5	8
1984	179	6	27	5	6
1984	180	6	28	5	6
1984	181	6	29	5	8
1984	182	6	30	5	1
1984	183	7	1	4	8
1984	184	7	2	4	8
1984	185	7	3	4	8
1984	186	7	4	3	8
1984	187	7	5	3	1
1984	188	7	6	2	1
1984	189	7	7	2	1
1984	190	7	8	2	1
1984	191	7	9	2	1
1984	192	7	10	2	1
1984	193	7	11	2	2
1984	194	7	12	2	4
1984	195	7	13	1	5
1984	196	7	14	1	5
1984	197	7	15	1	5
1984	198	7	16	1	4
1984	199	7	17	1	4
1984	200	7	18	1	4
1984	201	7	19	2	3
1984	202	7	20	2	3
1984	203	7	21	2	3
1984	204	7	22	2	6
1984	205	7	23	2	6
1984	206	7	24	2	7
1984	207	7	25	1	7
1984	208	7	26	8	7
1984	209	7	27	7	7
1984	210	7	28	7	7
1984	211	7	29	7	1
1984	212	7	30	7	5
1984	213	7	31	6	5
1984	214	8	1	5	6
1984	215	8	2	5	7
1984	216	8	3	5	7
1984	217	8	4	5	8
1984	218	8	5	5	2
1984	219	8	6	5	4
1984	220	8	7	5	4
1984	221	8	8	5	4
1984	222	8	9	5	4
1984	223	8	10	5	3
1984	224	8	11	5	3
1984	225	8	12	5	1
1984	226	8	13	6	2
1984	227	8	14	6	2
1984	228	8	15	6	3
1984	229	8	16	7	2
1984	230	8	17	7	2
1984	231	8	18	7	3
1984	232	8	19	7	4
1984	233	8	20	3	5
1984	234	8	21	3	6
1984	235	8	22	4	7
1984	236	8	23	5	7
1984	237	8	24	6	7
1984	238	8	25	6	8
1984	239	8	26	6	8
1984	240	8	27	5	8
1984	241	8	28	6	7
1984	242	8	29	6	5
1984	243	8	30	5	5
1984	244	8	31	5	5
1984	245	9	1	4	5
1984	246	9	2	4	5
1984	247	9	3	4	6
1984	248	9	4	4	6
1984	249	9	5	4	6
1984	250	9	6	3	6
1984	251	9	7	3	6
1984	252	9	8	3	6
1984	253	9	9	3	6
1984	254	9	10	3	6
1984	255	9	11	3	6
1984	256	9	12	3	7
1984	257	9	13	3	7
1984	258	9	14	3	7
1984	259	9	15	2	7
1984	260	9	16	1	7
1984	261	9	17	2	7
1984	262	9	18	3	7
1984	263	9	19	3	7
1984	264	9	20	3	8
1984	265	9	21	3	8
1984	266	9	22	2	1
1984	267	9	23	1	1
1984	268	9	24	1	1
1984	269	9	25	1	1
1984	270	9	26	1	2
1984	271	9	27	1	2
1984	272	9	28	2	2
1984	273	9	29	2	2
1984	274	9	30	3	3
1984	275	10	1	3	3
1984	276	10	2	3	2
1984	277	10	3	3	1
1984	278	10	4	4	1
1984	279	10	5	4	1
1984	280	10	6	5	1
1984	281	10	7	6	1
1984	282	10	8	7	2
1984	283	10	9	6	5
1984	284	10	10	6	4
1984	285	10	11	6	3
1984	286	10	12	7	3
1984	287	10	13	6	5
1984	288	10	14	6	5
1984	289	10	15	6	7
1984	290	10	16	6	7
1984	291	10	17	5	7
1984	292	10	18	5	8
1984	293	10	19	6	8
1984	294	10	20	7	8
1984	295	10	21	6	8
1984	296	10	22	6	7
1984	297	10	23	6	7
1984	298	10	24	6	8
1984	299	10	25	6	8
1984	300	10	26	6	1
1984	301	10	27	6	2
1984	302	10	28	7	4
1984	303	10	29	7	5
1984	304	10	30	7	5
1984	305	10	31	7	7
1984	306	11	1	2	7
1984	307	11	2	1	7
1984	308	11	3	1	7
1984	309	11	4	8	8
1984	310	11	5	1	8
1984	311	11	6	8	8
1984	312	11	7	8	7
1984	313	11	8	1	7
1984	314	11	9	1	7
1984	315	11	10	1	7
1984	316	11	11	1	7
1984	317	11	12	1	6
1984	318	11	13	2	7
1984	319	11	14	6	7
1984	320	11	15	6	7
1984	321	11	16	7	7
1984	322	11	17	7	8
1984	323	11	18	7	1
1984	324	11	19	8	3
1984	325	11	20	8	3
1984	326	11	21	8	3
1984	327	11	22	1	3
1984	328	11	23	1	2
1984	329	11	24	2	2
1984	330	11	25	2	3
1984	331	11	26	2	2
1984	332	11	27	3	2
1984	333	11	28	3	3
1984	334	11	29	4	2
1984	335	11	30	4	2
1984	336	12	1	3	3
1984	337	12	2	4	3
1984	338	12	3	5	2
1984	339	12	4	7	1
1984	340	12	5	6	1
1984	341	12	6	7	1
1984	342	12	7	7	1
1984	343	12	8	7	1
1984	344	12	9	7	2
1984	345	12	10	7	2
1984	346	12	11	8	3
1984	347	12	12	8	5
1984	348	12	13	6	4
1984	349	12	14	5	3
1984	350	12	15	7	4
1984	351	12	16	8	4
1984	352	12	17	6	5
1984	353	12	18	5	5
1984	354	12	19	1	5
1984	355	12	20	1	5
1984	356	12	21	2	5
1984	357	12	22	3	5
1984	358	12	23	2	5
1984	359	12	24	3	5
1984	360	12	25	3	5
1984	361	12	26	3	5
1984	362	12	27	4	5
1984	363	12	28	4	5
1984	364	12	29	4	5
1984	365	12	30	5	6
1984	366	12	31	5	7
1985	1	1	1	5	8
1985	2	1	2	5	8
1985	3	1	3	5	7
1985	4	1	4	6	6
1985	5	1	5	6	7
1985	6	1	6	6	7
1985	7	1	7	6	7
1985	8	1	8	6	8
1985	9	1	9	6	8
1985	10	1	10	6	8
1985	11	1	11	7	7
1985	12	1	12	7	7
1985	13	1	13	5	7
1985	14	1	14	3	7
1985	15	1	15	2	7
1985	16	1	16	3	7
1985	17	1	17	1	5
1985	18	1	18	8	5
1985	19	1	19	8	7
1985	20	1	20	6	7
1985	21	1	21	2	6
1985	22	1	22	2	6
1985	23	1	23	2	6
1985	24	1	24	1	6
1985	25	1	25	1	7
1985	26	1	26	1	8
1985	27	1	27	1	1
1985	28	1	28	1	1
1985	29	1	29	1	4
1985	30	1	30	1	4
1985	31	1	31	2	8
1985	32	2	1	2	5
1985	33	2	2	2	4
1985	34	2	3	2	4
1985	35	2	4	2	4
1985	36	2	5	2	4
1985	37	2	6	1	4
1985	38	2	7	2	3
1985	39	2	8	1	3
1985	40	2	9	2	3
1985	41	2	10	3	3
1985	42	2	11	3	3
1985	43	2	12	2	3
1985	44	2	13	2	3
1985	45	2	14	3	3
1985	46	2	15	3	3
1985	47	2	16	4	3
1985	48	2	17	4	3
1985	49	2	18	5	2
1985	50	2	19	4	3
1985	51	2	20	4	3
1985	52	2	21	4	4
1985	53	2	22	4	4
1985	54	2	23	4	4
1985	55	2	24	4	4
1985	56	2	25	4	1
1985	57	2	26	5	4
1985	58	2	27	5	4
1985	59	2	28	4	5
1985	60	3	1	5	5
1985	61	3	2	5	5
1985	62	3	3	5	4
1985	63	3	4	5	3
1985	64	3	5	4	2
1985	65	3	6	4	1
1985	66	3	7	4	1
1985	67	3	8	3	8
1985	68	3	9	3	8
1985	69	3	10	2	8
1985	70	3	11	2	8
1985	71	3	12	2	8
1985	72	3	13	1	8
1985	73	3	14	1	8
1985	74	3	15	1	8
1985	75	3	16	8	8
1985	76	3	17	6	8
1985	77	3	18	5	7
1985	78	3	19	5	6
1985	79	3	20	7	6
1985	80	3	21	7	6
1985	81	3	22	6	6
1985	82	3	23	7	5
1985	83	3	24	7	7
1985	84	3	25	6	7
1985	85	3	26	5	7
1985	86	3	27	5	6
1985	87	3	28	6	6
1985	88	3	29	6	6
1985	89	3	30	5	6
1985	90	3	31	4	5
1985	91	4	1	4	8
1985	92	4	2	5	1
1985	93	4	3	6	1
1985	94	4	4	4	8
1985	95	4	5	4	8
1985	96	4	6	6	8
1985	97	4	7	7	1
1985	98	4	8	7	3
1985	99	4	9	8	3
1985	100	4	10	8	3
1985	101	4	11	8	3
1985	102	4	12	8	3
1985	103	4	13	8	4
1985	104	4	14	3	3
1985	105	4	15	3	3
1985	106	4	16	3	3
1985	107	4	17	4	3
1985	108	4	18	5	3
1985	109	4	19	5	2
1985	110	4	20	5	1
1985	111	4	21	7	1
1985	112	4	22	7	1
1985	113	4	23	7	2
1985	114	4	24	7	1
1985	115	4	25	7	1
1985	116	4	26	7	1
1985	117	4	27	7	1
1985	118	4	28	7	1
1985	119	4	29	7	1
1985	120	4	30	7	8
1985	121	5	1	7	8
1985	122	5	2	7	8
1985	123	5	3	7	8
1985	124	5	4	7	7
1985	125	5	5	6	8
1985	126	5	6	3	7
1985	127	5	7	3	8
1985	128	5	8	3	8
1985	129	5	9	2	8
1985	130	5	10	2	8
1985	131	5	11	2	8
1985	132	5	12	1	8
1985	133	5	13	2	7
1985	134	5	14	3	7
1985	135	5	15	3	1
1985	136	5	16	2	1
1985	137	5	17	2	1
1985	138	5	18	2	1
1985	139	5	19	2	1
1985	140	5	20	3	1
1985	141	5	21	3	2
1985	142	5	22	3	2
1985	143	5	23	3	2
1985	144	5	24	2	3
1985	145	5	25	1	3
1985	146	5	26	1	3
1985	147	5	27	1	4
1985	148	5	28	2	4
1985	149	5	29	2	4
1985	150	5	30	1	4
1985	151	5	31	7	4
1985	152	6	1	5	4
1985	153	6	2	5	4
1985	154	6	3	5	4
1985	155	6	4	2	4
1985	156	6	5	8	4
1985	157	6	6	8	4
1985	158	6	7	8	5
1985	159	6	8	8	5
1985	160	6	9	7	5
1985	161	6	10	7	4
1985	162	6	11	7	3
1985	163	6	12	7	4
1985	164	6	13	7	4
1985	165	6	14	6	3
1985	166	6	15	6	3
1985	167	6	16	6	2
1985	168	6	17	6	2
1985	169	6	18	6	2
1985	170	6	19	5	2
1985	171	6	20	5	2
1985	172	6	21	5	2
1985	173	6	22	5	3
1985	174	6	23	5	4
1985	175	6	24	5	4
1985	176	6	25	5	5
1985	177	6	26	5	6
1985	178	6	27	6	6
1985	179	6	28	6	5
1985	180	6	29	7	5
1985	181	6	30	6	5
1985	182	7	1	5	6
1985	183	7	2	4	6
1985	184	7	3	4	7
1985	185	7	4	4	7
1985	186	7	5	4	7
1985	187	7	6	4	7
1985	188	7	7	4	6
1985	189	7	8	4	6
1985	190	7	9	3	6
1985	191	7	10	3	7
1985	192	7	11	3	7
1985	193	7	12	3	6
1985	194	7	13	2	6
1985	195	7	14	2	6
1985	196	7	15	2	5
1985	197	7	16	2	6
1985	198	7	17	2	7
1985	199	7	18	2	7
1985	200	7	19	2	8
1985	201	7	20	2	1
1985	202	7	21	2	1
1985	203	7	22	1	1
1985	204	7	23	1	1
1985	205	7	24	1	1
1985	206	7	25	1	1
1985	207	7	26	8	8
1985	208	7	27	8	7
1985	209	7	28	8	6
1985	210	7	29	8	5
1985	211	7	30	7	5
1985	212	7	31	7	5
1985	213	8	1	6	6
1985	214	8	2	4	7
1985	215	8	3	1	6
1985	216	8	4	1	6
1985	217	8	5	8	6
1985	218	8	6	6	6
1985	219	8	7	6	6
1985	220	8	8	6	1
1985	221	8	9	7	2
1985	222	8	10	7	4
1985	223	8	11	7	4
1985	224	8	12	7	4
1985	225	8	13	8	4
1985	226	8	14	3	4
1985	227	8	15	3	4
1985	228	8	16	2	4
1985	229	8	17	1	3
1985	230	8	18	1	2
1985	231	8	19	1	3
1985	232	8	20	8	3
1985	233	8	21	8	3
1985	234	8	22	8	3
1985	235	8	23	8	4
1985	236	8	24	8	4
1985	237	8	25	8	4
1985	238	8	26	8	4
1985	239	8	27	8	5
1985	240	8	28	8	5
1985	241	8	29	1	5
1985	242	8	30	1	5
1985	243	8	31	4	6
1985	244	9	1	4	7
1985	245	9	2	5	8
1985	246	9	3	5	8
1985	247	9	4	6	6
1985	248	9	5	5	5
1985	249	9	6	5	5
1985	250	9	7	4	6
1985	251	9	8	4	6
1985	252	9	9	4	6
1985	253	9	10	4	6
1985	254	9	11	4	6
1985	255	9	12	4	6
1985	256	9	13	4	6
1985	257	9	14	4	8
1985	258	9	15	4	8
1985	259	9	16	4	8
1985	260	9	17	4	8
1985	261	9	18	4	7
1985	262	9	19	4	6
1985	263	9	20	4	6
1985	264	9	21	3	7
1985	265	9	22	3	7
1985	266	9	23	3	8
1985	267	9	24	3	8
1985	268	9	25	3	1
1985	269	9	26	3	1
1985	270	9	27	3	1
1985	271	9	28	3	1
1985	272	9	29	3	1
1985	273	9	30	3	1
1985	274	10	1	4	3
1985	275	10	2	4	3
1985	276	10	3	4	3
1985	277	10	4	4	4
1985	278	10	5	3	4
1985	279	10	6	3	5
1985	280	10	7	3	5
1985	281	10	8	4	5
1985	282	10	9	4	5
1985	283	10	10	4	1
1985	284	10	11	4	1
1985	285	10	12	4	1
1985	286	10	13	4	1
1985	287	10	14	5	2
1985	288	10	15	5	3
1985	289	10	16	6	1
1985	290	10	17	6	1
1985	291	10	18	7	2
1985	292	10	19	6	3
1985	293	10	20	6	3
1985	294	10	21	5	8
1985	295	10	22	1	7
1985	296	10	23	1	7
1985	297	10	24	1	7
1985	298	10	25	1	5
1985	299	10	26	8	5
1985	300	10	27	8	5
1985	301	10	28	8	6
1985	302	10	29	8	7
1985	303	10	30	1	6
1985	304	10	31	1	6
1985	305	11	1	1	6
1985	306	11	2	2	6
1985	307	11	3	1	8
1985	308	11	4	1	1
1985	309	11	5	1	1
1985	310	11	6	1	3
1985	311	11	7	1	4
1985	312	11	8	1	5
1985	313	11	9	1	5
1985	314	11	10	2	5
1985	315	11	11	3	5
1985	316	11	12	3	5
1985	317	11	13	4	5
1985	318	11	14	4	5
1985	319	11	15	4	5
1985	320	11	16	5	5
1985	321	11	17	5	6
1985	322	11	18	6	6
1985	323	11	19	6	6
1985	324	11	20	6	6
1985	325	11	21	6	7
1985	326	11	22	6	6
1985	327	11	23	6	5
1985	328	11	24	6	5
1985	329	11	25	7	5
1985	330	11	26	8	7
1985	331	11	27	8	8
1985	332	11	28	8	8
1985	333	11	29	8	8
1985	334	11	30	2	8
1985	335	12	1	3	8
1985	336	12	2	3	8
1985	337	12	3	1	8
1985	338	12	4	3	7
1985	339	12	5	5	7
1985	340	12	6	7	8
1985	341	12	7	7	5
1985	342	12	8	7	5
1985	343	12	9	7	5
1985	344	12	10	6	5
1985	345	12	11	5	4
1985	346	12	12	5	5
1985	347	12	13	5	5
1985	348	12	14	5	6
1985	349	12	15	6	6
1985	350	12	16	6	6
1985	351	12	17	6	7
1985	352	12	18	6	8
1985	353	12	19	6	8
1985	354	12	20	7	8
1985	355	12	21	7	8
1985	356	12	22	7	8
1985	357	12	23	7	8
1985	358	12	24	8	7
1985	359	12	25	8	8
1985	360	12	26	8	7
1985	361	12	27	8	7
1985	362	12	28	8	8
1985	363	12	29	1	8
1985	364	12	30	1	7
1985	365	12	31	1	5
1986	1	1	1	1	6
1986	2	1	2	1	7
1986	3	1	3	2	1
1986	4	1	4	1	2
1986	5	1	5	2	2
1986	6	1	6	2	2
1986	7	1	7	2	2
1986	8	1	8	3	2
1986	9	1	9	3	2
1986	10	1	10	3	2
1986	11	1	11	3	2
1986	12	1	12	3	2
1986	13	1	13	3	1
1986	14	1	14	5	2
1986	15	1	15	5	3
1986	16	1	16	4	3
1986	17	1	17	6	3
1986	18	1	18	6	3
1986	19	1	19	6	3
1986	20	1	20	7	3
1986	21	1	21	7	2
1986	22	1	22	7	6
1986	23	1	23	6	8
1986	24	1	24	5	1
1986	25	1	25	4	8
1986	26	1	26	5	8
1986	27	1	27	4	8
1986	28	1	28	5	8
1986	29	1	29	6	8
1986	30	1	30	6	7
1986	31	1	31	6	4
1986	32	2	1	6	5
1986	33	2	2	6	7
1986	34	2	3	6	8
1986	35	2	4	7	8
1986	36	2	5	7	7
1986	37	2	6	8	6
1986	38	2	7	8	6
1986	39	2	8	1	5
1986	40	2	9	1	5
1986	41	2	10	1	6
1986	42	2	11	8	6
1986	43	2	12	8	5
1986	44	2	13	4	8
1986	45	2	14	6	5
1986	46	2	15	6	4
1986	47	2	16	6	4
1986	48	2	17	6	7
1986	49	2	18	7	5
1986	50	2	19	6	4
1986	51	2	20	6	2
1986	52	2	21	6	1
1986	53	2	22	7	1
1986	54	2	23	7	1
1986	55	2	24	8	1
1986	56	2	25	8	8
1986	57	2	26	8	8
1986	58	2	27	1	7
1986	59	2	28	2	5
1986	60	3	1	2	3
1986	61	3	2	2	3
1986	62	3	3	2	3
1986	63	3	4	2	2
1986	64	3	5	2	2
1986	65	3	6	1	2
1986	66	3	7	1	2
1986	67	3	8	2	1
1986	68	3	9	2	1
1986	69	3	10	2	1
1986	70	3	11	2	6
1986	71	3	12	2	6
1986	72	3	13	2	6
1986	73	3	14	1	5
1986	74	3	15	1	4
1986	75	3	16	1	4
1986	76	3	17	1	4
1986	77	3	18	1	4
1986	78	3	19	2	4
1986	79	3	20	3	4
1986	80	3	21	2	4
1986	81	3	22	1	3
1986	82	3	23	1	4
1986	83	3	24	3	3
1986	84	3	25	3	2
1986	85	3	26	3	2
1986	86	3	27	4	1
1986	87	3	28	4	5
1986	88	3	29	6	5
1986	89	3	30	6	5
1986	90	3	31	5	4
1986	91	4	1	5	4
1986	92	4	2	6	3
1986	93	4	3	6	8
1986	94	4	4	4	7
1986	95	4	5	4	7
1986	96	4	6	4	7
1986	97	4	7	4	7
1986	98	4	8	4	7
1986	99	4	9	4	7
1986	100	4	10	4	7
1986	101	4	11	4	6
1986	102	4	12	4	7
1986	103	4	13	3	7
1986	104	4	14	2	7
1986	105	4	15	1	7
1986	106	4	16	2	6
1986	107	4	17	1	6
1986	108	4	18	1	6
1986	109	4	19	1	6
1986	110	4	20	8	6
1986	111	4	21	8	6
1986	112	4	22	1	7
1986	113	4	23	1	7
1986	114	4	24	1	7
1986	115	4	25	1	8
1986	116	4	26	2	8
1986	117	4	27	3	8
1986	118	4	28	3	8
1986	119	4	29	2	1
1986	120	4	30	2	1
1986	121	5	1	2	1
1986	122	5	2	2	1
1986	123	5	3	2	1
1986	124	5	4	1	2
1986	125	5	5	1	1
1986	126	5	6	1	1
1986	127	5	7	3	1
1986	128	5	8	3	2
1986	129	5	9	5	3
1986	130	5	10	6	3
1986	131	5	11	6	3
1986	132	5	12	7	7
1986	133	5	13	7	6
1986	134	5	14	7	6
1986	135	5	15	6	6
1986	136	5	16	6	7
1986	137	5	17	6	8
1986	138	5	18	5	8
1986	139	5	19	5	8
1986	140	5	20	6	7
1986	141	5	21	7	3
1986	142	5	22	7	4
1986	143	5	23	7	4
1986	144	5	24	7	8
1986	145	5	25	7	6
1986	146	5	26	8	6
1986	147	5	27	8	6
1986	148	5	28	8	8
1986	149	5	29	8	8
1986	150	5	30	8	6
1986	151	5	31	1	7
1986	152	6	1	1	8
1986	153	6	2	8	8
1986	154	6	3	8	1
1986	155	6	4	8	3
1986	156	6	5	8	3
1986	157	6	6	1	3
1986	158	6	7	2	3
1986	159	6	8	2	3
1986	160	6	9	1	3
1986	161	6	10	1	3
1986	162	6	11	1	3
1986	163	6	12	1	2
1986	164	6	13	2	2
1986	165	6	14	2	2
1986	166	6	15	2	2
1986	167	6	16	3	3
1986	168	6	17	4	3
1986	169	6	18	4	4
1986	170	6	19	4	4
1986	171	6	20	4	4
1986	172	6	21	5	5
1986	173	6	22	5	6
1986	174	6	23	5	5
1986	175	6	24	5	5
1986	176	6	25	5	6
1986	177	6	26	5	6
1986	178	6	27	5	6
1986	179	6	28	5	6
1986	180	6	29	5	6
1986	181	6	30	5	6
1986	182	7	1	7	6
1986	183	7	2	7	5
1986	184	7	3	8	5
1986	185	7	4	7	6
1986	186	7	5	4	7
1986	187	7	6	4	7
1986	188	7	7	5	1
1986	189	7	8	6	1
1986	190	7	9	5	1
1986	191	7	10	4	2
1986	192	7	11	4	2
1986	193	7	12	4	2
1986	194	7	13	4	2
1986	195	7	14	4	2
1986	196	7	15	4	3
1986	197	7	16	4	4
1986	198	7	17	4	5
1986	199	7	18	4	6
1986	200	7	19	4	6
1986	201	7	20	3	6
1986	202	7	21	2	6
1986	203	7	22	2	6
1986	204	7	23	3	7
1986	205	7	24	3	7
1986	206	7	25	3	8
1986	207	7	26	3	8
1986	208	7	27	2	8
1986	209	7	28	1	8
1986	210	7	29	1	8
1986	211	7	30	8	1
1986	212	7	31	7	1
1986	213	8	1	7	2
1986	214	8	2	8	3
1986	215	8	3	8	3
1986	216	8	4	6	4
1986	217	8	5	5	4
1986	218	8	6	5	3
1986	219	8	7	5	3
1986	220	8	8	5	2
1986	221	8	9	5	2
1986	222	8	10	5	2
1986	223	8	11	5	2
1986	224	8	12	5	1
1986	225	8	13	6	1
1986	226	8	14	6	1
1986	227	8	15	7	1
1986	228	8	16	7	1
1986	229	8	17	7	1
1986	230	8	18	8	1
1986	231	8	19	8	6
1986	232	8	20	8	6
1986	233	8	21	8	6
1986	234	8	22	8	6
1986	235	8	23	8	7
1986	236	8	24	8	8
1986	237	8	25	8	1
1986	238	8	26	8	2
1986	239	8	27	8	4
1986	240	8	28	1	5
1986	241	8	29	1	5
1986	242	8	30	1	7
1986	243	8	31	1	1
1986	244	9	1	8	1
1986	245	9	2	8	6
1986	246	9	3	5	6
1986	247	9	4	4	4
1986	248	9	5	4	4
1986	249	9	6	4	5
1986	250	9	7	3	5
1986	251	9	8	4	5
1986	252	9	9	4	5
1986	253	9	10	4	5
1986	254	9	11	4	6
1986	255	9	12	4	7
1986	256	9	13	4	8
1986	257	9	14	4	8
1986	258	9	15	6	8
1986	259	9	16	7	1
1986	260	9	17	6	5
1986	261	9	18	5	5
1986	262	9	19	5	5
1986	263	9	20	4	5
1986	264	9	21	3	7
1986	265	9	22	3	8
1986	266	9	23	3	8
1986	267	9	24	1	8
1986	268	9	25	1	1
1986	269	9	26	1	3
1986	270	9	27	1	4
1986	271	9	28	1	4
1986	272	9	29	1	4
1986	273	9	30	3	4
1986	274	10	1	3	4
1986	275	10	2	3	8
1986	276	10	3	3	1
1986	277	10	4	3	3
1986	278	10	5	2	3
1986	279	10	6	1	3
1986	280	10	7	8	4
1986	281	10	8	4	5
1986	282	10	9	4	5
1986	283	10	10	4	6
1986	284	10	11	3	6
1986	285	10	12	3	6
1986	286	10	13	1	6
1986	287	10	14	8	6
1986	288	10	15	7	6
1986	289	10	16	5	6
1986	290	10	17	5	6
1986	291	10	18	8	6
1986	292	10	19	8	3
1986	293	10	20	1	3
1986	294	10	21	1	4
1986	295	10	22	3	4
1986	296	10	23	2	4
1986	297	10	24	2	6
1986	298	10	25	2	6
1986	299	10	26	2	5
1986	300	10	27	2	5
1986	301	10	28	3	4
1986	302	10	29	3	4
1986	303	10	30	3	2
1986	304	10	31	2	2
1986	305	11	1	2	3
1986	306	11	2	2	3
1986	307	11	3	2	4
1986	308	11	4	3	3
1986	309	11	5	4	3
1986	310	11	6	5	4
1986	311	11	7	5	4
1986	312	11	8	5	4
1986	313	11	9	5	4
1986	314	11	10	5	5
1986	315	11	11	5	5
1986	316	11	12	5	6
1986	317	11	13	5	6
1986	318	11	14	5	6
1986	319	11	15	5	6
1986	320	11	16	6	6
1986	321	11	17	6	6
1986	322	11	18	6	6
1986	323	11	19	6	6
1986	324	11	20	7	6
1986	325	11	21	7	7
1986	326	11	22	7	6
1986	327	11	23	8	7
1986	328	11	24	1	7
1986	329	11	25	4	6
1986	330	11	26	3	7
1986	331	11	27	3	7
1986	332	11	28	3	8
1986	333	11	29	4	7
1986	334	11	30	4	8
1986	335	12	1	5	8
1986	336	12	2	8	8
1986	337	12	3	8	8
1986	338	12	4	7	7
1986	339	12	5	7	7
1986	340	12	6	7	7
1986	341	12	7	7	7
1986	342	12	8	8	7
1986	343	12	9	8	8
1986	344	12	10	8	7
1986	345	12	11	8	6
1986	346	12	12	8	6
1986	347	12	13	1	6
1986	348	12	14	1	6
1986	349	12	15	1	6
1986	350	12	16	8	7
1986	351	12	17	8	7
1986	352	12	18	8	7
1986	353	12	19	8	7
1986	354	12	20	7	7
1986	355	12	21	8	7
1986	356	12	22	8	7
1986	357	12	23	1	7
1986	358	12	24	1	6
1986	359	12	25	1	7
1986	360	12	26	2	1
1986	361	12	27	2	1
1986	362	12	28	1	7
1986	363	12	29	8	7
1986	364	12	30	8	7
1986	365	12	31	2	7
1987	1	1	1	2	5
1987	2	1	2	2	5
1987	3	1	3	2	4
1987	4	1	4	2	4
1987	5	1	5	1	3
1987	6	1	6	2	3
1987	7	1	7	3	1
1987	8	1	8	3	2
1987	9	1	9	3	2
1987	10	1	10	3	2
1987	11	1	11	3	2
1987	12	1	12	3	2
1987	13	1	13	3	4
1987	14	1	14	2	2
1987	15	1	15	3	1
1987	16	1	16	3	1
1987	17	1	17	3	1
1987	18	1	18	3	2
1987	19	1	19	1	3
1987	20	1	20	1	3
1987	21	1	21	1	2
1987	22	1	22	1	2
1987	23	1	23	1	1
1987	24	1	24	1	2
1987	25	1	25	1	3
1987	26	1	26	2	2
1987	27	1	27	3	2
1987	28	1	28	3	2
1987	29	1	29	3	1
1987	30	1	30	4	2
1987	31	1	31	4	2
1987	32	2	1	4	2
1987	33	2	2	3	2
1987	34	2	3	4	5
1987	35	2	4	6	5
1987	36	2	5	7	7
1987	37	2	6	6	7
1987	38	2	7	6	7
1987	39	2	8	6	7
1987	40	2	9	6	8
1987	41	2	10	5	8
1987	42	2	11	5	7
1987	43	2	12	5	6
1987	44	2	13	4	6
1987	45	2	14	4	7
1987	46	2	15	5	6
1987	47	2	16	5	7
1987	48	2	17	5	7
1987	49	2	18	5	6
1987	50	2	19	7	6
1987	51	2	20	8	7
1987	52	2	21	8	7
1987	53	2	22	1	6
1987	54	2	23	1	5
1987	55	2	24	8	4
1987	56	2	25	8	5
1987	57	2	26	4	5
1987	58	2	27	7	4
1987	59	2	28	8	5
1987	60	3	1	1	5
1987	61	3	2	1	5
1987	62	3	3	1	6
1987	63	3	4	2	6
1987	64	3	5	2	5
1987	65	3	6	1	5
1987	66	3	7	1	5
1987	67	3	8	1	5
1987	68	3	9	8	5
1987	69	3	10	8	5
1987	70	3	11	8	5
1987	71	3	12	8	4
1987	72	3	13	1	5
1987	73	3	14	2	5
1987	74	3	15	2	5
1987	75	3	16	3	5
1987	76	3	17	3	4
1987	77	3	18	6	4
1987	78	3	19	5	4
1987	79	3	20	4	4
1987	80	3	21	1	3
1987	81	3	22	1	3
1987	82	3	23	8	5
1987	83	3	24	7	6
1987	84	3	25	6	6
1987	85	3	26	1	6
1987	86	3	27	2	7
1987	87	3	28	3	7
1987	88	3	29	3	7
1987	89	3	30	3	7
1987	90	3	31	3	6
1987	91	4	1	2	7
1987	92	4	2	4	6
1987	93	4	3	5	4
1987	94	4	4	7	2
1987	95	4	5	7	2
1987	96	4	6	6	8
1987	97	4	7	6	7
1987	98	4	8	6	6
1987	99	4	9	6	6
1987	100	4	10	5	6
1987	101	4	11	5	6
1987	102	4	12	6	5
1987	103	4	13	7	4
1987	104	4	14	8	1
1987	105	4	15	8	1
1987	106	4	16	8	8
1987	107	4	17	8	1
1987	108	4	18	1	1
1987	109	4	19	1	1
1987	110	4	20	1	8
1987	111	4	21	2	8
1987	112	4	22	2	8
1987	113	4	23	2	8
1987	114	4	24	2	8
1987	115	4	25	2	8
1987	116	4	26	3	8
1987	117	4	27	2	1
1987	118	4	28	2	1
1987	119	4	29	1	1
1987	120	4	30	1	1
1987	121	5	1	1	1
1987	122	5	2	1	2
1987	123	5	3	5	3
1987	124	5	4	5	3
1987	125	5	5	7	4
1987	126	5	6	8	6
1987	127	5	7	8	6
1987	128	5	8	8	7
1987	129	5	9	8	8
1987	130	5	10	8	8
1987	131	5	11	1	8
1987	132	5	12	1	8
1987	133	5	13	1	8
1987	134	5	14	1	8
1987	135	5	15	1	8
1987	136	5	16	1	7
1987	137	5	17	1	7
1987	138	5	18	8	8
1987	139	5	19	8	8
1987	140	5	20	8	7
1987	141	5	21	8	7
1987	142	5	22	1	7
1987	143	5	23	1	7
1987	144	5	24	2	8
1987	145	5	25	2	1
1987	146	5	26	2	8
1987	147	5	27	3	1
1987	148	5	28	1	2
1987	149	5	29	1	1
1987	150	5	30	1	2
1987	151	5	31	2	2
1987	152	6	1	2	2
1987	153	6	2	2	2
1987	154	6	3	3	2
1987	155	6	4	3	2
1987	156	6	5	3	2
1987	157	6	6	4	2
1987	158	6	7	5	2
1987	159	6	8	5	3
1987	160	6	9	6	3
1987	161	6	10	6	3
1987	162	6	11	6	3
1987	163	6	12	6	3
1987	164	6	13	6	3
1987	165	6	14	6	3
1987	166	6	15	6	4
1987	167	6	16	6	3
1987	168	6	17	6	3
1987	169	6	18	6	3
1987	170	6	19	7	3
1987	171	6	20	2	4
1987	172	6	21	2	4
1987	173	6	22	1	3
1987	174	6	23	1	3
1987	175	6	24	1	3
1987	176	6	25	1	3
1987	177	6	26	2	2
1987	178	6	27	5	2
1987	179	6	28	6	2
1987	180	6	29	6	2
1987	181	6	30	5	3
1987	182	7	1	5	3
1987	183	7	2	5	5
1987	184	7	3	5	6
1987	185	7	4	5	6
1987	186	7	5	5	6
1987	187	7	6	5	6
1987	188	7	7	5	7
1987	189	7	8	5	7
1987	190	7	9	5	8
1987	191	7	10	6	8
1987	192	7	11	6	8
1987	193	7	12	6	8
1987	194	7	13	7	1
1987	195	7	14	6	5
1987	196	7	15	6	7
1987	197	7	16	5	8
1987	198	7	17	5	1
1987	199	7	18	5	1
1987	200	7	19	5	7
1987	201	7	20	5	5
1987	202	7	21	3	6
1987	203	7	22	3	7
1987	204	7	23	3	8
1987	205	7	24	3	8
1987	206	7	25	2	1
1987	207	7	26	2	2
1987	208	7	27	2	4
1987	209	7	28	2	6
1987	210	7	29	2	6
1987	211	7	30	2	6
1987	212	7	31	2	6
1987	213	8	1	2	6
1987	214	8	2	2	5
1987	215	8	3	2	6
1987	216	8	4	2	6
1987	217	8	5	2	7
1987	218	8	6	2	7
1987	219	8	7	2	7
1987	220	8	8	3	8
1987	221	8	9	3	1
1987	222	8	10	3	2
1987	223	8	11	4	2
1987	224	8	12	4	1
1987	225	8	13	4	2
1987	226	8	14	4	2
1987	227	8	15	4	2
1987	228	8	16	4	3
1987	229	8	17	4	3
1987	230	8	18	4	4
1987	231	8	19	5	4
1987	232	8	20	5	4
1987	233	8	21	4	4
1987	234	8	22	4	5
1987	235	8	23	4	5
1987	236	8	24	4	5
1987	237	8	25	5	5
1987	238	8	26	6	5
1987	239	8	27	6	5
1987	240	8	28	6	5
1987	241	8	29	6	5
1987	242	8	30	6	6
1987	243	8	31	5	7
1987	244	9	1	5	7
1987	245	9	2	6	7
1987	246	9	3	6	7
1987	247	9	4	7	7
1987	248	9	5	7	8
1987	249	9	6	7	1
1987	250	9	7	7	1
1987	251	9	8	7	1
1987	252	9	9	7	1
1987	253	9	10	7	1
1987	254	9	11	7	2
1987	255	9	12	8	2
1987	256	9	13	8	2
1987	257	9	14	8	3
1987	258	9	15	8	3
1987	259	9	16	1	4
1987	260	9	17	2	5
1987	261	9	18	2	5
1987	262	9	19	2	5
1987	263	9	20	2	4
1987	264	9	21	2	5
1987	265	9	22	2	5
1987	266	9	23	2	5
1987	267	9	24	1	7
1987	268	9	25	1	7
1987	269	9	26	1	8
1987	270	9	27	1	1
1987	271	9	28	8	1
1987	272	9	29	8	1
1987	273	9	30	8	2
1987	274	10	1	8	5
1987	275	10	2	8	5
1987	276	10	3	4	5
1987	277	10	4	3	5
1987	278	10	5	3	6
1987	279	10	6	3	6
1987	280	10	7	3	7
1987	281	10	8	3	7
1987	282	10	9	1	2
1987	283	10	10	8	3
1987	284	10	11	8	3
1987	285	10	12	1	2
1987	286	10	13	8	2
1987	287	10	14	8	2
1987	288	10	15	1	3
1987	289	10	16	2	3
1987	290	10	17	4	7
1987	291	10	18	5	8
1987	292	10	19	6	8
1987	293	10	20	7	1
1987	294	10	21	7	1
1987	295	10	22	7	2
1987	296	10	23	8	2
1987	297	10	24	1	3
1987	298	10	25	1	3
1987	299	10	26	1	3
1987	300	10	27	2	3
1987	301	10	28	2	3
1987	302	10	29	3	2
1987	303	10	30	3	3
1987	304	10	31	3	4
1987	305	11	1	2	4
1987	306	11	2	3	3
1987	307	11	3	3	3
1987	308	11	4	3	3
1987	309	11	5	3	3
1987	310	11	6	3	3
1987	311	11	7	3	3
1987	312	11	8	4	3
1987	313	11	9	4	3
1987	314	11	10	5	3
1987	315	11	11	5	2
1987	316	11	12	5	3
1987	317	11	13	6	3
1987	318	11	14	6	3
1987	319	11	15	6	3
1987	320	11	16	6	4
1987	321	11	17	6	5
1987	322	11	18	6	6
1987	323	11	19	6	5
1987	324	11	20	6	5
1987	325	11	21	6	7
1987	326	11	22	6	8
1987	327	11	23	6	8
1987	328	11	24	6	1
1987	329	11	25	6	1
1987	330	11	26	6	2
1987	331	11	27	5	4
1987	332	11	28	5	4
1987	333	11	29	6	3
1987	334	11	30	7	3
1987	335	12	1	7	4
1987	336	12	2	3	4
1987	337	12	3	2	3
1987	338	12	4	3	3
1987	339	12	5	1	3
1987	340	12	6	2	3
1987	341	12	7	2	3
1987	342	12	8	2	2
1987	343	12	9	3	2
1987	344	12	10	4	2
1987	345	12	11	7	2
1987	346	12	12	6	3
1987	347	12	13	5	3
1987	348	12	14	5	2
1987	349	12	15	4	1
1987	350	12	16	4	2
1987	351	12	17	5	2
1987	352	12	18	5	2
1987	353	12	19	4	2
1987	354	12	20	5	3
1987	355	12	21	5	2
1987	356	12	22	5	1
1987	357	12	23	5	1
1987	358	12	24	5	8
1987	359	12	25	4	8
1987	360	12	26	3	7
1987	361	12	27	4	7
1987	362	12	28	6	7
1987	363	12	29	5	7
1987	364	12	30	5	6
1987	365	12	31	4	7
1988	1	1	1	4	8
1988	2	1	2	5	7
1988	3	1	3	7	8
1988	4	1	4	3	7
1988	5	1	5	7	7
1988	6	1	6	8	7
1988	7	1	7	1	7
1988	8	1	8	4	6
1988	9	1	9	4	6
1988	10	1	10	4	7
1988	11	1	11	4	7
1988	12	1	12	8	8
1988	13	1	13	7	8
1988	14	1	14	7	8
1988	15	1	15	4	8
1988	16	1	16	2	7
1988	17	1	17	2	6
1988	18	1	18	2	4
1988	19	1	19	1	2
1988	20	1	20	1	2
1988	21	1	21	1	3
1988	22	1	22	1	4
1988	23	1	23	2	4
1988	24	1	24	2	4
1988	25	1	25	3	3
1988	26	1	26	3	3
1988	27	1	27	2	3
1988	28	1	28	2	3
1988	29	1	29	2	1
1988	30	1	30	2	7
1988	31	1	31	2	4
1988	32	2	1	1	2
1988	33	2	2	1	2
1988	34	2	3	4	3
1988	35	2	4	4	8
1988	36	2	5	4	7
1988	37	2	6	5	5
1988	38	2	7	5	5
1988	39	2	8	5	5
1988	40	2	9	5	3
1988	41	2	10	6	4
1988	42	2	11	6	8
1988	43	2	12	5	6
1988	44	2	13	6	6
1988	45	2	14	6	6
1988	46	2	15	6	6
1988	47	2	16	6	7
1988	48	2	17	6	7
1988	49	2	18	7	7
1988	50	2	19	7	7
1988	51	2	20	7	7
1988	52	2	21	8	7
1988	53	2	22	8	7
1988	54	2	23	8	7
1988	55	2	24	1	6
1988	56	2	25	1	6
1988	57	2	26	1	6
1988	58	2	27	1	6
1988	59	2	28	1	5
1988	60	2	29	1	5
1988	61	3	1	2	5
1988	62	3	2	2	5
1988	63	3	3	2	5
1988	64	3	4	1	5
1988	65	3	5	8	5
1988	66	3	6	2	5
1988	67	3	7	3	5
1988	68	3	8	3	6
1988	69	3	9	3	5
1988	70	3	10	2	6
1988	71	3	11	2	6
1988	72	3	12	2	5
1988	73	3	13	2	5
1988	74	3	14	2	5
1988	75	3	15	2	5
1988	76	3	16	1	4
1988	77	3	17	2	4
1988	78	3	18	2	3
1988	79	3	19	2	3
1988	80	3	20	1	3
1988	81	3	21	1	3
1988	82	3	22	2	3
1988	83	3	23	3	3
1988	84	3	24	4	2
1988	85	3	25	4	3
1988	86	3	26	4	3
1988	87	3	27	5	3
1988	88	3	28	6	3
1988	89	3	29	7	3
1988	90	3	30	7	3
1988	91	3	31	7	3
1988	92	4	1	7	2
1988	93	4	2	8	2
1988	94	4	3	8	3
1988	95	4	4	8	4
1988	96	4	5	8	6
1988	97	4	6	8	6
1988	98	4	7	8	6
1988	99	4	8	8	6
1988	100	4	9	1	7
1988	101	4	10	1	8
1988	102	4	11	2	8
1988	103	4	12	2	8
1988	104	4	13	2	8
1988	105	4	14	4	7
1988	106	4	15	4	6
1988	107	4	16	4	7
1988	108	4	17	8	7
1988	109	4	18	8	7
1988	110	4	19	8	7
1988	111	4	20	8	6
1988	112	4	21	8	6
1988	113	4	22	8	6
1988	114	4	23	8	6
1988	115	4	24	2	6
1988	116	4	25	3	8
1988	117	4	26	2	8
1988	118	4	27	2	1
1988	119	4	28	2	2
1988	120	4	29	3	3
1988	121	4	30	4	3
1988	122	5	1	4	3
1988	123	5	2	4	2
1988	124	5	3	4	2
1988	125	5	4	4	2
1988	126	5	5	4	3
1988	127	5	6	3	2
1988	128	5	7	2	3
1988	129	5	8	1	3
1988	130	5	9	1	2
1988	131	5	10	1	2
1988	132	5	11	1	2
1988	133	5	12	2	2
1988	134	5	13	3	2
1988	135	5	14	3	2
1988	136	5	15	3	2
1988	137	5	16	3	2
1988	138	5	17	3	2
1988	139	5	18	3	2
1988	140	5	19	3	2
1988	141	5	20	3	2
1988	142	5	21	4	3
1988	143	5	22	5	4
1988	144	5	23	6	4
1988	145	5	24	6	3
1988	146	5	25	7	2
1988	147	5	26	7	2
1988	148	5	27	8	2
1988	149	5	28	8	2
1988	150	5	29	7	2
1988	151	5	30	7	2
1988	152	5	31	7	1
1988	153	6	1	7	1
1988	154	6	2	7	2
1988	155	6	3	6	8
1988	156	6	4	5	8
1988	157	6	5	5	2
1988	158	6	6	4	2
1988	159	6	7	4	8
1988	160	6	8	4	7
1988	161	6	9	5	6
1988	162	6	10	4	6
1988	163	6	11	4	6
1988	164	6	12	4	6
1988	165	6	13	6	6
1988	166	6	14	6	6
1988	167	6	15	6	5
1988	168	6	16	6	5
1988	169	6	17	5	6
1988	170	6	18	4	6
1988	171	6	19	4	7
1988	172	6	20	1	7
1988	173	6	21	8	7
1988	174	6	22	8	6
1988	175	6	23	8	6
1988	176	6	24	8	5
1988	177	6	25	8	6
1988	178	6	26	1	5
1988	179	6	27	2	6
1988	180	6	28	3	5
1988	181	6	29	2	5
1988	182	6	30	2	5
1988	183	7	1	2	6
1988	184	7	2	2	7
1988	185	7	3	2	8
1988	186	7	4	2	8
1988	187	7	5	1	8
1988	188	7	6	1	8
1988	189	7	7	1	8
1988	190	7	8	1	8
1988	191	7	9	3	8
1988	192	7	10	4	1
1988	193	7	11	4	8
1988	194	7	12	4	8
1988	195	7	13	4	7
1988	196	7	14	4	8
1988	197	7	15	4	8
1988	198	7	16	5	2
1988	199	7	17	5	3
1988	200	7	18	4	4
1988	201	7	19	3	5
1988	202	7	20	3	4
1988	203	7	21	3	4
1988	204	7	22	3	4
1988	205	7	23	2	5
1988	206	7	24	8	6
1988	207	7	25	8	8
1988	208	7	26	8	7
1988	209	7	27	8	8
1988	210	7	28	7	1
1988	211	7	29	7	2
1988	212	7	30	7	5
1988	213	7	31	6	5
1988	214	8	1	5	5
1988	215	8	2	4	5
1988	216	8	3	3	6
1988	217	8	4	2	1
1988	218	8	5	1	2
1988	219	8	6	1	3
1988	220	8	7	1	3
1988	221	8	8	8	3
1988	222	8	9	8	3
1988	223	8	10	1	4
1988	224	8	11	1	4
1988	225	8	12	2	4
1988	226	8	13	1	5
1988	227	8	14	2	5
1988	228	8	15	2	5
1988	229	8	16	3	5
1988	230	8	17	3	5
1988	231	8	18	3	5
1988	232	8	19	3	5
1988	233	8	20	3	5
1988	234	8	21	3	5
1988	235	8	22	3	6
1988	236	8	23	3	6
1988	237	8	24	2	6
1988	238	8	25	2	7
1988	239	8	26	2	7
1988	240	8	27	2	6
1988	241	8	28	2	6
1988	242	8	29	2	5
1988	243	8	30	2	5
1988	244	8	31	2	5
1988	245	9	1	2	5
1988	246	9	2	2	5
1988	247	9	3	2	5
1988	248	9	4	2	6
1988	249	9	5	2	6
1988	250	9	6	2	6
1988	251	9	7	3	6
1988	252	9	8	3	7
1988	253	9	9	2	8
1988	254	9	10	2	8
1988	255	9	11	1	8
1988	256	9	12	8	8
1988	257	9	13	8	1
1988	258	9	14	8	3
1988	259	9	15	4	4
1988	260	9	16	4	3
1988	261	9	17	4	2
1988	262	9	18	4	2
1988	263	9	19	4	2
1988	264	9	20	5	3
1988	265	9	21	5	3
1988	266	9	22	5	3
1988	267	9	23	5	3
1988	268	9	24	4	3
1988	269	9	25	4	3
1988	270	9	26	5	3
1988	271	9	27	6	3
1988	272	9	28	5	3
1988	273	9	29	5	3
1988	274	9	30	5	3
1988	275	10	1	5	3
1988	276	10	2	5	2
1988	277	10	3	6	2
1988	278	10	4	6	2
1988	279	10	5	6	3
1988	280	10	6	6	4
1988	281	10	7	6	4
1988	282	10	8	5	3
1988	283	10	9	5	3
1988	284	10	10	6	2
1988	285	10	11	6	1
1988	286	10	12	6	8
1988	287	10	13	5	6
1988	288	10	14	5	7
1988	289	10	15	5	8
1988	290	10	16	5	8
1988	291	10	17	5	1
1988	292	10	18	6	1
1988	293	10	19	6	8
1988	294	10	20	6	8
1988	295	10	21	6	8
1988	296	10	22	6	8
1988	297	10	23	6	8
1988	298	10	24	6	1
1988	299	10	25	6	3
1988	300	10	26	7	3
1988	301	10	27	7	2
1988	302	10	28	7	1
1988	303	10	29	6	6
1988	304	10	30	6	7
1988	305	10	31	6	8
1988	306	11	1	5	8
1988	307	11	2	5	8
1988	308	11	3	4	8
1988	309	11	4	4	1
1988	310	11	5	4	1
1988	311	11	6	5	1
1988	312	11	7	6	2
1988	313	11	8	6	2
1988	314	11	9	6	2
1988	315	11	10	5	3
1988	316	11	11	4	3
1988	317	11	12	3	3
1988	318	11	13	3	4
1988	319	11	14	3	4
1988	320	11	15	3	4
1988	321	11	16	3	4
1988	322	11	17	3	4
1988	323	11	18	3	4
1988	324	11	19	3	3
1988	325	11	20	8	2
1988	326	11	21	7	2
1988	327	11	22	7	2
1988	328	11	23	6	2
1988	329	11	24	6	2
1988	330	11	25	5	4
1988	331	11	26	5	4
1988	332	11	27	5	4
1988	333	11	28	7	4
1988	334	11	29	8	4
1988	335	11	30	6	5
1988	336	12	1	7	8
1988	337	12	2	6	8
1988	338	12	3	7	8
1988	339	12	4	7	8
1988	340	12	5	6	7
1988	341	12	6	6	8
1988	342	12	7	6	8
1988	343	12	8	6	1
1988	344	12	9	6	8
1988	345	12	10	6	8
1988	346	12	11	6	8
1988	347	12	12	7	8
1988	348	12	13	7	8
1988	349	12	14	7	7
1988	350	12	15	7	7
1988	351	12	16	4	7
1988	352	12	17	4	7
1988	353	12	18	5	7
1988	354	12	19	5	7
1988	355	12	20	5	7
1988	356	12	21	5	7
1988	357	12	22	6	8
1988	358	12	23	7	8
1988	359	12	24	7	8
1988	360	12	25	7	7
1988	361	12	26	7	7
1988	362	12	27	8	7
1988	363	12	28	1	6
1988	364	12	29	1	7
1988	365	12	30	1	8
1988	366	12	31	1	8
1989	1	1	1	1	7
1989	2	1	2	1	7
1989	3	1	3	1	7
1989	4	1	4	2	7
1989	5	1	5	1	8
1989	6	1	6	1	8
1989	7	1	7	2	8
1989	8	1	8	2	6
1989	9	1	9	1	5
1989	10	1	10	1	5
1989	11	1	11	1	6
1989	12	1	12	1	7
1989	13	1	13	2	7
1989	14	1	14	2	8
1989	15	1	15	2	8
1989	16	1	16	2	1
1989	17	1	17	2	1
1989	18	1	18	2	1
1989	19	1	19	3	1
1989	20	1	20	3	1
1989	21	1	21	3	2
1989	22	1	22	2	2
1989	23	1	23	3	2
1989	24	1	24	4	2
1989	25	1	25	5	2
1989	26	1	26	5	1
1989	27	1	27	5	1
1989	28	1	28	5	2
1989	29	1	29	4	1
1989	30	1	30	6	8
1989	31	1	31	5	8
1989	32	2	1	5	8
1989	33	2	2	6	7
1989	34	2	3	7	7
1989	35	2	4	7	8
1989	36	2	5	7	8
1989	37	2	6	7	1
1989	38	2	7	8	1
1989	39	2	8	8	1
1989	40	2	9	8	5
1989	41	2	10	8	5
1989	42	2	11	8	5
1989	43	2	12	8	5
1989	44	2	13	8	4
1989	45	2	14	8	1
1989	46	2	15	8	8
1989	47	2	16	4	8
1989	48	2	17	4	7
1989	49	2	18	3	6
1989	50	2	19	1	8
1989	51	2	20	1	8
1989	52	2	21	4	8
1989	53	2	22	4	1
1989	54	2	23	3	1
1989	55	2	24	3	2
1989	56	2	25	3	2
1989	57	2	26	3	2
1989	58	2	27	4	1
1989	59	2	28	6	1
1989	60	3	1	6	1
1989	61	3	2	6	1
1989	62	3	3	6	1
1989	63	3	4	6	1
1989	64	3	5	6	1
1989	65	3	6	7	4
1989	66	3	7	7	5
1989	67	3	8	6	5
1989	68	3	9	8	5
1989	69	3	10	5	2
1989	70	3	11	5	2
1989	71	3	12	5	4
1989	72	3	13	5	4
1989	73	3	14	6	4
1989	74	3	15	6	5
1989	75	3	16	6	5
1989	76	3	17	7	5
1989	77	3	18	7	5
1989	78	3	19	7	5
1989	79	3	20	7	4
1989	80	3	21	7	4
1989	81	3	22	7	4
1989	82	3	23	7	4
1989	83	3	24	7	5
1989	84	3	25	7	5
1989	85	3	26	8	4
1989	86	3	27	1	5
1989	87	3	28	2	5
1989	88	3	29	3	5
1989	89	3	30	3	6
1989	90	3	31	2	6
1989	91	4	1	2	5
1989	92	4	2	1	5
1989	93	4	3	1	5
1989	94	4	4	1	5
1989	95	4	5	1	4
1989	96	4	6	1	4
1989	97	4	7	1	4
1989	98	4	8	2	5
1989	99	4	9	3	5
1989	100	4	10	4	4
1989	101	4	11	4	3
1989	102	4	12	4	3
1989	103	4	13	4	2
1989	104	4	14	5	1
1989	105	4	15	5	7
1989	106	4	16	5	6
1989	107	4	17	4	7
1989	108	4	18	4	8
1989	109	4	19	5	8
1989	110	4	20	6	8
1989	111	4	21	7	8
1989	112	4	22	7	8
1989	113	4	23	7	7
1989	114	4	24	7	6
1989	115	4	25	7	6
1989	116	4	26	6	6
1989	117	4	27	6	6
1989	118	4	28	6	6
1989	119	4	29	6	6
1989	120	4	30	7	6
1989	121	5	1	8	5
1989	122	5	2	8	5
1989	123	5	3	8	6
1989	124	5	4	8	7
1989	125	5	5	8	5
1989	126	5	6	1	5
1989	127	5	7	2	6
1989	128	5	8	2	6
1989	129	5	9	2	5
1989	130	5	10	3	5
1989	131	5	11	3	5
1989	132	5	12	3	5
1989	133	5	13	3	5
1989	134	5	14	4	5
1989	135	5	15	4	1
1989	136	5	16	4	1
1989	137	5	17	5	2
1989	138	5	18	5	2
1989	139	5	19	5	2
1989	140	5	20	4	2
1989	141	5	21	4	3
1989	142	5	22	4	3
1989	143	5	23	4	4
1989	144	5	24	4	4
1989	145	5	25	4	4
1989	146	5	26	4	4
1989	147	5	27	4	5
1989	148	5	28	1	4
1989	149	5	29	1	4
1989	150	5	30	2	3
1989	151	5	31	2	2
1989	152	6	1	2	2
1989	153	6	2	2	2
1989	154	6	3	2	2
1989	155	6	4	2	3
1989	156	6	5	3	2
1989	157	6	6	5	8
1989	158	6	7	5	8
1989	159	6	8	5	4
1989	160	6	9	5	4
1989	161	6	10	5	4
1989	162	6	11	4	5
1989	163	6	12	3	5
1989	164	6	13	1	5
1989	165	6	14	1	5
1989	166	6	15	1	5
1989	167	6	16	8	5
1989	168	6	17	7	5
1989	169	6	18	6	5
1989	170	6	19	7	6
1989	171	6	20	6	7
1989	172	6	21	6	1
1989	173	6	22	7	2
1989	174	6	23	7	3
1989	175	6	24	7	6
1989	176	6	25	8	6
1989	177	6	26	2	7
1989	178	6	27	2	6
1989	179	6	28	2	6
1989	180	6	29	1	6
1989	181	6	30	2	6
1989	182	7	1	2	6
1989	183	7	2	2	7
1989	184	7	3	2	8
1989	185	7	4	2	8
1989	186	7	5	2	1
1989	187	7	6	2	2
1989	188	7	7	2	1
1989	189	7	8	2	1
1989	190	7	9	3	1
1989	191	7	10	3	1
1989	192	7	11	3	1
1989	193	7	12	3	1
1989	194	7	13	2	1
1989	195	7	14	3	1
1989	196	7	15	3	2
1989	197	7	16	4	2
1989	198	7	17	5	3
1989	199	7	18	5	3
1989	200	7	19	5	2
1989	201	7	20	5	2
1989	202	7	21	5	2
1989	203	7	22	6	3
1989	204	7	23	6	4
1989	205	7	24	7	6
1989	206	7	25	8	6
1989	207	7	26	8	5
1989	208	7	27	8	5
1989	209	7	28	8	8
1989	210	7	29	8	8
1989	211	7	30	8	4
1989	212	7	31	8	5
1989	213	8	1	8	4
1989	214	8	2	8	4
1989	215	8	3	8	4
1989	216	8	4	8	4
1989	217	8	5	8	4
1989	218	8	6	8	4
1989	219	8	7	6	6
1989	220	8	8	5	8
1989	221	8	9	4	1
1989	222	8	10	4	2
1989	223	8	11	3	3
1989	224	8	12	1	1
1989	225	8	13	1	1
1989	226	8	14	8	2
1989	227	8	15	1	3
1989	228	8	16	7	3
1989	229	8	17	6	4
1989	230	8	18	6	6
1989	231	8	19	6	6
1989	232	8	20	6	6
1989	233	8	21	6	4
1989	234	8	22	6	4
1989	235	8	23	6	4
1989	236	8	24	8	4
1989	237	8	25	8	4
1989	238	8	26	1	5
1989	239	8	27	3	5
1989	240	8	28	3	6
1989	241	8	29	3	6
1989	242	8	30	3	6
1989	243	8	31	3	7
1989	244	9	1	3	7
1989	245	9	2	2	7
1989	246	9	3	1	7
1989	247	9	4	8	7
1989	248	9	5	7	7
1989	249	9	6	7	8
1989	250	9	7	7	1
1989	251	9	8	7	1
1989	252	9	9	7	1
1989	253	9	10	7	4
1989	254	9	11	7	4
1989	255	9	12	6	5
1989	256	9	13	5	5
1989	257	9	14	4	3
1989	258	9	15	3	3
1989	259	9	16	3	3
1989	260	9	17	2	4
1989	261	9	18	2	5
1989	262	9	19	3	5
1989	263	9	20	3	5
1989	264	9	21	3	5
1989	265	9	22	3	6
1989	266	9	23	3	6
1989	267	9	24	3	6
1989	268	9	25	3	6
1989	269	9	26	4	6
1989	270	9	27	4	7
1989	271	9	28	4	7
1989	272	9	29	5	7
1989	273	9	30	6	7
1989	274	10	1	6	7
1989	275	10	2	6	1
1989	276	10	3	6	1
1989	277	10	4	6	1
1989	278	10	5	6	2
1989	279	10	6	6	3
1989	280	10	7	6	4
1989	281	10	8	4	5
1989	282	10	9	4	4
1989	283	10	10	4	1
1989	284	10	11	4	3
1989	285	10	12	4	3
1989	286	10	13	4	3
1989	287	10	14	3	3
1989	288	10	15	3	2
1989	289	10	16	4	8
1989	290	10	17	5	8
1989	291	10	18	7	8
1989	292	10	19	5	6
1989	293	10	20	5	5
1989	294	10	21	5	6
1989	295	10	22	4	7
1989	296	10	23	4	7
1989	297	10	24	7	8
1989	298	10	25	7	1
1989	299	10	26	7	1
1989	300	10	27	8	2
1989	301	10	28	8	5
1989	302	10	29	8	5
1989	303	10	30	2	7
1989	304	10	31	2	7
1989	305	11	1	3	6
1989	306	11	2	2	6
1989	307	11	3	8	7
1989	308	11	4	8	8
1989	309	11	5	1	1
1989	310	11	6	2	1
1989	311	11	7	2	8
1989	312	11	8	2	8
1989	313	11	9	2	8
1989	314	11	10	1	8
1989	315	11	11	2	8
1989	316	11	12	2	8
1989	317	11	13	1	8
1989	318	11	14	2	1
1989	319	11	15	8	1
1989	320	11	16	7	8
1989	321	11	17	6	7
1989	322	11	18	5	7
1989	323	11	19	5	6
1989	324	11	20	5	8
1989	325	11	21	5	8
1989	326	11	22	5	8
1989	327	11	23	6	6
1989	328	11	24	6	7
1989	329	11	25	7	7
1989	330	11	26	7	7
1989	331	11	27	8	7
1989	332	11	28	8	7
1989	333	11	29	8	7
1989	334	11	30	6	7
1989	335	12	1	7	7
1989	336	12	2	7	7
1989	337	12	3	7	7
1989	338	12	4	7	6
1989	339	12	5	7	6
1989	340	12	6	7	6
1989	341	12	7	7	6
1989	342	12	8	6	7
1989	343	12	9	6	7
1989	344	12	10	6	8
1989	345	12	11	7	8
1989	346	12	12	8	8
1989	347	12	13	8	8
1989	348	12	14	1	7
1989	349	12	15	1	6
1989	350	12	16	1	6
1989	351	12	17	1	7
1989	352	12	18	8	7
1989	353	12	19	7	7
1989	354	12	20	6	7
1989	355	12	21	6	7
1989	356	12	22	7	6
1989	357	12	23	8	6
1989	358	12	24	8	6
1989	359	12	25	8	5
1989	360	12	26	8	4
1989	361	12	27	8	4
1989	362	12	28	1	4
1989	363	12	29	1	5
1989	364	12	30	1	5
1989	365	12	31	8	5
1990	1	1	1	8	5
1990	2	1	2	1	4
1990	3	1	3	1	4
1990	4	1	4	2	4
1990	5	1	5	2	2
1990	6	1	6	3	2
1990	7	1	7	3	2
1990	8	1	8	3	2
1990	9	1	9	4	1
1990	10	1	10	3	2
1990	11	1	11	3	3
1990	12	1	12	3	1
1990	13	1	13	4	1
1990	14	1	14	3	1
1990	15	1	15	1	2
1990	16	1	16	8	2
1990	17	1	17	8	2
1990	18	1	18	4	1
1990	19	1	19	4	1
1990	20	1	20	4	1
1990	21	1	21	3	1
1990	22	1	22	3	2
1990	23	1	23	3	3
1990	24	1	24	4	4
1990	25	1	25	4	2
1990	26	1	26	4	1
1990	27	1	27	4	8
1990	28	1	28	4	8
1990	29	1	29	4	7
1990	30	1	30	1	6
1990	31	1	31	1	6
1990	32	2	1	2	5
1990	33	2	2	1	6
1990	34	2	3	1	7
1990	35	2	4	1	6
1990	36	2	5	1	6
1990	37	2	6	1	7
1990	38	2	7	1	7
1990	39	2	8	1	7
1990	40	2	9	1	7
1990	41	2	10	1	7
1990	42	2	11	2	7
1990	43	2	12	2	6
1990	44	2	13	1	6
1990	45	2	14	8	6
1990	46	2	15	8	5
1990	47	2	16	7	5
1990	48	2	17	7	5
1990	49	2	18	6	6
1990	50	2	19	7	1
1990	51	2	20	5	8
1990	52	2	21	6	6
1990	53	2	22	7	5
1990	54	2	23	8	4
1990	55	2	24	2	4
1990	56	2	25	3	4
1990	57	2	26	3	3
1990	58	2	27	3	3
1990	59	2	28	1	3
1990	60	3	1	8	3
1990	61	3	2	8	4
1990	62	3	3	8	4
1990	63	3	4	4	4
1990	64	3	5	4	4
1990	65	3	6	4	4
1990	66	3	7	4	4
1990	67	3	8	4	4
1990	68	3	9	4	2
1990	69	3	10	4	2
1990	70	3	11	5	1
1990	71	3	12	4	6
1990	72	3	13	4	4
1990	73	3	14	4	1
1990	74	3	15	4	4
1990	75	3	16	4	3
1990	76	3	17	3	8
1990	77	3	18	3	1
1990	78	3	19	4	5
1990	79	3	20	5	5
1990	80	3	21	6	5
1990	81	3	22	6	6
1990	82	3	23	5	6
1990	83	3	24	5	5
1990	84	3	25	7	4
1990	85	3	26	7	4
1990	86	3	27	7	6
1990	87	3	28	1	6
1990	88	3	29	2	5
1990	89	3	30	8	5
1990	90	3	31	1	6
1990	91	4	1	1	5
1990	92	4	2	1	5
1990	93	4	3	1	5
1990	94	4	4	2	5
1990	95	4	5	3	3
1990	96	4	6	3	1
1990	97	4	7	3	1
1990	98	4	8	3	2
1990	99	4	9	3	2
1990	100	4	10	2	3
1990	101	4	11	1	3
1990	102	4	12	2	2
1990	103	4	13	3	2
1990	104	4	14	3	3
1990	105	4	15	7	3
1990	106	4	16	7	3
1990	107	4	17	7	4
1990	108	4	18	7	4
1990	109	4	19	7	4
1990	110	4	20	7	4
1990	111	4	21	7	5
1990	112	4	22	7	5
1990	113	4	23	7	6
1990	114	4	24	6	7
1990	115	4	25	5	7
1990	116	4	26	8	7
1990	117	4	27	1	7
1990	118	4	28	1	7
1990	119	4	29	1	8
1990	120	4	30	1	8
1990	121	5	1	1	8
1990	122	5	2	8	8
1990	123	5	3	1	8
1990	124	5	4	3	8
1990	125	5	5	3	8
1990	126	5	6	3	8
1990	127	5	7	3	1
1990	128	5	8	3	1
1990	129	5	9	3	3
1990	130	5	10	3	2
1990	131	5	11	4	2
1990	132	5	12	4	2
1990	133	5	13	4	2
1990	134	5	14	4	3
1990	135	5	15	4	3
1990	136	5	16	4	3
1990	137	5	17	5	2
1990	138	5	18	5	2
1990	139	5	19	5	2
1990	140	5	20	5	3
1990	141	5	21	5	3
1990	142	5	22	5	3
1990	143	5	23	5	4
1990	144	5	24	5	3
1990	145	5	25	6	3
1990	146	5	26	7	3
1990	147	5	27	7	2
1990	148	5	28	7	2
1990	149	5	29	7	2
1990	150	5	30	7	3
1990	151	5	31	6	3
1990	152	6	1	5	3
1990	153	6	2	5	3
1990	154	6	3	4	3
1990	155	6	4	3	4
1990	156	6	5	2	4
1990	157	6	6	2	3
1990	158	6	7	2	3
1990	159	6	8	1	3
1990	160	6	9	5	2
1990	161	6	10	5	2
1990	162	6	11	5	1
1990	163	6	12	5	1
1990	164	6	13	5	1
1990	165	6	14	5	8
1990	166	6	15	5	8
1990	167	6	16	5	1
1990	168	6	17	5	8
1990	169	6	18	5	8
1990	170	6	19	5	8
1990	171	6	20	5	8
1990	172	6	21	5	1
1990	173	6	22	6	1
1990	174	6	23	6	6
1990	175	6	24	6	8
1990	176	6	25	6	7
1990	177	6	26	6	7
1990	178	6	27	6	6
1990	179	6	28	7	5
1990	180	6	29	8	6
1990	181	6	30	8	6
1990	182	7	1	8	6
1990	183	7	2	8	6
1990	184	7	3	8	6
1990	185	7	4	8	7
1990	186	7	5	2	7
1990	187	7	6	1	7
1990	188	7	7	1	7
1990	189	7	8	8	6
1990	190	7	9	8	5
1990	191	7	10	1	6
1990	192	7	11	1	6
1990	193	7	12	1	6
1990	194	7	13	1	7
1990	195	7	14	3	7
1990	196	7	15	3	7
1990	197	7	16	3	8
1990	198	7	17	3	8
1990	199	7	18	4	8
1990	200	7	19	5	8
1990	201	7	20	5	8
1990	202	7	21	6	1
1990	203	7	22	6	1
1990	204	7	23	8	1
1990	205	7	24	8	1
1990	206	7	25	8	8
1990	207	7	26	8	1
1990	208	7	27	8	1
1990	209	7	28	8	2
1990	210	7	29	8	2
1990	211	7	30	8	3
1990	212	7	31	8	3
1990	213	8	1	1	3
1990	214	8	2	1	4
1990	215	8	3	2	4
1990	216	8	4	2	4
1990	217	8	5	2	4
1990	218	8	6	2	4
1990	219	8	7	2	4
1990	220	8	8	2	4
1990	221	8	9	2	4
1990	222	8	10	3	6
1990	223	8	11	4	8
1990	224	8	12	4	8
1990	225	8	13	5	1
1990	226	8	14	5	1
1990	227	8	15	6	1
1990	228	8	16	6	1
1990	229	8	17	6	2
1990	230	8	18	7	3
1990	231	8	19	7	4
1990	232	8	20	7	4
1990	233	8	21	7	5
1990	234	8	22	6	6
1990	235	8	23	5	7
1990	236	8	24	6	7
1990	237	8	25	6	7
1990	238	8	26	6	8
1990	239	8	27	6	1
1990	240	8	28	7	3
1990	241	8	29	7	4
1990	242	8	30	8	4
1990	243	8	31	8	6
1990	244	9	1	8	7
1990	245	9	2	7	7
1990	246	9	3	4	7
1990	247	9	4	4	1
1990	248	9	5	5	1
1990	249	9	6	6	2
1990	250	9	7	7	4
1990	251	9	8	8	5
1990	252	9	9	4	6
1990	253	9	10	4	6
1990	254	9	11	4	6
1990	255	9	12	4	7
1990	256	9	13	4	8
1990	257	9	14	3	8
1990	258	9	15	1	1
1990	259	9	16	8	1
1990	260	9	17	1	2
1990	261	9	18	2	4
1990	262	9	19	3	4
1990	263	9	20	3	4
1990	264	9	21	2	4
1990	265	9	22	2	3
1990	266	9	23	2	5
1990	267	9	24	3	5
1990	268	9	25	3	5
1990	269	9	26	3	6
1990	270	9	27	3	6
1990	271	9	28	4	6
1990	272	9	29	4	5
1990	273	9	30	4	6
1990	274	10	1	5	7
1990	275	10	2	5	8
1990	276	10	3	5	8
1990	277	10	4	6	8
1990	278	10	5	6	5
1990	279	10	6	6	5
1990	280	10	7	6	5
1990	281	10	8	4	6
1990	282	10	9	3	6
1990	283	10	10	2	7
1990	284	10	11	1	8
1990	285	10	12	1	8
1990	286	10	13	1	8
1990	287	10	14	2	8
1990	288	10	15	1	8
1990	289	10	16	1	1
1990	290	10	17	1	1
1990	291	10	18	1	1
1990	292	10	19	1	2
1990	293	10	20	1	3
1990	294	10	21	1	4
1990	295	10	22	1	4
1990	296	10	23	1	4
1990	297	10	24	1	4
1990	298	10	25	2	4
1990	299	10	26	2	4
1990	300	10	27	2	4
1990	301	10	28	2	3
1990	302	10	29	2	3
1990	303	10	30	2	3
1990	304	10	31	2	3
1990	305	11	1	2	4
1990	306	11	2	2	4
1990	307	11	3	8	4
1990	308	11	4	6	4
1990	309	11	5	6	5
1990	310	11	6	6	5
1990	311	11	7	5	6
1990	312	11	8	5	6
1990	313	11	9	5	6
1990	314	11	10	5	6
1990	315	11	11	5	8
1990	316	11	12	5	8
1990	317	11	13	6	1
1990	318	11	14	6	8
1990	319	11	15	6	7
1990	320	11	16	6	8
1990	321	11	17	6	7
1990	322	11	18	6	7
1990	323	11	19	6	7
1990	324	11	20	7	7
1990	325	11	21	1	7
1990	326	11	22	1	8
1990	327	11	23	1	8
1990	328	11	24	8	8
1990	329	11	25	8	8
1990	330	11	26	8	1
1990	331	11	27	8	1
1990	332	11	28	8	2
1990	333	11	29	8	3
1990	334	11	30	8	7
1990	335	12	1	8	7
1990	336	12	2	1	8
1990	337	12	3	2	8
1990	338	12	4	2	8
1990	339	12	5	2	8
1990	340	12	6	1	7
1990	341	12	7	1	7
1990	342	12	8	2	7
1990	343	12	9	2	6
1990	344	12	10	2	5
1990	345	12	11	2	5
1990	346	12	12	2	5
1990	347	12	13	2	5
1990	348	12	14	2	3
1990	349	12	15	3	4
1990	350	12	16	3	4
1990	351	12	17	3	5
1990	352	12	18	8	5
1990	353	12	19	8	5
1990	354	12	20	8	8
1990	355	12	21	7	8
1990	356	12	22	8	8
1990	357	12	23	8	8
1990	358	12	24	1	6
1990	359	12	25	2	6
1990	360	12	26	2	6
1990	361	12	27	2	6
1990	362	12	28	1	6
1990	363	12	29	1	6
1990	364	12	30	8	6
1990	365	12	31	1	6
1991	1	1	1	1	5
1991	2	1	2	2	5
1991	3	1	3	2	5
1991	4	1	4	3	5
1991	5	1	5	2	5
1991	6	1	6	2	5
1991	7	1	7	2	6
1991	8	1	8	1	4
1991	9	1	9	8	4
1991	10	1	10	1	4
1991	11	1	11	1	4
1991	12	1	12	1	4
1991	13	1	13	1	4
1991	14	1	14	1	4
1991	15	1	15	2	2
1991	16	1	16	2	1
1991	17	1	17	2	1
1991	18	1	18	2	3
1991	19	1	19	1	2
1991	20	1	20	2	1
1991	21	1	21	2	3
1991	22	1	22	2	4
1991	23	1	23	1	2
1991	24	1	24	2	1
1991	25	1	25	3	1
1991	26	1	26	3	2
1991	27	1	27	2	2
1991	28	1	28	4	2
1991	29	1	29	4	2
1991	30	1	30	5	1
1991	31	1	31	5	1
1991	32	2	1	6	6
1991	33	2	2	5	5
1991	34	2	3	5	5
1991	35	2	4	4	5
1991	36	2	5	5	5
1991	37	2	6	4	5
1991	38	2	7	5	4
1991	39	2	8	5	4
1991	40	2	9	5	5
1991	41	2	10	4	4
1991	42	2	11	4	4
1991	43	2	12	4	3
1991	44	2	13	8	3
1991	45	2	14	8	3
1991	46	2	15	8	4
1991	47	2	16	7	5
1991	48	2	17	7	5
1991	49	2	18	7	6
1991	50	2	19	7	5
1991	51	2	20	2	6
1991	52	2	21	4	7
1991	53	2	22	4	7
1991	54	2	23	4	7
1991	55	2	24	3	8
1991	56	2	25	3	8
1991	57	2	26	3	8
1991	58	2	27	4	8
1991	59	2	28	4	7
1991	60	3	1	4	6
1991	61	3	2	4	6
1991	62	3	3	5	6
1991	63	3	4	6	7
1991	64	3	5	6	6
1991	65	3	6	5	6
1991	66	3	7	5	6
1991	67	3	8	5	6
1991	68	3	9	4	7
1991	69	3	10	5	7
1991	70	3	11	4	7
1991	71	3	12	4	8
1991	72	3	13	5	8
1991	73	3	14	5	5
1991	74	3	15	5	1
1991	75	3	16	5	8
1991	76	3	17	4	7
1991	77	3	18	6	7
1991	78	3	19	6	8
1991	79	3	20	5	1
1991	80	3	21	5	2
1991	81	3	22	6	2
1991	82	3	23	6	1
1991	83	3	24	8	1
1991	84	3	25	8	1
1991	85	3	26	1	1
1991	86	3	27	1	8
1991	87	3	28	2	1
1991	88	3	29	2	8
1991	89	3	30	2	1
1991	90	3	31	5	2
1991	91	4	1	3	2
1991	92	4	2	1	2
1991	93	4	3	1	8
1991	94	4	4	8	8
1991	95	4	5	7	2
1991	96	4	6	7	5
1991	97	4	7	7	4
1991	98	4	8	6	4
1991	99	4	9	5	4
1991	100	4	10	1	3
1991	101	4	11	1	3
1991	102	4	12	2	2
1991	103	4	13	3	8
1991	104	4	14	3	8
1991	105	4	15	3	1
1991	106	4	16	3	1
1991	107	4	17	3	1
1991	108	4	18	3	8
1991	109	4	19	3	2
1991	110	4	20	3	2
1991	111	4	21	4	2
1991	112	4	22	4	2
1991	113	4	23	4	1
1991	114	4	24	4	1
1991	115	4	25	4	2
1991	116	4	26	4	2
1991	117	4	27	4	3
1991	118	4	28	5	5
1991	119	4	29	7	5
1991	120	4	30	7	5
1991	121	5	1	6	6
1991	122	5	2	5	6
1991	123	5	3	5	6
1991	124	5	4	7	7
1991	125	5	5	8	7
1991	126	5	6	8	7
1991	127	5	7	7	7
1991	128	5	8	7	7
1991	129	5	9	7	7
1991	130	5	10	7	8
1991	131	5	11	8	8
1991	132	5	12	8	8
1991	133	5	13	8	8
1991	134	5	14	8	8
1991	135	5	15	1	7
1991	136	5	16	1	7
1991	137	5	17	2	6
1991	138	5	18	2	7
1991	139	5	19	2	7
1991	140	5	20	2	7
1991	141	5	21	2	7
1991	142	5	22	1	7
1991	143	5	23	1	7
1991	144	5	24	1	8
1991	145	5	25	1	8
1991	146	5	26	2	8
1991	147	5	27	2	2
1991	148	5	28	2	2
1991	149	5	29	2	2
1991	150	5	30	2	2
1991	151	5	31	2	2
1991	152	6	1	2	2
1991	153	6	2	3	2
1991	154	6	3	3	3
1991	155	6	4	3	3
1991	156	6	5	3	3
1991	157	6	6	3	3
1991	158	6	7	4	3
1991	159	6	8	5	3
1991	160	6	9	5	2
1991	161	6	10	5	1
1991	162	6	11	5	1
1991	163	6	12	5	1
1991	164	6	13	5	7
1991	165	6	14	6	7
1991	166	6	15	7	7
1991	167	6	16	7	5
1991	168	6	17	7	5
1991	169	6	18	7	5
1991	170	6	19	7	5
1991	171	6	20	7	5
1991	172	6	21	8	5
1991	173	6	22	8	5
1991	174	6	23	7	5
1991	175	6	24	7	5
1991	176	6	25	3	6
1991	177	6	26	3	6
1991	178	6	27	3	8
1991	179	6	28	3	8
1991	180	6	29	3	7
1991	181	6	30	3	6
1991	182	7	1	3	5
1991	183	7	2	3	5
1991	184	7	3	2	6
1991	185	7	4	3	6
1991	186	7	5	3	6
1991	187	7	6	4	7
1991	188	7	7	4	7
1991	189	7	8	4	8
1991	190	7	9	4	7
1991	191	7	10	5	1
1991	192	7	11	5	2
1991	193	7	12	5	4
1991	194	7	13	5	5
1991	195	7	14	5	5
1991	196	7	15	5	7
1991	197	7	16	5	7
1991	198	7	17	5	7
1991	199	7	18	5	8
1991	200	7	19	5	3
1991	201	7	20	5	3
1991	202	7	21	5	2
1991	203	7	22	5	2
1991	204	7	23	5	2
1991	205	7	24	6	3
1991	206	7	25	6	4
1991	207	7	26	6	4
1991	208	7	27	7	4
1991	209	7	28	7	5
1991	210	7	29	6	5
1991	211	7	30	3	5
1991	212	7	31	3	5
1991	213	8	1	2	3
1991	214	8	2	1	1
1991	215	8	3	1	6
1991	216	8	4	1	5
1991	217	8	5	8	5
1991	218	8	6	8	5
1991	219	8	7	8	5
1991	220	8	8	8	5
1991	221	8	9	7	6
1991	222	8	10	7	6
1991	223	8	11	7	6
1991	224	8	12	7	7
1991	225	8	13	6	3
1991	226	8	14	7	2
1991	227	8	15	6	2
1991	228	8	16	7	2
1991	229	8	17	7	2
1991	230	8	18	7	3
1991	231	8	19	7	3
1991	232	8	20	7	3
1991	233	8	21	7	3
1991	234	8	22	7	4
1991	235	8	23	7	4
1991	236	8	24	7	4
1991	237	8	25	7	3
1991	238	8	26	6	3
1991	239	8	27	6	3
1991	240	8	28	6	3
1991	241	8	29	5	4
1991	242	8	30	3	4
1991	243	8	31	4	4
1991	244	9	1	4	2
1991	245	9	2	5	1
1991	246	9	3	5	1
1991	247	9	4	5	1
1991	248	9	5	6	8
1991	249	9	6	7	8
1991	250	9	7	7	4
1991	251	9	8	6	5
1991	252	9	9	5	6
1991	253	9	10	5	7
1991	254	9	11	5	8
1991	255	9	12	5	1
1991	256	9	13	5	1
1991	257	9	14	5	1
1991	258	9	15	6	1
1991	259	9	16	7	2
1991	260	9	17	7	3
1991	261	9	18	8	4
1991	262	9	19	8	4
1991	263	9	20	4	4
1991	264	9	21	4	3
1991	265	9	22	8	2
1991	266	9	23	7	2
1991	267	9	24	7	3
1991	268	9	25	7	3
1991	269	9	26	8	4
1991	270	9	27	4	6
1991	271	9	28	5	7
1991	272	9	29	5	1
1991	273	9	30	6	4
1991	274	10	1	5	6
1991	275	10	2	5	8
1991	276	10	3	5	8
1991	277	10	4	7	8
1991	278	10	5	8	1
1991	279	10	6	8	1
1991	280	10	7	8	1
1991	281	10	8	8	2
1991	282	10	9	8	3
1991	283	10	10	8	3
1991	284	10	11	1	4
1991	285	10	12	1	4
1991	286	10	13	2	4
1991	287	10	14	2	5
1991	288	10	15	2	6
1991	289	10	16	2	7
1991	290	10	17	2	7
1991	291	10	18	2	8
1991	292	10	19	3	8
1991	293	10	20	3	8
1991	294	10	21	4	8
1991	295	10	22	4	1
1991	296	10	23	4	1
1991	297	10	24	5	1
1991	298	10	25	6	1
1991	299	10	26	7	2
1991	300	10	27	5	2
1991	301	10	28	4	3
1991	302	10	29	4	4
1991	303	10	30	7	4
1991	304	10	31	8	5
1991	305	11	1	8	5
1991	306	11	2	8	6
1991	307	11	3	8	7
1991	308	11	4	8	8
1991	309	11	5	8	1
1991	310	11	6	8	1
1991	311	11	7	8	1
1991	312	11	8	8	1
1991	313	11	9	8	1
1991	314	11	10	8	1
1991	315	11	11	8	1
1991	316	11	12	2	4
1991	317	11	13	3	5
1991	318	11	14	3	4
1991	319	11	15	2	3
1991	320	11	16	1	7
1991	321	11	17	1	6
1991	322	11	18	2	6
1991	323	11	19	2	6
1991	324	11	20	3	6
1991	325	11	21	2	7
1991	326	11	22	2	8
1991	327	11	23	3	8
1991	328	11	24	3	8
1991	329	11	25	3	8
1991	330	11	26	4	8
1991	331	11	27	5	1
1991	332	11	28	7	8
1991	333	11	29	7	2
1991	334	11	30	8	3
1991	335	12	1	8	4
1991	336	12	2	8	5
1991	337	12	3	1	8
1991	338	12	4	1	8
1991	339	12	5	1	8
1991	340	12	6	2	8
1991	341	12	7	2	8
1991	342	12	8	3	7
1991	343	12	9	3	7
1991	344	12	10	3	7
1991	345	12	11	3	7
1991	346	12	12	3	6
1991	347	12	13	3	7
1991	348	12	14	2	7
1991	349	12	15	2	8
1991	350	12	16	1	8
1991	351	12	17	1	8
1991	352	12	18	2	5
1991	353	12	19	2	4
1991	354	12	20	1	3
1991	355	12	21	1	2
1991	356	12	22	1	3
1991	357	12	23	2	2
1991	358	12	24	2	3
1991	359	12	25	3	4
1991	360	12	26	3	4
1991	361	12	27	2	4
1991	362	12	28	4	5
1991	363	12	29	4	4
1991	364	12	30	3	4
1991	365	12	31	3	4
1992	1	1	1	3	5
1992	2	1	2	3	6
1992	3	1	3	3	6
1992	4	1	4	3	6
1992	5	1	5	5	5
1992	6	1	6	5	5
1992	7	1	7	4	6
1992	8	1	8	5	6
1992	9	1	9	5	6
1992	10	1	10	6	7
1992	11	1	11	7	7
1992	12	1	12	6	7
1992	13	1	13	6	7
1992	14	1	14	7	7
1992	15	1	15	8	7
1992	16	1	16	8	7
1992	17	1	17	8	6
1992	18	1	18	2	6
1992	19	1	19	8	6
1992	20	1	20	8	6
1992	21	1	21	8	7
1992	22	1	22	8	6
1992	23	1	23	8	6
1992	24	1	24	8	5
1992	25	1	25	8	5
1992	26	1	26	8	5
1992	27	1	27	1	6
1992	28	1	28	2	6
1992	29	1	29	2	6
1992	30	1	30	2	5
1992	31	1	31	8	4
1992	32	2	1	5	4
1992	33	2	2	2	5
1992	34	2	3	2	5
1992	35	2	4	1	5
1992	36	2	5	1	5
1992	37	2	6	1	4
1992	38	2	7	2	4
1992	39	2	8	1	4
1992	40	2	9	1	4
1992	41	2	10	1	4
1992	42	2	11	1	4
1992	43	2	12	8	4
1992	44	2	13	2	4
1992	45	2	14	7	5
1992	46	2	15	7	4
1992	47	2	16	6	4
1992	48	2	17	5	4
1992	49	2	18	6	4
1992	50	2	19	6	4
1992	51	2	20	7	4
1992	52	2	21	4	4
1992	53	2	22	3	4
1992	54	2	23	3	4
1992	55	2	24	2	5
1992	56	2	25	4	5
1992	57	2	26	4	2
1992	58	2	27	4	2
1992	59	2	28	4	2
1992	60	2	29	4	1
1992	61	3	1	4	5
1992	62	3	2	7	5
1992	63	3	3	7	4
1992	64	3	4	6	4
1992	65	3	5	6	5
1992	66	3	6	5	5
1992	67	3	7	7	5
1992	68	3	8	7	7
1992	69	3	9	7	5
1992	70	3	10	1	5
1992	71	3	11	2	6
1992	72	3	12	2	6
1992	73	3	13	2	6
1992	74	3	14	2	7
1992	75	3	15	3	7
1992	76	3	16	4	5
1992	77	3	17	4	5
1992	78	3	18	4	6
1992	79	3	19	3	6
1992	80	3	20	3	6
1992	81	3	21	3	6
1992	82	3	22	3	7
1992	83	3	23	2	7
1992	84	3	24	3	6
1992	85	3	25	3	6
1992	86	3	26	3	6
1992	87	3	27	2	5
1992	88	3	28	2	4
1992	89	3	29	2	4
1992	90	3	30	3	4
1992	91	3	31	3	4
1992	92	4	1	3	3
1992	93	4	2	3	3
1992	94	4	3	7	3
1992	95	4	4	6	4
1992	96	4	5	7	4
1992	97	4	6	7	4
1992	98	4	7	7	3
1992	99	4	8	6	2
1992	100	4	9	5	2
1992	101	4	10	4	4
1992	102	4	11	5	4
1992	103	4	12	7	5
1992	104	4	13	7	5
1992	105	4	14	7	8
1992	106	4	15	7	1
1992	107	4	16	7	8
1992	108	4	17	7	7
1992	109	4	18	6	7
1992	110	4	19	8	6
1992	111	4	20	8	6
1992	112	4	21	7	7
1992	113	4	22	4	6
1992	114	4	23	3	7
1992	115	4	24	3	8
1992	116	4	25	3	7
1992	117	4	26	2	8
1992	118	4	27	2	8
1992	119	4	28	2	8
1992	120	4	29	2	7
1992	121	4	30	2	7
1992	122	5	1	3	8
1992	123	5	2	3	1
1992	124	5	3	3	1
1992	125	5	4	3	1
1992	126	5	5	2	1
1992	127	5	6	2	1
1992	128	5	7	3	1
1992	129	5	8	4	1
1992	130	5	9	4	1
1992	131	5	10	3	1
1992	132	5	11	2	1
1992	133	5	12	2	1
1992	134	5	13	2	1
1992	135	5	14	2	1
1992	136	5	15	3	1
1992	137	5	16	4	1
1992	138	5	17	5	4
1992	139	5	18	5	5
1992	140	5	19	6	5
1992	141	5	20	8	5
1992	142	5	21	8	6
1992	143	5	22	8	8
1992	144	5	23	8	1
1992	145	5	24	8	1
1992	146	5	25	8	2
1992	147	5	26	8	3
1992	148	5	27	8	2
1992	149	5	28	1	2
1992	150	5	29	8	7
1992	151	5	30	8	3
1992	152	5	31	8	3
1992	153	6	1	8	2
1992	154	6	2	1	2
1992	155	6	3	2	2
1992	156	6	4	2	2
1992	157	6	5	2	2
1992	158	6	6	2	2
1992	159	6	7	3	2
1992	160	6	8	3	2
1992	161	6	9	3	2
1992	162	6	10	3	2
1992	163	6	11	3	2
1992	164	6	12	3	2
1992	165	6	13	4	2
1992	166	6	14	4	3
1992	167	6	15	4	3
1992	168	6	16	4	3
1992	169	6	17	4	3
1992	170	6	18	4	3
1992	171	6	19	5	3
1992	172	6	20	5	3
1992	173	6	21	5	4
1992	174	6	22	5	5
1992	175	6	23	5	5
1992	176	6	24	5	6
1992	177	6	25	6	8
1992	178	6	26	6	4
1992	179	6	27	6	4
1992	180	6	28	6	4
1992	181	6	29	6	5
1992	182	6	30	5	5
1992	183	7	1	5	5
1992	184	7	2	3	5
1992	185	7	3	2	5
1992	186	7	4	2	6
1992	187	7	5	2	5
1992	188	7	6	2	5
1992	189	7	7	2	5
1992	190	7	8	3	5
1992	191	7	9	3	1
1992	192	7	10	3	1
1992	193	7	11	3	1
1992	194	7	12	4	1
1992	195	7	13	4	1
1992	196	7	14	4	1
1992	197	7	15	3	1
1992	198	7	16	4	1
1992	199	7	17	4	5
1992	200	7	18	4	5
1992	201	7	19	4	6
1992	202	7	20	4	8
1992	203	7	21	4	1
1992	204	7	22	5	1
1992	205	7	23	5	1
1992	206	7	24	5	1
1992	207	7	25	5	2
1992	208	7	26	5	2
1992	209	7	27	5	2
1992	210	7	28	4	2
1992	211	7	29	4	1
1992	212	7	30	4	1
1992	213	7	31	3	2
1992	214	8	1	3	2
1992	215	8	2	3	2
1992	216	8	3	2	2
1992	217	8	4	2	2
1992	218	8	5	2	1
1992	219	8	6	1	1
1992	220	8	7	8	8
1992	221	8	8	5	8
1992	222	8	9	5	8
1992	223	8	10	5	8
1992	224	8	11	6	8
1992	225	8	12	6	7
1992	226	8	13	6	1
1992	227	8	14	6	3
1992	228	8	15	7	3
1992	229	8	16	7	3
1992	230	8	17	7	3
1992	231	8	18	7	4
1992	232	8	19	7	4
1992	233	8	20	6	4
1992	234	8	21	6	4
1992	235	8	22	5	3
1992	236	8	23	5	2
1992	237	8	24	5	1
1992	238	8	25	6	1
1992	239	8	26	6	1
1992	240	8	27	6	2
1992	241	8	28	7	2
1992	242	8	29	7	3
1992	243	8	30	7	3
1992	244	8	31	7	3
1992	245	9	1	7	3
1992	246	9	2	7	3
1992	247	9	3	6	3
1992	248	9	4	7	4
1992	249	9	5	7	4
1992	250	9	6	7	4
1992	251	9	7	7	5
1992	252	9	8	7	5
1992	253	9	9	8	5
1992	254	9	10	8	6
1992	255	9	11	8	6
1992	256	9	12	8	6
1992	257	9	13	8	6
1992	258	9	14	8	7
1992	259	9	15	7	7
1992	260	9	16	6	7
1992	261	9	17	5	7
1992	262	9	18	5	8
1992	263	9	19	5	8
1992	264	9	20	5	3
1992	265	9	21	8	3
1992	266	9	22	1	4
1992	267	9	23	1	3
1992	268	9	24	2	1
1992	269	9	25	2	1
1992	270	9	26	2	2
1992	271	9	27	2	2
1992	272	9	28	2	1
1992	273	9	29	2	1
1992	274	9	30	2	1
1992	275	10	1	3	1
1992	276	10	2	2	8
1992	277	10	3	2	8
1992	278	10	4	2	1
1992	279	10	5	2	2
1992	280	10	6	2	3
1992	281	10	7	2	2
1992	282	10	8	3	2
1992	283	10	9	4	2
1992	284	10	10	4	2
1992	285	10	11	5	2
1992	286	10	12	7	2
1992	287	10	13	7	2
1992	288	10	14	7	3
1992	289	10	15	7	3
1992	290	10	16	6	4
1992	291	10	17	5	4
1992	292	10	18	5	2
1992	293	10	19	6	1
1992	294	10	20	6	8
1992	295	10	21	6	7
1992	296	10	22	6	8
1992	297	10	23	6	1
1992	298	10	24	6	7
1992	299	10	25	5	7
1992	300	10	26	5	7
1992	301	10	27	5	7
1992	302	10	28	5	8
1992	303	10	29	5	7
1992	304	10	30	5	7
1992	305	10	31	5	7
1992	306	11	1	5	8
1992	307	11	2	7	8
1992	308	11	3	8	8
1992	309	11	4	8	8
1992	310	11	5	8	1
1992	311	11	6	8	3
1992	312	11	7	8	4
1992	313	11	8	1	5
1992	314	11	9	2	7
1992	315	11	10	2	7
1992	316	11	11	3	8
1992	317	11	12	2	8
1992	318	11	13	3	1
1992	319	11	14	3	1
1992	320	11	15	2	1
1992	321	11	16	3	1
1992	322	11	17	3	1
1992	323	11	18	7	1
1992	324	11	19	7	8
1992	325	11	20	7	7
1992	326	11	21	8	5
1992	327	11	22	7	7
1992	328	11	23	7	8
1992	329	11	24	7	8
1992	330	11	25	7	8
1992	331	11	26	7	8
1992	332	11	27	8	1
1992	333	11	28	1	1
1992	334	11	29	1	4
1992	335	11	30	1	4
1992	336	12	1	2	4
1992	337	12	2	2	4
1992	338	12	3	2	3
1992	339	12	4	2	2
1992	340	12	5	2	1
1992	341	12	6	2	1
1992	342	12	7	2	7
1992	343	12	8	3	7
1992	344	12	9	1	6
1992	345	12	10	1	6
1992	346	12	11	2	6
1992	347	12	12	3	6
1992	348	12	13	3	6
1992	349	12	14	4	5
1992	350	12	15	3	6
1992	351	12	16	2	6
1992	352	12	17	3	6
1992	353	12	18	3	6
1992	354	12	19	3	6
1992	355	12	20	3	6
1992	356	12	21	3	6
1992	357	12	22	3	6
1992	358	12	23	3	6
1992	359	12	24	3	6
1992	360	12	25	3	6
1992	361	12	26	1	6
1992	362	12	27	2	6
1992	363	12	28	1	6
1992	364	12	29	1	6
1992	365	12	30	1	6
1992	366	12	31	8	6
1993	1	1	1	8	7
1993	2	1	2	1	7
1993	3	1	3	1	7
1993	4	1	4	1	6
1993	5	1	5	1	6
1993	6	1	6	1	7
1993	7	1	7	3	7
1993	8	1	8	3	6
1993	9	1	9	1	7
1993	10	1	10	1	6
1993	11	1	11	1	6
1993	12	1	12	1	6
1993	13	1	13	2	5
1993	14	1	14	2	4
1993	15	1	15	2	4
1993	16	1	16	2	4
1993	17	1	17	2	3
1993	18	1	18	2	3
1993	19	1	19	2	3
1993	20	1	20	2	3
1993	21	1	21	3	3
1993	22	1	22	2	3
1993	23	1	23	6	2
1993	24	1	24	7	3
1993	25	1	25	7	4
1993	26	1	26	7	5
1993	27	1	27	6	8
1993	28	1	28	6	7
1993	29	1	29	5	8
1993	30	1	30	5	7
1993	31	1	31	5	7
1993	32	2	1	6	7
1993	33	2	2	8	7
1993	34	2	3	2	7
1993	35	2	4	3	7
1993	36	2	5	5	7
1993	37	2	6	5	7
1993	38	2	7	5	6
1993	39	2	8	4	5
1993	40	2	9	5	5
1993	41	2	10	8	5
1993	42	2	11	8	7
1993	43	2	12	5	7
1993	44	2	13	6	7
1993	45	2	14	6	7
1993	46	2	15	6	6
1993	47	2	16	6	5
1993	48	2	17	5	5
1993	49	2	18	6	5
1993	50	2	19	7	5
1993	51	2	20	7	4
1993	52	2	21	6	5
1993	53	2	22	5	5
1993	54	2	23	5	5
1993	55	2	24	5	5
1993	56	2	25	4	5
1993	57	2	26	4	4
1993	58	2	27	4	4
1993	59	2	28	4	5
1993	60	3	1	4	5
1993	61	3	2	4	6
1993	62	3	3	6	7
1993	63	3	4	7	8
1993	64	3	5	7	1
1993	65	3	6	7	8
1993	66	3	7	1	8
1993	67	3	8	1	6
1993	68	3	9	1	1
1993	69	3	10	2	1
1993	70	3	11	1	2
1993	71	3	12	8	3
1993	72	3	13	5	4
1993	73	3	14	5	3
1993	74	3	15	7	3
1993	75	3	16	7	3
1993	76	3	17	7	3
1993	77	3	18	7	3
1993	78	3	19	7	4
1993	79	3	20	7	5
1993	80	3	21	2	6
1993	81	3	22	3	6
1993	82	3	23	4	6
1993	83	3	24	4	6
1993	84	3	25	4	5
1993	85	3	26	5	5
1993	86	3	27	5	4
1993	87	3	28	5	4
1993	88	3	29	5	4
1993	89	3	30	6	1
1993	90	3	31	7	4
1993	91	4	1	7	5
1993	92	4	2	6	4
1993	93	4	3	6	1
1993	94	4	4	7	3
1993	95	4	5	7	4
1993	96	4	6	6	3
1993	97	4	7	4	2
1993	98	4	8	4	8
1993	99	4	9	4	8
1993	100	4	10	5	7
1993	101	4	11	5	7
1993	102	4	12	5	6
1993	103	4	13	4	8
1993	104	4	14	4	8
1993	105	4	15	4	7
1993	106	4	16	7	5
1993	107	4	17	6	5
1993	108	4	18	6	6
1993	109	4	19	7	6
1993	110	4	20	1	8
1993	111	4	21	1	1
1993	112	4	22	3	8
1993	113	4	23	3	7
1993	114	4	24	4	6
1993	115	4	25	3	7
1993	116	4	26	3	7
1993	117	4	27	3	7
1993	118	4	28	3	6
1993	119	4	29	3	5
1993	120	4	30	3	5
1993	121	5	1	2	6
1993	122	5	2	3	6
1993	123	5	3	3	5
1993	124	5	4	1	1
1993	125	5	5	1	1
1993	126	5	6	1	7
1993	127	5	7	1	6
1993	128	5	8	8	7
1993	129	5	9	1	7
1993	130	5	10	2	7
1993	131	5	11	4	7
1993	132	5	12	4	7
1993	133	5	13	3	7
1993	134	5	14	2	7
1993	135	5	15	1	8
1993	136	5	16	1	1
1993	137	5	17	1	8
1993	138	5	18	1	1
1993	139	5	19	1	1
1993	140	5	20	2	1
1993	141	5	21	2	1
1993	142	5	22	2	1
1993	143	5	23	2	2
1993	144	5	24	2	3
1993	145	5	25	2	3
1993	146	5	26	2	3
1993	147	5	27	1	4
1993	148	5	28	1	4
1993	149	5	29	1	4
1993	150	5	30	1	4
1993	151	5	31	1	3
1993	152	6	1	1	3
1993	153	6	2	1	3
1993	154	6	3	2	3
1993	155	6	4	2	3
1993	156	6	5	1	3
1993	157	6	6	1	3
1993	158	6	7	2	3
1993	159	6	8	2	3
1993	160	6	9	3	4
1993	161	6	10	4	4
1993	162	6	11	5	4
1993	163	6	12	6	6
1993	164	6	13	5	7
1993	165	6	14	5	6
1993	166	6	15	5	6
1993	167	6	16	5	6
1993	168	6	17	5	6
1993	169	6	18	6	6
1993	170	6	19	7	6
1993	171	6	20	7	7
1993	172	6	21	6	7
1993	173	6	22	5	7
1993	174	6	23	5	6
1993	175	6	24	6	6
1993	176	6	25	5	5
1993	177	6	26	4	2
1993	178	6	27	4	2
1993	179	6	28	3	2
1993	180	6	29	3	4
1993	181	6	30	3	4
1993	182	7	1	3	3
1993	183	7	2	3	2
1993	184	7	3	3	2
1993	185	7	4	3	1
1993	186	7	5	4	2
1993	187	7	6	4	3
1993	188	7	7	4	4
1993	189	7	8	5	5
1993	190	7	9	6	1
1993	191	7	10	6	1
1993	192	7	11	6	8
1993	193	7	12	5	5
1993	194	7	13	4	5
1993	195	7	14	4	5
1993	196	7	15	4	2
1993	197	7	16	2	2
1993	198	7	17	2	8
1993	199	7	18	2	1
1993	200	7	19	1	3
1993	201	7	20	1	2
1993	202	7	21	8	2
1993	203	7	22	7	2
1993	204	7	23	7	2
1993	205	7	24	7	2
1993	206	7	25	6	2
1993	207	7	26	6	2
1993	208	7	27	6	3
1993	209	7	28	6	3
1993	210	7	29	5	3
1993	211	7	30	5	3
1993	212	7	31	4	4
1993	213	8	1	4	4
1993	214	8	2	4	5
1993	215	8	3	4	7
1993	216	8	4	5	8
1993	217	8	5	5	1
1993	218	8	6	6	8
1993	219	8	7	7	8
1993	220	8	8	7	4
1993	221	8	9	7	5
1993	222	8	10	7	5
1993	223	8	11	7	5
1993	224	8	12	6	5
1993	225	8	13	6	5
1993	226	8	14	5	5
1993	227	8	15	5	5
1993	228	8	16	4	5
1993	229	8	17	5	6
1993	230	8	18	5	7
1993	231	8	19	6	7
1993	232	8	20	6	7
1993	233	8	21	6	7
1993	234	8	22	7	8
1993	235	8	23	7	8
1993	236	8	24	8	1
1993	237	8	25	8	2
1993	238	8	26	8	3
1993	239	8	27	4	3
1993	240	8	28	4	2
1993	241	8	29	4	2
1993	242	8	30	3	2
1993	243	8	31	4	2
1993	244	9	1	4	3
1993	245	9	2	3	4
1993	246	9	3	3	4
1993	247	9	4	4	4
1993	248	9	5	5	4
1993	249	9	6	5	4
1993	250	9	7	5	4
1993	251	9	8	5	4
1993	252	9	9	5	5
1993	253	9	10	4	5
1993	254	9	11	5	6
1993	255	9	12	5	6
1993	256	9	13	5	1
1993	257	9	14	5	7
1993	258	9	15	5	7
1993	259	9	16	5	6
1993	260	9	17	4	7
1993	261	9	18	4	8
1993	262	9	19	4	8
1993	263	9	20	4	8
1993	264	9	21	5	8
1993	265	9	22	6	8
1993	266	9	23	6	8
1993	267	9	24	7	1
1993	268	9	25	8	1
1993	269	9	26	8	3
1993	270	9	27	8	4
1993	271	9	28	5	1
1993	272	9	29	7	1
1993	273	9	30	7	1
1993	274	10	1	6	1
1993	275	10	2	6	2
1993	276	10	3	6	2
1993	277	10	4	6	2
1993	278	10	5	7	2
1993	279	10	6	7	3
1993	280	10	7	8	3
1993	281	10	8	6	4
1993	282	10	9	6	3
1993	283	10	10	3	3
1993	284	10	11	2	3
1993	285	10	12	2	2
1993	286	10	13	3	2
1993	287	10	14	3	2
1993	288	10	15	2	2
1993	289	10	16	2	1
1993	290	10	17	2	8
1993	291	10	18	4	7
1993	292	10	19	6	7
1993	293	10	20	7	7
1993	294	10	21	7	8
1993	295	10	22	7	8
1993	296	10	23	7	7
1993	297	10	24	7	7
1993	298	10	25	7	7
1993	299	10	26	8	7
1993	300	10	27	8	7
1993	301	10	28	8	8
1993	302	10	29	1	8
1993	303	10	30	1	8
1993	304	10	31	1	8
1993	305	11	1	1	8
1993	306	11	2	1	1
1993	307	11	3	1	2
1993	308	11	4	2	2
1993	309	11	5	2	2
1993	310	11	6	2	2
1993	311	11	7	1	2
1993	312	11	8	1	2
1993	313	11	9	1	2
1993	314	11	10	1	2
1993	315	11	11	1	3
1993	316	11	12	8	3
1993	317	11	13	8	4
1993	318	11	14	7	6
1993	319	11	15	7	5
1993	320	11	16	7	5
1993	321	11	17	7	4
1993	322	11	18	7	1
1993	323	11	19	7	1
1993	324	11	20	7	1
1993	325	11	21	4	1
1993	326	11	22	3	1
1993	327	11	23	3	2
1993	328	11	24	3	2
1993	329	11	25	3	2
1993	330	11	26	3	2
1993	331	11	27	3	2
1993	332	11	28	4	1
1993	333	11	29	3	1
1993	334	11	30	3	1
1993	335	12	1	4	1
1993	336	12	2	4	1
1993	337	12	3	4	2
1993	338	12	4	5	3
1993	339	12	5	5	2
1993	340	12	6	5	2
1993	341	12	7	6	2
1993	342	12	8	6	2
1993	343	12	9	5	2
1993	344	12	10	5	1
1993	345	12	11	5	3
1993	346	12	12	7	2
1993	347	12	13	6	1
1993	348	12	14	5	3
1993	349	12	15	4	1
1993	350	12	16	4	1
1993	351	12	17	4	8
1993	352	12	18	4	1
1993	353	12	19	5	2
1993	354	12	20	7	2
1993	355	12	21	4	2
1993	356	12	22	4	6
1993	357	12	23	4	7
1993	358	12	24	4	8
1993	359	12	25	4	8
1993	360	12	26	5	8
1993	361	12	27	5	4
1993	362	12	28	5	4
1993	363	12	29	6	1
1993	364	12	30	6	8
1993	365	12	31	6	6
1994	1	1	1	8	6
1994	2	1	2	1	7
1994	3	1	3	1	7
1994	4	1	4	8	7
1994	5	1	5	8	7
1994	6	1	6	1	7
1994	7	1	7	1	6
1994	8	1	8	8	6
1994	9	1	9	8	5
1994	10	1	10	8	5
1994	11	1	11	8	5
1994	12	1	12	8	5
1994	13	1	13	8	4
1994	14	1	14	8	4
1994	15	1	15	8	4
1994	16	1	16	8	8
1994	17	1	17	4	8
1994	18	1	18	4	7
1994	19	1	19	3	6
1994	20	1	20	2	8
1994	21	1	21	1	4
1994	22	1	22	2	6
1994	23	1	23	2	7
1994	24	1	24	3	8
1994	25	1	25	4	8
1994	26	1	26	3	1
1994	27	1	27	1	8
1994	28	1	28	1	5
1994	29	1	29	7	4
1994	30	1	30	8	2
1994	31	1	31	2	1
1994	32	2	1	2	6
1994	33	2	2	2	6
1994	34	2	3	2	5
1994	35	2	4	2	5
1994	36	2	5	2	5
1994	37	2	6	1	4
1994	38	2	7	1	4
1994	39	2	8	1	4
1994	40	2	9	3	4
1994	41	2	10	3	4
1994	42	2	11	2	4
1994	43	2	12	2	4
1994	44	2	13	3	4
1994	45	2	14	3	4
1994	46	2	15	3	4
1994	47	2	16	3	4
1994	48	2	17	8	3
1994	49	2	18	7	2
1994	50	2	19	7	2
1994	51	2	20	7	3
1994	52	2	21	7	4
1994	53	2	22	5	5
1994	54	2	23	5	5
1994	55	2	24	7	5
1994	56	2	25	8	4
1994	57	2	26	8	4
1994	58	2	27	8	2
1994	59	2	28	1	1
1994	60	3	1	1	2
1994	61	3	2	1	3
1994	62	3	3	1	2
1994	63	3	4	1	3
1994	64	3	5	8	2
1994	65	3	6	8	1
1994	66	3	7	8	3
1994	67	3	8	8	2
1994	68	3	9	1	8
1994	69	3	10	2	5
1994	70	3	11	3	6
1994	71	3	12	3	5
1994	72	3	13	4	4
1994	73	3	14	3	4
1994	74	3	15	2	3
1994	75	3	16	2	2
1994	76	3	17	2	3
1994	77	3	18	2	3
1994	78	3	19	8	3
1994	79	3	20	8	3
1994	80	3	21	5	3
1994	81	3	22	7	3
1994	82	3	23	5	3
1994	83	3	24	4	5
1994	84	3	25	4	5
1994	85	3	26	4	7
1994	86	3	27	4	7
1994	87	3	28	4	7
1994	88	3	29	4	7
1994	89	3	30	5	7
1994	90	3	31	6	7
1994	91	4	1	5	7
1994	92	4	2	5	7
1994	93	4	3	5	7
1994	94	4	4	6	8
1994	95	4	5	7	8
1994	96	4	6	7	8
1994	97	4	7	7	3
1994	98	4	8	7	4
1994	99	4	9	7	4
1994	100	4	10	8	2
1994	101	4	11	8	1
1994	102	4	12	3	7
1994	103	4	13	3	7
1994	104	4	14	3	7
1994	105	4	15	3	8
1994	106	4	16	2	8
1994	107	4	17	4	8
1994	108	4	18	5	7
1994	109	4	19	5	6
1994	110	4	20	6	6
1994	111	4	21	7	6
1994	112	4	22	7	7
1994	113	4	23	1	7
1994	114	4	24	2	6
1994	115	4	25	1	6
1994	116	4	26	1	5
1994	117	4	27	2	2
1994	118	4	28	2	4
1994	119	4	29	2	4
1994	120	4	30	1	3
1994	121	5	1	5	2
1994	122	5	2	6	6
1994	123	5	3	7	6
1994	124	5	4	6	6
1994	125	5	5	5	6
1994	126	5	6	5	7
1994	127	5	7	5	8
1994	128	5	8	5	8
1994	129	5	9	5	8
1994	130	5	10	6	7
1994	131	5	11	6	7
1994	132	5	12	6	7
1994	133	5	13	7	8
1994	134	5	14	7	8
1994	135	5	15	7	7
1994	136	5	16	7	7
1994	137	5	17	7	7
1994	138	5	18	5	7
1994	139	5	19	3	8
1994	140	5	20	2	8
1994	141	5	21	1	8
1994	142	5	22	8	8
1994	143	5	23	8	1
1994	144	5	24	8	1
1994	145	5	25	8	2
1994	146	5	26	1	2
1994	147	5	27	1	2
1994	148	5	28	1	2
1994	149	5	29	1	2
1994	150	5	30	1	4
1994	151	5	31	8	4
1994	152	6	1	8	4
1994	153	6	2	7	4
1994	154	6	3	6	3
1994	155	6	4	4	3
1994	156	6	5	4	3
1994	157	6	6	3	3
1994	158	6	7	4	3
1994	159	6	8	4	4
1994	160	6	9	3	4
1994	161	6	10	4	4
1994	162	6	11	4	5
1994	163	6	12	4	5
1994	164	6	13	4	5
1994	165	6	14	4	5
1994	166	6	15	5	5
1994	167	6	16	5	5
1994	168	6	17	6	5
1994	169	6	18	5	5
1994	170	6	19	5	6
1994	171	6	20	5	6
1994	172	6	21	5	7
1994	173	6	22	5	7
1994	174	6	23	5	6
1994	175	6	24	5	6
1994	176	6	25	5	6
1994	177	6	26	4	6
1994	178	6	27	4	7
1994	179	6	28	4	8
1994	180	6	29	4	1
1994	181	6	30	4	1
1994	182	7	1	4	1
1994	183	7	2	4	1
1994	184	7	3	4	1
1994	185	7	4	5	8
1994	186	7	5	5	8
1994	187	7	6	6	8
1994	188	7	7	6	8
1994	189	7	8	6	1
1994	190	7	9	6	2
1994	191	7	10	6	4
1994	192	7	11	6	5
1994	193	7	12	6	5
1994	194	7	13	6	6
1994	195	7	14	6	7
1994	196	7	15	7	8
1994	197	7	16	7	8
1994	198	7	17	7	6
1994	199	7	18	8	4
1994	200	7	19	8	4
1994	201	7	20	8	4
1994	202	7	21	8	4
1994	203	7	22	8	5
1994	204	7	23	8	5
1994	205	7	24	8	6
1994	206	7	25	7	7
1994	207	7	26	7	1
1994	208	7	27	7	2
1994	209	7	28	7	3
1994	210	7	29	7	3
1994	211	7	30	6	3
1994	212	7	31	5	3
1994	213	8	1	5	2
1994	214	8	2	6	2
1994	215	8	3	6	3
1994	216	8	4	8	4
1994	217	8	5	8	4
1994	218	8	6	1	4
1994	219	8	7	1	4
1994	220	8	8	1	4
1994	221	8	9	1	5
1994	222	8	10	1	6
1994	223	8	11	1	7
1994	224	8	12	1	6
1994	225	8	13	1	7
1994	226	8	14	8	7
1994	227	8	15	8	7
1994	228	8	16	8	7
1994	229	8	17	8	7
1994	230	8	18	8	8
1994	231	8	19	8	3
1994	232	8	20	8	4
1994	233	8	21	2	5
1994	234	8	22	3	6
1994	235	8	23	4	6
1994	236	8	24	4	6
1994	237	8	25	4	5
1994	238	8	26	4	5
1994	239	8	27	5	6
1994	240	8	28	5	7
1994	241	8	29	5	8
1994	242	8	30	5	8
1994	243	8	31	5	4
1994	244	9	1	5	5
1994	245	9	2	5	6
1994	246	9	3	5	6
1994	247	9	4	5	6
1994	248	9	5	5	6
1994	249	9	6	5	6
1994	250	9	7	5	7
1994	251	9	8	5	7
1994	252	9	9	5	7
1994	253	9	10	5	7
1994	254	9	11	5	7
1994	255	9	12	5	8
1994	256	9	13	6	8
1994	257	9	14	6	8
1994	258	9	15	7	8
1994	259	9	16	7	8
1994	260	9	17	7	7
1994	261	9	18	7	6
1994	262	9	19	6	7
1994	263	9	20	7	7
1994	264	9	21	7	7
1994	265	9	22	8	8
1994	266	9	23	8	8
1994	267	9	24	8	8
1994	268	9	25	8	8
1994	269	9	26	8	1
1994	270	9	27	8	3
1994	271	9	28	1	6
1994	272	9	29	1	6
1994	273	9	30	1	7
1994	274	10	1	1	7
1994	275	10	2	1	7
1994	276	10	3	2	6
1994	277	10	4	2	7
1994	278	10	5	3	7
1994	279	10	6	3	8
1994	280	10	7	2	1
1994	281	10	8	1	1
1994	282	10	9	1	1
1994	283	10	10	1	3
1994	284	10	11	1	6
1994	285	10	12	2	6
1994	286	10	13	2	7
1994	287	10	14	2	7
1994	288	10	15	2	7
1994	289	10	16	3	7
1994	290	10	17	3	7
1994	291	10	18	2	8
1994	292	10	19	1	8
1994	293	10	20	2	8
1994	294	10	21	1	8
1994	295	10	22	8	1
1994	296	10	23	8	1
1994	297	10	24	7	1
1994	298	10	25	8	1
1994	299	10	26	8	2
1994	300	10	27	8	2
1994	301	10	28	8	3
1994	302	10	29	8	3
1994	303	10	30	1	4
1994	304	10	31	1	5
1994	305	11	1	1	7
1994	306	11	2	2	8
1994	307	11	3	2	8
1994	308	11	4	1	8
1994	309	11	5	1	8
1994	310	11	6	1	7
1994	311	11	7	1	7
1994	312	11	8	2	8
1994	313	11	9	2	7
1994	314	11	10	2	7
1994	315	11	11	2	7
1994	316	11	12	2	8
1994	317	11	13	3	1
1994	318	11	14	2	1
1994	319	11	15	2	1
1994	320	11	16	2	1
1994	321	11	17	2	1
1994	322	11	18	2	8
1994	323	11	19	3	8
1994	324	11	20	3	8
1994	325	11	21	3	2
1994	326	11	22	3	3
1994	327	11	23	2	3
1994	328	11	24	2	3
1994	329	11	25	2	4
1994	330	11	26	2	4
1994	331	11	27	2	4
1994	332	11	28	3	4
1994	333	11	29	2	4
1994	334	11	30	2	4
1994	335	12	1	3	3
1994	336	12	2	4	3
1994	337	12	3	4	3
1994	338	12	4	4	3
1994	339	12	5	4	4
1994	340	12	6	4	4
1994	341	12	7	4	5
1994	342	12	8	4	5
1994	343	12	9	4	4
1994	344	12	10	4	5
1994	345	12	11	4	5
1994	346	12	12	4	5
1994	347	12	13	4	6
1994	348	12	14	4	6
1994	349	12	15	4	6
1994	350	12	16	4	6
1994	351	12	17	4	8
1994	352	12	18	4	8
1994	353	12	19	5	8
1994	354	12	20	5	8
1994	355	12	21	5	8
1994	356	12	22	7	8
1994	357	12	23	7	8
1994	358	12	24	7	8
1994	359	12	25	7	5
1994	360	12	26	8	4
1994	361	12	27	8	5
1994	362	12	28	8	5
1994	363	12	29	1	5
1994	364	12	30	1	5
1994	365	12	31	1	5
1995	1	1	1	2	4
1995	2	1	2	3	3
1995	3	1	3	3	3
1995	4	1	4	3	4
1995	5	1	5	3	4
1995	6	1	6	3	5
1995	7	1	7	3	4
1995	8	1	8	4	4
1995	9	1	9	4	4
1995	10	1	10	4	3
1995	11	1	11	4	4
1995	12	1	12	4	4
1995	13	1	13	4	4
1995	14	1	14	4	4
1995	15	1	15	3	3
1995	16	1	16	3	3
1995	17	1	17	3	3
1995	18	1	18	3	2
1995	19	1	19	3	3
1995	20	1	20	4	3
1995	21	1	21	3	3
1995	22	1	22	4	3
1995	23	1	23	5	4
1995	24	1	24	4	3
1995	25	1	25	4	3
1995	26	1	26	4	3
1995	27	1	27	5	3
1995	28	1	28	2	2
1995	29	1	29	2	3
1995	30	1	30	3	4
1995	31	1	31	3	2
1995	32	2	1	3	3
1995	33	2	2	3	2
1995	34	2	3	3	2
1995	35	2	4	2	2
1995	36	2	5	1	4
1995	37	2	6	8	6
1995	38	2	7	1	8
1995	39	2	8	4	1
1995	40	2	9	3	3
1995	41	2	10	2	3
1995	42	2	11	3	2
1995	43	2	12	4	2
1995	44	2	13	4	3
1995	45	2	14	7	4
1995	46	2	15	7	4
1995	47	2	16	7	3
1995	48	2	17	5	3
1995	49	2	18	6	3
1995	50	2	19	8	4
1995	51	2	20	8	4
1995	52	2	21	8	4
1995	53	2	22	8	3
1995	54	2	23	8	3
1995	55	2	24	1	3
1995	56	2	25	8	4
1995	57	2	26	8	4
1995	58	2	27	8	4
1995	59	2	28	1	3
1995	60	3	1	2	3
1995	61	3	2	3	3
1995	62	3	3	6	3
1995	63	3	4	6	4
1995	64	3	5	5	3
1995	65	3	6	5	2
1995	66	3	7	5	8
1995	67	3	8	6	8
1995	68	3	9	6	6
1995	69	3	10	6	5
1995	70	3	11	6	5
1995	71	3	12	7	5
1995	72	3	13	7	5
1995	73	3	14	8	6
1995	74	3	15	8	7
1995	75	3	16	7	8
1995	76	3	17	5	1
1995	77	3	18	4	8
1995	78	3	19	3	8
1995	79	3	20	3	8
1995	80	3	21	1	8
1995	81	3	22	7	1
1995	82	3	23	1	2
1995	83	3	24	6	4
1995	84	3	25	5	4
1995	85	3	26	5	4
1995	86	3	27	4	3
1995	87	3	28	5	4
1995	88	3	29	5	3
1995	89	3	30	4	4
1995	90	3	31	4	3
1995	91	4	1	4	3
1995	92	4	2	4	3
1995	93	4	3	3	2
1995	94	4	4	3	1
1995	95	4	5	2	1
1995	96	4	6	3	8
1995	97	4	7	4	7
1995	98	4	8	4	7
1995	99	4	9	4	7
1995	100	4	10	4	7
1995	101	4	11	5	7
1995	102	4	12	5	7
1995	103	4	13	5	7
1995	104	4	14	5	6
1995	105	4	15	5	6
1995	106	4	16	5	6
1995	107	4	17	4	7
1995	108	4	18	3	7
1995	109	4	19	3	7
1995	110	4	20	4	7
1995	111	4	21	3	8
1995	112	4	22	4	7
1995	113	4	23	4	7
1995	114	4	24	4	7
1995	115	4	25	3	7
1995	116	4	26	3	7
1995	117	4	27	2	8
1995	118	4	28	2	8
1995	119	4	29	2	8
1995	120	4	30	2	8
1995	121	5	1	2	8
1995	122	5	2	2	8
1995	123	5	3	2	8
1995	124	5	4	3	1
1995	125	5	5	2	1
1995	126	5	6	2	2
1995	127	5	7	2	3
1995	128	5	8	2	3
1995	129	5	9	2	3
1995	130	5	10	7	3
1995	131	5	11	7	3
1995	132	5	12	6	3
1995	133	5	13	6	3
1995	134	5	14	6	4
1995	135	5	15	6	5
1995	136	5	16	6	5
1995	137	5	17	6	5
1995	138	5	18	7	5
1995	139	5	19	8	8
1995	140	5	20	8	7
1995	141	5	21	7	7
1995	142	5	22	7	7
1995	143	5	23	7	8
1995	144	5	24	8	8
1995	145	5	25	8	8
1995	146	5	26	8	7
1995	147	5	27	3	8
1995	148	5	28	2	8
1995	149	5	29	3	8
1995	150	5	30	4	8
1995	151	5	31	4	8
1995	152	6	1	4	1
1995	153	6	2	3	1
1995	154	6	3	2	1
1995	155	6	4	3	2
1995	156	6	5	3	3
1995	157	6	6	1	3
1995	158	6	7	8	3
1995	159	6	8	8	4
1995	160	6	9	8	4
1995	161	6	10	8	4
1995	162	6	11	8	4
1995	163	6	12	1	3
1995	164	6	13	2	3
1995	165	6	14	2	3
1995	166	6	15	2	4
1995	167	6	16	2	4
1995	168	6	17	2	4
1995	169	6	18	2	5
1995	170	6	19	2	6
1995	171	6	20	2	5
1995	172	6	21	2	5
1995	173	6	22	2	5
1995	174	6	23	2	5
1995	175	6	24	3	5
1995	176	6	25	4	5
1995	177	6	26	4	6
1995	178	6	27	4	5
1995	179	6	28	4	4
1995	180	6	29	4	3
1995	181	6	30	3	3
1995	182	7	1	4	4
1995	183	7	2	3	3
1995	184	7	3	3	1
1995	185	7	4	3	1
1995	186	7	5	3	1
1995	187	7	6	3	1
1995	188	7	7	3	2
1995	189	7	8	4	2
1995	190	7	9	3	2
1995	191	7	10	3	2
1995	192	7	11	4	3
1995	193	7	12	4	2
1995	194	7	13	5	7
1995	195	7	14	5	6
1995	196	7	15	5	6
1995	197	7	16	4	6
1995	198	7	17	4	6
1995	199	7	18	4	5
1995	200	7	19	4	5
1995	201	7	20	4	6
1995	202	7	21	5	6
1995	203	7	22	1	7
1995	204	7	23	2	7
1995	205	7	24	2	8
1995	206	7	25	1	1
1995	207	7	26	1	1
1995	208	7	27	8	1
1995	209	7	28	8	2
1995	210	7	29	7	2
1995	211	7	30	4	3
1995	212	7	31	3	4
1995	213	8	1	3	6
1995	214	8	2	3	6
1995	215	8	3	3	1
1995	216	8	4	3	1
1995	217	8	5	2	1
1995	218	8	6	3	1
1995	219	8	7	4	4
1995	220	8	8	3	4
1995	221	8	9	3	5
1995	222	8	10	2	7
1995	223	8	11	2	6
1995	224	8	12	1	6
1995	225	8	13	1	6
1995	226	8	14	1	7
1995	227	8	15	2	8
1995	228	8	16	2	1
1995	229	8	17	2	1
1995	230	8	18	2	8
1995	231	8	19	2	1
1995	232	8	20	6	1
1995	233	8	21	6	2
1995	234	8	22	6	3
1995	235	8	23	5	3
1995	236	8	24	5	3
1995	237	8	25	5	2
1995	238	8	26	5	3
1995	239	8	27	5	3
1995	240	8	28	5	3
1995	241	8	29	5	3
1995	242	8	30	5	4
1995	243	8	31	5	4
1995	244	9	1	5	4
1995	245	9	2	5	5
1995	246	9	3	5	4
1995	247	9	4	5	5
1995	248	9	5	5	5
1995	249	9	6	5	5
1995	250	9	7	5	5
1995	251	9	8	4	6
1995	252	9	9	4	7
1995	253	9	10	5	8
1995	254	9	11	5	8
1995	255	9	12	6	8
1995	256	9	13	7	1
1995	257	9	14	7	1
1995	258	9	15	7	2
1995	259	9	16	7	3
1995	260	9	17	6	3
1995	261	9	18	7	2
1995	262	9	19	7	3
1995	263	9	20	7	4
1995	264	9	21	7	4
1995	265	9	22	7	4
1995	266	9	23	5	5
1995	267	9	24	4	5
1995	268	9	25	4	7
1995	269	9	26	4	7
1995	270	9	27	4	8
1995	271	9	28	4	8
1995	272	9	29	3	1
1995	273	9	30	4	2
1995	274	10	1	4	2
1995	275	10	2	4	2
1995	276	10	3	4	2
1995	277	10	4	5	8
1995	278	10	5	5	8
1995	279	10	6	5	1
1995	280	10	7	6	1
1995	281	10	8	6	1
1995	282	10	9	6	8
1995	283	10	10	7	1
1995	284	10	11	7	1
1995	285	10	12	7	6
1995	286	10	13	7	5
1995	287	10	14	7	6
1995	288	10	15	7	7
1995	289	10	16	7	7
1995	290	10	17	8	7
1995	291	10	18	7	8
1995	292	10	19	7	1
1995	293	10	20	8	3
1995	294	10	21	8	4
1995	295	10	22	1	3
1995	296	10	23	1	8
1995	297	10	24	2	8
1995	298	10	25	3	8
1995	299	10	26	3	1
1995	300	10	27	1	1
1995	301	10	28	8	2
1995	302	10	29	8	2
1995	303	10	30	6	3
1995	304	10	31	5	3
1995	305	11	1	6	2
1995	306	11	2	6	2
1995	307	11	3	6	3
1995	308	11	4	6	3
1995	309	11	5	2	3
1995	310	11	6	1	3
1995	311	11	7	3	3
1995	312	11	8	3	4
1995	313	11	9	4	4
1995	314	11	10	1	4
1995	315	11	11	1	4
1995	316	11	12	8	3
1995	317	11	13	8	3
1995	318	11	14	8	4
1995	319	11	15	8	3
1995	320	11	16	1	3
1995	321	11	17	1	3
1995	322	11	18	8	2
1995	323	11	19	8	2
1995	324	11	20	1	3
1995	325	11	21	3	4
1995	326	11	22	4	3
1995	327	11	23	5	3
1995	328	11	24	5	4
1995	329	11	25	6	5
1995	330	11	26	7	5
1995	331	11	27	7	5
1995	332	11	28	7	5
1995	333	11	29	7	5
1995	334	11	30	7	6
1995	335	12	1	7	5
1995	336	12	2	7	5
1995	337	12	3	7	5
1995	338	12	4	7	6
1995	339	12	5	6	6
1995	340	12	6	5	6
1995	341	12	7	6	6
1995	342	12	8	6	7
1995	343	12	9	7	8
1995	344	12	10	7	8
1995	345	12	11	6	8
1995	346	12	12	7	6
1995	347	12	13	7	6
1995	348	12	14	7	7
1995	349	12	15	7	7
1995	350	12	16	7	7
1995	351	12	17	7	6
1995	352	12	18	7	7
1995	353	12	19	7	7
1995	354	12	20	7	7
1995	355	12	21	7	7
1995	356	12	22	7	8
1995	357	12	23	5	7
1995	358	12	24	5	7
1995	359	12	25	5	7
1995	360	12	26	5	8
1995	361	12	27	7	8
1995	362	12	28	7	8
1995	363	12	29	7	8
1995	364	12	30	7	1
1995	365	12	31	8	7
1996	1	1	1	8	6
1996	2	1	2	8	7
1996	3	1	3	1	7
1996	4	1	4	2	7
1996	5	1	5	2	7
1996	6	1	6	8	8
1996	7	1	7	3	8
1996	8	1	8	3	8
1996	9	1	9	4	7
1996	10	1	10	5	7
1996	11	1	11	7	7
1996	12	1	12	7	7
1996	13	1	13	7	8
1996	14	1	14	7	8
1996	15	1	15	5	7
1996	16	1	16	5	7
1996	17	1	17	5	7
1996	18	1	18	6	7
1996	19	1	19	7	7
1996	20	1	20	8	7
1996	21	1	21	8	8
1996	22	1	22	1	8
1996	23	1	23	1	8
1996	24	1	24	3	1
1996	25	1	25	3	2
1996	26	1	26	3	3
1996	27	1	27	2	1
1996	28	1	28	2	1
1996	29	1	29	2	8
1996	30	1	30	3	1
1996	31	1	31	3	1
1996	32	2	1	3	1
1996	33	2	2	2	2
1996	34	2	3	2	1
1996	35	2	4	3	1
1996	36	2	5	3	1
1996	37	2	6	2	1
1996	38	2	7	2	1
1996	39	2	8	3	1
1996	40	2	9	3	2
1996	41	2	10	2	3
1996	42	2	11	2	2
1996	43	2	12	2	1
1996	44	2	13	1	5
1996	45	2	14	1	5
1996	46	2	15	8	4
1996	47	2	16	1	3
1996	48	2	17	1	1
1996	49	2	18	1	8
1996	50	2	19	8	8
1996	51	2	20	1	8
1996	52	2	21	2	8
1996	53	2	22	1	8
1996	54	2	23	2	8
1996	55	2	24	6	7
1996	56	2	25	5	7
1996	57	2	26	5	7
1996	58	2	27	5	6
1996	59	2	28	5	7
1996	60	2	29	6	7
1996	61	3	1	6	7
1996	62	3	2	6	6
1996	63	3	3	6	7
1996	64	3	4	6	7
1996	65	3	5	7	6
1996	66	3	6	7	6
1996	67	3	7	6	6
1996	68	3	8	4	5
1996	69	3	9	8	5
1996	70	3	10	8	5
1996	71	3	11	1	6
1996	72	3	12	1	6
1996	73	3	13	1	6
1996	74	3	14	1	6
1996	75	3	15	1	5
1996	76	3	16	2	5
1996	77	3	17	3	5
1996	78	3	18	2	5
1996	79	3	19	1	4
1996	80	3	20	1	4
1996	81	3	21	1	5
1996	82	3	22	3	6
1996	83	3	23	2	7
1996	84	3	24	2	7
1996	85	3	25	2	7
1996	86	3	26	3	8
1996	87	3	27	3	2
1996	88	3	28	3	2
1996	89	3	29	3	2
1996	90	3	30	3	2
1996	91	3	31	3	3
1996	92	4	1	4	3
1996	93	4	2	4	3
1996	94	4	3	5	3
1996	95	4	4	4	2
1996	96	4	5	4	2
1996	97	4	6	4	8
1996	98	4	7	6	8
1996	99	4	8	7	3
1996	100	4	9	7	3
1996	101	4	10	7	3
1996	102	4	11	7	3
1996	103	4	12	7	3
1996	104	4	13	3	1
1996	105	4	14	3	8
1996	106	4	15	1	5
1996	107	4	16	1	5
1996	108	4	17	3	5
1996	109	4	18	4	5
1996	110	4	19	4	5
1996	111	4	20	6	4
1996	112	4	21	5	3
1996	113	4	22	7	2
1996	114	4	23	7	2
1996	115	4	24	7	2
1996	116	4	25	7	2
1996	117	4	26	8	2
1996	118	4	27	8	2
1996	119	4	28	8	2
1996	120	4	29	1	2
1996	121	4	30	1	3
1996	122	5	1	2	3
1996	123	5	2	2	2
1996	124	5	3	3	2
1996	125	5	4	1	3
1996	126	5	5	6	4
1996	127	5	6	6	4
1996	128	5	7	7	5
1996	129	5	8	7	6
1996	130	5	9	6	6
1996	131	5	10	5	7
1996	132	5	11	6	7
1996	133	5	12	6	7
1996	134	5	13	7	7
1996	135	5	14	7	8
1996	136	5	15	7	1
1996	137	5	16	7	8
1996	138	5	17	7	8
1996	139	5	18	7	8
1996	140	5	19	7	7
1996	141	5	20	8	8
1996	142	5	21	8	1
1996	143	5	22	8	4
1996	144	5	23	8	5
1996	145	5	24	8	5
1996	146	5	25	8	6
1996	147	5	26	8	6
1996	148	5	27	8	5
1996	149	5	28	1	4
1996	150	5	29	2	5
1996	151	5	30	2	6
1996	152	5	31	2	6
1996	153	6	1	2	6
1996	154	6	2	2	8
1996	155	6	3	2	8
1996	156	6	4	2	5
1996	157	6	5	2	3
1996	158	6	6	2	2
1996	159	6	7	2	1
1996	160	6	8	2	1
1996	161	6	9	2	2
1996	162	6	10	3	2
1996	163	6	11	3	2
1996	164	6	12	3	2
1996	165	6	13	3	2
1996	166	6	14	4	3
1996	167	6	15	4	3
1996	168	6	16	4	4
1996	169	6	17	4	4
1996	170	6	18	4	5
1996	171	6	19	4	6
1996	172	6	20	4	6
1996	173	6	21	4	6
1996	174	6	22	4	6
1996	175	6	23	4	6
1996	176	6	24	3	7
1996	177	6	25	3	7
1996	178	6	26	2	6
1996	179	6	27	2	7
1996	180	6	28	2	7
1996	181	6	29	2	6
1996	182	6	30	2	6
1996	183	7	1	2	7
1996	184	7	2	2	8
1996	185	7	3	2	8
1996	186	7	4	2	8
1996	187	7	5	2	1
1996	188	7	6	2	1
1996	189	7	7	1	1
1996	190	7	8	1	2
1996	191	7	9	1	2
1996	192	7	10	2	3
1996	193	7	11	2	3
1996	194	7	12	3	2
1996	195	7	13	3	2
1996	196	7	14	3	2
1996	197	7	15	3	2
1996	198	7	16	4	2
1996	199	7	17	5	2
1996	200	7	18	5	2
1996	201	7	19	5	3
1996	202	7	20	5	2
1996	203	7	21	5	3
1996	204	7	22	6	3
1996	205	7	23	6	3
1996	206	7	24	6	3
1996	207	7	25	6	2
1996	208	7	26	7	3
1996	209	7	27	7	1
1996	210	7	28	7	1
1996	211	7	29	7	2
1996	212	7	30	7	3
1996	213	7	31	7	4
1996	214	8	1	6	5
1996	215	8	2	6	6
1996	216	8	3	6	3
1996	217	8	4	7	4
1996	218	8	5	8	4
1996	219	8	6	8	5
1996	220	8	7	8	5
1996	221	8	8	8	4
1996	222	8	9	8	4
1996	223	8	10	1	4
1996	224	8	11	1	4
1996	225	8	12	1	4
1996	226	8	13	2	4
1996	227	8	14	3	4
1996	228	8	15	3	5
1996	229	8	16	3	4
1996	230	8	17	3	3
1996	231	8	18	3	2
1996	232	8	19	3	2
1996	233	8	20	3	1
1996	234	8	21	2	2
1996	235	8	22	2	2
1996	236	8	23	2	4
1996	237	8	24	2	4
1996	238	8	25	3	4
1996	239	8	26	2	4
1996	240	8	27	2	4
1996	241	8	28	2	5
1996	242	8	29	2	4
1996	243	8	30	2	4
1996	244	8	31	2	4
1996	245	9	1	3	5
1996	246	9	2	3	6
1996	247	9	3	3	8
1996	248	9	4	4	8
1996	249	9	5	4	8
1996	250	9	6	4	8
1996	251	9	7	5	1
1996	252	9	8	5	1
1996	253	9	9	5	1
1996	254	9	10	5	1
1996	255	9	11	5	2
1996	256	9	12	6	2
1996	257	9	13	6	2
1996	258	9	14	6	3
1996	259	9	15	7	3
1996	260	9	16	7	4
1996	261	9	17	7	4
1996	262	9	18	7	4
1996	263	9	19	7	4
1996	264	9	20	7	4
1996	265	9	21	6	4
1996	266	9	22	5	5
1996	267	9	23	5	4
1996	268	9	24	5	1
1996	269	9	25	5	1
1996	270	9	26	6	2
1996	271	9	27	6	3
1996	272	9	28	7	3
1996	273	9	29	7	3
1996	274	9	30	7	4
1996	275	10	1	1	4
1996	276	10	2	2	4
1996	277	10	3	1	5
1996	278	10	4	3	5
1996	279	10	5	2	5
1996	280	10	6	3	6
1996	281	10	7	3	7
1996	282	10	8	3	8
1996	283	10	9	4	8
1996	284	10	10	5	8
1996	285	10	11	6	1
1996	286	10	12	2	1
1996	287	10	13	1	1
1996	288	10	14	1	3
1996	289	10	15	2	3
1996	290	10	16	3	3
1996	291	10	17	3	2
1996	292	10	18	4	3
1996	293	10	19	4	3
1996	294	10	20	5	2
1996	295	10	21	6	2
1996	296	10	22	6	2
1996	297	10	23	7	2
1996	298	10	24	7	2
1996	299	10	25	5	3
1996	300	10	26	5	4
1996	301	10	27	5	2
1996	302	10	28	5	8
1996	303	10	29	5	8
1996	304	10	30	5	1
1996	305	10	31	5	1
1996	306	11	1	5	8
1996	307	11	2	5	8
1996	308	11	3	5	1
1996	309	11	4	5	8
1996	310	11	5	5	8
1996	311	11	6	5	1
1996	312	11	7	6	1
1996	313	11	8	6	8
1996	314	11	9	6	8
1996	315	11	10	7	1
1996	316	11	11	7	2
1996	317	11	12	7	5
1996	318	11	13	7	5
1996	319	11	14	8	7
1996	320	11	15	1	7
1996	321	11	16	1	7
1996	322	11	17	2	7
1996	323	11	18	3	7
1996	324	11	19	3	7
1996	325	11	20	3	7
1996	326	11	21	4	7
1996	327	11	22	4	7
1996	328	11	23	5	8
1996	329	11	24	6	8
1996	330	11	25	7	1
1996	331	11	26	7	1
1996	332	11	27	7	1
1996	333	11	28	7	1
1996	334	11	29	6	4
1996	335	11	30	4	4
1996	336	12	1	4	4
1996	337	12	2	3	3
1996	338	12	3	3	2
1996	339	12	4	3	2
1996	340	12	5	3	2
1996	341	12	6	2	3
1996	342	12	7	2	3
1996	343	12	8	2	2
1996	344	12	9	2	2
1996	345	12	10	2	2
1996	346	12	11	2	2
1996	347	12	12	2	2
1996	348	12	13	2	2
1996	349	12	14	2	2
1996	350	12	15	6	2
1996	351	12	16	7	1
1996	352	12	17	6	1
1996	353	12	18	5	8
1996	354	12	19	5	8
1996	355	12	20	5	8
1996	356	12	21	5	8
1996	357	12	22	5	7
1996	358	12	23	5	7
1996	359	12	24	6	8
1996	360	12	25	6	8
1996	361	12	26	6	8
1996	362	12	27	7	8
1996	363	12	28	7	8
1996	364	12	29	7	8
1996	365	12	30	7	8
1996	366	12	31	7	7
1997	1	1	1	7	7
1997	2	1	2	7	7
1997	3	1	3	6	6
1997	4	1	4	7	6
1997	5	1	5	8	6
1997	6	1	6	3	6
1997	7	1	7	8	6
1997	8	1	8	8	6
1997	9	1	9	8	7
1997	10	1	10	8	7
1997	11	1	11	8	7
1997	12	1	12	8	7
1997	13	1	13	8	7
1997	14	1	14	7	8
1997	15	1	15	7	7
1997	16	1	16	7	7
1997	17	1	17	7	6
1997	18	1	18	5	6
1997	19	1	19	5	6
1997	20	1	20	5	6
1997	21	1	21	6	5
1997	22	1	22	7	5
1997	23	1	23	7	6
1997	24	1	24	7	5
1997	25	1	25	8	5
1997	26	1	26	8	6
1997	27	1	27	1	7
1997	28	1	28	1	7
1997	29	1	29	1	6
1997	30	1	30	1	5
1997	31	1	31	1	4
1997	32	2	1	1	4
1997	33	2	2	1	4
1997	34	2	3	1	4
1997	35	2	4	3	4
1997	36	2	5	2	4
1997	37	2	6	2	4
1997	38	2	7	1	4
1997	39	2	8	8	4
1997	40	2	9	1	4
1997	41	2	10	1	4
1997	42	2	11	2	4
1997	43	2	12	2	4
1997	44	2	13	2	3
1997	45	2	14	2	2
1997	46	2	15	3	2
1997	47	2	16	3	3
1997	48	2	17	3	3
1997	49	2	18	4	3
1997	50	2	19	4	3
1997	51	2	20	4	2
1997	52	2	21	4	3
1997	53	2	22	4	2
1997	54	2	23	4	1
1997	55	2	24	4	1
1997	56	2	25	4	8
1997	57	2	26	4	8
1997	58	2	27	5	8
1997	59	2	28	5	8
1997	60	3	1	5	8
1997	61	3	2	5	8
1997	62	3	3	5	7
1997	63	3	4	5	7
1997	64	3	5	5	7
1997	65	3	6	5	8
1997	66	3	7	5	7
1997	67	3	8	5	7
1997	68	3	9	6	7
1997	69	3	10	6	7
1997	70	3	11	6	7
1997	71	3	12	7	7
1997	72	3	13	7	7
1997	73	3	14	7	6
1997	74	3	15	7	6
1997	75	3	16	7	6
1997	76	3	17	7	6
1997	77	3	18	7	6
1997	78	3	19	7	6
1997	79	3	20	8	6
1997	80	3	21	8	6
1997	81	3	22	8	5
1997	82	3	23	8	5
1997	83	3	24	8	6
1997	84	3	25	1	7
1997	85	3	26	1	6
1997	86	3	27	1	6
1997	87	3	28	1	6
1997	88	3	29	1	6
1997	89	3	30	2	6
1997	90	3	31	2	7
1997	91	4	1	3	8
1997	92	4	2	3	7
1997	93	4	3	3	6
1997	94	4	4	3	7
1997	95	4	5	3	6
1997	96	4	6	3	5
1997	97	4	7	1	6
1997	98	4	8	4	6
1997	99	4	9	5	5
1997	100	4	10	5	5
1997	101	4	11	5	5
1997	102	4	12	5	6
1997	103	4	13	5	6
1997	104	4	14	6	6
1997	105	4	15	7	5
1997	106	4	16	7	6
1997	107	4	17	7	8
1997	108	4	18	7	8
1997	109	4	19	8	8
1997	110	4	20	8	8
1997	111	4	21	8	8
1997	112	4	22	8	8
1997	113	4	23	1	8
1997	114	4	24	1	7
1997	115	4	25	1	7
1997	116	4	26	2	8
1997	117	4	27	2	8
1997	118	4	28	2	7
1997	119	4	29	2	7
1997	120	4	30	2	7
1997	121	5	1	2	8
1997	122	5	2	2	7
1997	123	5	3	2	8
1997	124	5	4	2	1
1997	125	5	5	3	1
1997	126	5	6	3	1
1997	127	5	7	2	1
1997	128	5	8	2	1
1997	129	5	9	2	2
1997	130	5	10	2	2
1997	131	5	11	2	2
1997	132	5	12	2	2
1997	133	5	13	2	2
1997	134	5	14	2	2
1997	135	5	15	2	2
1997	136	5	16	3	3
1997	137	5	17	3	3
1997	138	5	18	5	3
1997	139	5	19	6	4
1997	140	5	20	6	4
1997	141	5	21	5	4
1997	142	5	22	6	8
1997	143	5	23	7	8
1997	144	5	24	7	8
1997	145	5	25	7	7
1997	146	5	26	7	7
1997	147	5	27	7	7
1997	148	5	28	7	7
1997	149	5	29	7	7
1997	150	5	30	8	6
1997	151	5	31	8	6
1997	152	6	1	8	6
1997	153	6	2	8	6
1997	154	6	3	8	6
1997	155	6	4	8	6
1997	156	6	5	1	6
1997	157	6	6	1	6
1997	158	6	7	1	6
1997	159	6	8	1	6
1997	160	6	9	8	6
1997	161	6	10	1	6
1997	162	6	11	1	6
1997	163	6	12	1	7
1997	164	6	13	1	7
1997	165	6	14	1	7
1997	166	6	15	1	7
1997	167	6	16	1	1
1997	168	6	17	8	1
1997	169	6	18	7	1
1997	170	6	19	7	6
1997	171	6	20	5	7
1997	172	6	21	5	7
1997	173	6	22	5	7
1997	174	6	23	6	7
1997	175	6	24	6	1
1997	176	6	25	6	2
1997	177	6	26	6	3
1997	178	6	27	6	4
1997	179	6	28	4	5
1997	180	6	29	3	4
1997	181	6	30	3	3
1997	182	7	1	3	3
1997	183	7	2	3	3
1997	184	7	3	3	3
1997	185	7	4	3	4
1997	186	7	5	4	4
1997	187	7	6	4	4
1997	188	7	7	4	4
1997	189	7	8	4	5
1997	190	7	9	4	5
1997	191	7	10	5	5
1997	192	7	11	5	5
1997	193	7	12	5	5
1997	194	7	13	5	5
1997	195	7	14	5	4
1997	196	7	15	4	4
1997	197	7	16	4	4
1997	198	7	17	4	6
1997	199	7	18	4	8
1997	200	7	19	4	1
1997	201	7	20	4	1
1997	202	7	21	7	2
1997	203	7	22	8	2
1997	204	7	23	8	3
1997	205	7	24	8	3
1997	206	7	25	8	4
1997	207	7	26	6	4
1997	208	7	27	6	6
1997	209	7	28	6	7
1997	210	7	29	6	6
1997	211	7	30	6	5
1997	212	7	31	6	5
1997	213	8	1	6	5
1997	214	8	2	6	4
1997	215	8	3	6	4
1997	216	8	4	5	4
1997	217	8	5	5	4
1997	218	8	6	5	4
1997	219	8	7	4	4
1997	220	8	8	4	5
1997	221	8	9	4	6
1997	222	8	10	4	7
1997	223	8	11	6	7
1997	224	8	12	7	8
1997	225	8	13	7	8
1997	226	8	14	7	8
1997	227	8	15	7	1
1997	228	8	16	7	4
1997	229	8	17	7	3
1997	230	8	18	7	3
1997	231	8	19	6	2
1997	232	8	20	5	2
1997	233	8	21	5	2
1997	234	8	22	5	3
1997	235	8	23	5	4
1997	236	8	24	5	4
1997	237	8	25	6	4
1997	238	8	26	5	4
1997	239	8	27	5	4
1997	240	8	28	5	4
1997	241	8	29	5	4
1997	242	8	30	1	4
1997	243	8	31	1	5
1997	244	9	1	1	5
1997	245	9	2	2	5
1997	246	9	3	2	5
1997	247	9	4	2	5
1997	248	9	5	2	6
1997	249	9	6	2	6
1997	250	9	7	3	7
1997	251	9	8	3	7
1997	252	9	9	2	7
1997	253	9	10	2	7
1997	254	9	11	1	8
1997	255	9	12	1	8
1997	256	9	13	1	8
1997	257	9	14	1	1
1997	258	9	15	1	1
1997	259	9	16	8	1
1997	260	9	17	8	1
1997	261	9	18	8	5
1997	262	9	19	5	6
1997	263	9	20	5	8
1997	264	9	21	5	3
1997	265	9	22	4	4
1997	266	9	23	5	5
1997	267	9	24	5	5
1997	268	9	25	5	6
1997	269	9	26	4	6
1997	270	9	27	3	5
1997	271	9	28	1	5
1997	272	9	29	1	5
1997	273	9	30	1	6
1997	274	10	1	8	6
1997	275	10	2	8	6
1997	276	10	3	8	6
1997	277	10	4	1	6
1997	278	10	5	2	6
1997	279	10	6	2	6
1997	280	10	7	2	6
1997	281	10	8	2	7
1997	282	10	9	1	7
1997	283	10	10	1	6
1997	284	10	11	2	6
1997	285	10	12	2	6
1997	286	10	13	2	6
1997	287	10	14	2	6
1997	288	10	15	2	7
1997	289	10	16	1	7
1997	290	10	17	1	7
1997	291	10	18	8	7
1997	292	10	19	8	8
1997	293	10	20	8	7
1997	294	10	21	8	4
1997	295	10	22	8	5
1997	296	10	23	8	5
1997	297	10	24	8	6
1997	298	10	25	1	6
1997	299	10	26	3	6
1997	300	10	27	4	6
1997	301	10	28	4	6
1997	302	10	29	4	7
1997	303	10	30	5	7
1997	304	10	31	5	7
1997	305	11	1	5	8
1997	306	11	2	7	1
1997	307	11	3	8	1
1997	308	11	4	8	1
1997	309	11	5	8	3
1997	310	11	6	8	3
1997	311	11	7	8	4
1997	312	11	8	8	5
1997	313	11	9	8	5
1997	314	11	10	1	8
1997	315	11	11	1	8
1997	316	11	12	2	6
1997	317	11	13	1	5
1997	318	11	14	1	5
1997	319	11	15	1	5
1997	320	11	16	1	5
1997	321	11	17	1	5
1997	322	11	18	2	5
1997	323	11	19	1	5
1997	324	11	20	1	4
1997	325	11	21	1	4
1997	326	11	22	8	5
1997	327	11	23	8	5
1997	328	11	24	8	4
1997	329	11	25	8	5
1997	330	11	26	1	6
1997	331	11	27	1	7
1997	332	11	28	1	7
1997	333	11	29	1	7
1997	334	11	30	1	7
1997	335	12	1	1	6
1997	336	12	2	2	6
1997	337	12	3	3	4
1997	338	12	4	2	2
1997	339	12	5	2	1
1997	340	12	6	2	1
1997	341	12	7	4	3
1997	342	12	8	5	3
1997	343	12	9	5	4
1997	344	12	10	5	5
1997	345	12	11	4	5
1997	346	12	12	3	5
1997	347	12	13	3	5
1997	348	12	14	4	6
1997	349	12	15	3	7
1997	350	12	16	2	7
1997	351	12	17	1	1
1997	352	12	18	6	5
1997	353	12	19	6	2
1997	354	12	20	6	2
1997	355	12	21	6	3
1997	356	12	22	7	3
1997	357	12	23	7	3
1997	358	12	24	7	3
1997	359	12	25	7	3
1997	360	12	26	6	2
1997	361	12	27	5	2
1997	362	12	28	5	2
1997	363	12	29	1	1
1997	364	12	30	6	4
1997	365	12	31	4	3
1998	1	1	1	3	3
1998	2	1	2	2	4
1998	3	1	3	2	8
1998	4	1	4	3	6
1998	5	1	5	4	6
1998	6	1	6	4	6
1998	7	1	7	4	6
1998	8	1	8	2	6
1998	9	1	9	1	5
1998	10	1	10	1	4
1998	11	1	11	1	4
1998	12	1	12	1	4
1998	13	1	13	1	3
1998	14	1	14	1	3
1998	15	1	15	8	4
1998	16	1	16	7	4
1998	17	1	17	7	3
1998	18	1	18	7	4
1998	19	1	19	5	4
1998	20	1	20	4	4
1998	21	1	21	3	5
1998	22	1	22	3	4
1998	23	1	23	2	4
1998	24	1	24	2	4
1998	25	1	25	2	5
1998	26	1	26	2	7
1998	27	1	27	2	8
1998	28	1	28	2	3
1998	29	1	29	1	6
1998	30	1	30	1	8
1998	31	1	31	2	7
1998	32	2	1	1	7
1998	33	2	2	2	1
1998	34	2	3	2	3
1998	35	2	4	2	3
1998	36	2	5	1	3
1998	37	2	6	8	3
1998	38	2	7	8	3
1998	39	2	8	8	4
1998	40	2	9	3	5
1998	41	2	10	3	4
1998	42	2	11	3	5
1998	43	2	12	4	8
1998	44	2	13	4	5
1998	45	2	14	4	4
1998	46	2	15	4	4
1998	47	2	16	3	3
1998	48	2	17	8	3
1998	49	2	18	7	3
1998	50	2	19	4	2
1998	51	2	20	4	3
1998	52	2	21	7	4
1998	53	2	22	7	3
1998	54	2	23	8	3
1998	55	2	24	8	4
1998	56	2	25	8	4
1998	57	2	26	8	4
1998	58	2	27	8	4
1998	59	2	28	8	3
1998	60	3	1	8	3
1998	61	3	2	1	2
1998	62	3	3	2	2
1998	63	3	4	1	2
1998	64	3	5	8	3
1998	65	3	6	2	4
1998	66	3	7	6	4
1998	67	3	8	6	3
1998	68	3	9	6	4
1998	69	3	10	7	4
1998	70	3	11	7	3
1998	71	3	12	7	4
1998	72	3	13	5	4
1998	73	3	14	4	4
1998	74	3	15	3	4
1998	75	3	16	2	3
1998	76	3	17	8	3
1998	77	3	18	8	1
1998	78	3	19	4	8
1998	79	3	20	4	8
1998	80	3	21	4	8
1998	81	3	22	4	8
1998	82	3	23	3	8
1998	83	3	24	3	8
1998	84	3	25	3	8
1998	85	3	26	3	8
1998	86	3	27	3	8
1998	87	3	28	3	8
1998	88	3	29	3	1
1998	89	3	30	3	1
1998	90	3	31	3	1
1998	91	4	1	3	3
1998	92	4	2	3	2
1998	93	4	3	3	2
1998	94	4	4	3	1
1998	95	4	5	2	8
1998	96	4	6	2	1
1998	97	4	7	3	1
1998	98	4	8	3	2
1998	99	4	9	3	1
1998	100	4	10	3	1
1998	101	4	11	3	1
1998	102	4	12	3	1
1998	103	4	13	4	1
1998	104	4	14	4	1
1998	105	4	15	4	1
1998	106	4	16	4	2
1998	107	4	17	4	2
1998	108	4	18	4	2
1998	109	4	19	4	2
1998	110	4	20	4	1
1998	111	4	21	4	1
1998	112	4	22	5	8
1998	113	4	23	5	8
1998	114	4	24	7	8
1998	115	4	25	6	7
1998	116	4	26	8	8
1998	117	4	27	8	1
1998	118	4	28	2	1
1998	119	4	29	4	1
1998	120	4	30	6	1
1998	121	5	1	3	8
1998	122	5	2	4	8
1998	123	5	3	3	8
1998	124	5	4	3	1
1998	125	5	5	3	1
1998	126	5	6	3	1
1998	127	5	7	3	1
1998	128	5	8	3	1
1998	129	5	9	3	1
1998	130	5	10	3	2
1998	131	5	11	3	2
1998	132	5	12	3	1
1998	133	5	13	3	2
1998	134	5	14	3	2
1998	135	5	15	3	2
1998	136	5	16	4	2
1998	137	5	17	4	2
1998	138	5	18	4	2
1998	139	5	19	5	2
1998	140	5	20	6	2
1998	141	5	21	7	2
1998	142	5	22	7	2
1998	143	5	23	7	2
1998	144	5	24	7	2
1998	145	5	25	6	2
1998	146	5	26	6	3
1998	147	5	27	6	3
1998	148	5	28	6	3
1998	149	5	29	6	3
1998	150	5	30	5	4
1998	151	5	31	5	4
1998	152	6	1	1	3
1998	153	6	2	2	4
1998	154	6	3	3	3
1998	155	6	4	3	3
1998	156	6	5	3	3
1998	157	6	6	3	3
1998	158	6	7	1	3
1998	159	6	8	7	3
1998	160	6	9	5	4
1998	161	6	10	4	3
1998	162	6	11	4	4
1998	163	6	12	3	4
1998	164	6	13	3	3
1998	165	6	14	3	4
1998	166	6	15	4	4
1998	167	6	16	4	3
1998	168	6	17	4	3
1998	169	6	18	4	2
1998	170	6	19	4	8
1998	171	6	20	4	8
1998	172	6	21	4	2
1998	173	6	22	4	3
1998	174	6	23	4	3
1998	175	6	24	5	3
1998	176	6	25	4	2
1998	177	6	26	4	2
1998	178	6	27	4	2
1998	179	6	28	4	3
1998	180	6	29	4	4
1998	181	6	30	4	4
1998	182	7	1	4	3
1998	183	7	2	4	2
1998	184	7	3	4	1
1998	185	7	4	4	1
1998	186	7	5	5	8
1998	187	7	6	6	1
1998	188	7	7	7	3
1998	189	7	8	7	4
1998	190	7	9	7	4
1998	191	7	10	8	4
1998	192	7	11	8	4
1998	193	7	12	1	4
1998	194	7	13	1	4
1998	195	7	14	1	4
1998	196	7	15	1	4
1998	197	7	16	1	4
1998	198	7	17	1	4
1998	199	7	18	2	4
1998	200	7	19	1	4
1998	201	7	20	1	3
1998	202	7	21	1	2
1998	203	7	22	1	2
1998	204	7	23	1	2
1998	205	7	24	1	3
1998	206	7	25	1	3
1998	207	7	26	2	3
1998	208	7	27	3	3
1998	209	7	28	4	3
1998	210	7	29	4	3
1998	211	7	30	4	3
1998	212	7	31	3	1
1998	213	8	1	4	1
1998	214	8	2	4	8
1998	215	8	3	4	7
1998	216	8	4	5	5
1998	217	8	5	5	5
1998	218	8	6	3	5
1998	219	8	7	4	5
1998	220	8	8	4	5
1998	221	8	9	4	5
1998	222	8	10	3	5
1998	223	8	11	3	5
1998	224	8	12	3	6
1998	225	8	13	3	6
1998	226	8	14	3	7
1998	227	8	15	2	7
1998	228	8	16	3	7
1998	229	8	17	2	8
1998	230	8	18	2	8
1998	231	8	19	2	1
1998	232	8	20	2	2
1998	233	8	21	2	2
1998	234	8	22	2	2
1998	235	8	23	2	3
1998	236	8	24	2	5
1998	237	8	25	1	5
1998	238	8	26	1	5
1998	239	8	27	8	6
1998	240	8	28	8	6
1998	241	8	29	8	6
1998	242	8	30	8	5
1998	243	8	31	8	5
1998	244	9	1	8	5
1998	245	9	2	8	5
1998	246	9	3	1	5
1998	247	9	4	8	5
1998	248	9	5	8	5
1998	249	9	6	8	5
1998	250	9	7	8	5
1998	251	9	8	8	6
1998	252	9	9	7	7
1998	253	9	10	7	8
1998	254	9	11	6	1
1998	255	9	12	6	2
1998	256	9	13	6	3
1998	257	9	14	6	3
1998	258	9	15	6	4
1998	259	9	16	6	3
1998	260	9	17	6	2
1998	261	9	18	7	2
1998	262	9	19	7	2
1998	263	9	20	6	3
1998	264	9	21	5	3
1998	265	9	22	4	2
1998	266	9	23	4	1
1998	267	9	24	4	1
1998	268	9	25	4	1
1998	269	9	26	5	2
1998	270	9	27	5	2
1998	271	9	28	6	2
1998	272	9	29	6	3
1998	273	9	30	5	3
1998	274	10	1	5	3
1998	275	10	2	5	4
1998	276	10	3	5	4
1998	277	10	4	5	3
1998	278	10	5	5	3
1998	279	10	6	5	3
1998	280	10	7	5	3
1998	281	10	8	5	4
1998	282	10	9	5	4
1998	283	10	10	5	2
1998	284	10	11	5	2
1998	285	10	12	5	2
1998	286	10	13	6	1
1998	287	10	14	6	2
1998	288	10	15	6	4
1998	289	10	16	6	5
1998	290	10	17	6	6
1998	291	10	18	6	7
1998	292	10	19	6	8
1998	293	10	20	6	8
1998	294	10	21	6	1
1998	295	10	22	7	3
1998	296	10	23	7	3
1998	297	10	24	7	3
1998	298	10	25	7	4
1998	299	10	26	7	4
1998	300	10	27	2	4
1998	301	10	28	3	4
1998	302	10	29	3	4
1998	303	10	30	4	3
1998	304	10	31	4	2
1998	305	11	1	4	2
1998	306	11	2	4	2
1998	307	11	3	4	2
1998	308	11	4	4	2
1998	309	11	5	5	3
1998	310	11	6	7	3
1998	311	11	7	7	3
1998	312	11	8	5	3
1998	313	11	9	5	3
1998	314	11	10	5	3
1998	315	11	11	5	3
1998	316	11	12	5	3
1998	317	11	13	5	3
1998	318	11	14	5	3
1998	319	11	15	5	3
1998	320	11	16	5	5
1998	321	11	17	5	5
1998	322	11	18	5	5
1998	323	11	19	5	4
1998	324	11	20	6	4
1998	325	11	21	5	8
1998	326	11	22	6	7
1998	327	11	23	6	8
1998	328	11	24	6	8
1998	329	11	25	6	2
1998	330	11	26	7	1
1998	331	11	27	7	1
1998	332	11	28	7	5
1998	333	11	29	7	7
1998	334	11	30	7	7
1998	335	12	1	7	6
1998	336	12	2	7	6
1998	337	12	3	7	7
1998	338	12	4	7	7
1998	339	12	5	4	8
1998	340	12	6	4	1
1998	341	12	7	4	1
1998	342	12	8	4	1
1998	343	12	9	5	1
1998	344	12	10	5	1
1998	345	12	11	5	1
1998	346	12	12	4	1
1998	347	12	13	5	1
1998	348	12	14	5	1
1998	349	12	15	5	1
1998	350	12	16	5	2
1998	351	12	17	6	2
1998	352	12	18	6	1
1998	353	12	19	6	2
1998	354	12	20	7	4
1998	355	12	21	7	3
1998	356	12	22	7	8
1998	357	12	23	8	6
1998	358	12	24	8	6
1998	359	12	25	8	8
1998	360	12	26	1	1
1998	361	12	27	2	1
1998	362	12	28	2	1
1998	363	12	29	2	1
1998	364	12	30	3	8
1998	365	12	31	2	8
1999	1	1	1	2	8
1999	2	1	2	3	1
1999	3	1	3	3	2
1999	4	1	4	7	1
1999	5	1	5	7	1
1999	6	1	6	7	8
1999	7	1	7	7	8
1999	8	1	8	7	7
1999	9	1	9	8	7
1999	10	1	10	1	7
1999	11	1	11	8	7
1999	12	1	12	8	7
1999	13	1	13	1	7
1999	14	1	14	1	7
1999	15	1	15	2	6
1999	16	1	16	2	6
1999	17	1	17	2	7
1999	18	1	18	2	8
1999	19	1	19	3	8
1999	20	1	20	3	8
1999	21	1	21	3	1
1999	22	1	22	3	1
1999	23	1	23	3	1
1999	24	1	24	2	2
1999	25	1	25	2	2
1999	26	1	26	1	2
1999	27	1	27	1	2
1999	28	1	28	7	1
1999	29	1	29	7	8
1999	30	1	30	7	8
1999	31	1	31	5	8
1999	32	2	1	6	6
1999	33	2	2	7	6
1999	34	2	3	2	6
1999	35	2	4	8	7
1999	36	2	5	5	8
1999	37	2	6	5	8
1999	38	2	7	5	8
1999	39	2	8	4	8
1999	40	2	9	4	8
1999	41	2	10	4	8
1999	42	2	11	4	7
1999	43	2	12	5	7
1999	44	2	13	6	8
1999	45	2	14	6	8
1999	46	2	15	7	8
1999	47	2	16	7	8
1999	48	2	17	7	8
1999	49	2	18	7	7
1999	50	2	19	8	7
1999	51	2	20	1	7
1999	52	2	21	1	7
1999	53	2	22	1	7
1999	54	2	23	1	7
1999	55	2	24	1	7
1999	56	2	25	2	7
1999	57	2	26	2	7
1999	58	2	27	3	8
1999	59	2	28	3	8
1999	60	3	1	3	8
1999	61	3	2	3	8
1999	62	3	3	5	1
1999	63	3	4	7	1
1999	64	3	5	7	2
1999	65	3	6	8	3
1999	66	3	7	8	4
1999	67	3	8	8	5
1999	68	3	9	8	4
1999	69	3	10	8	4
1999	70	3	11	8	3
1999	71	3	12	8	3
1999	72	3	13	1	3
1999	73	3	14	1	3
1999	74	3	15	1	4
1999	75	3	16	1	4
1999	76	3	17	2	2
1999	77	3	18	2	2
1999	78	3	19	2	3
1999	79	3	20	2	4
1999	80	3	21	2	3
1999	81	3	22	3	3
1999	82	3	23	3	2
1999	83	3	24	3	1
1999	84	3	25	4	8
1999	85	3	26	4	6
1999	86	3	27	4	6
1999	87	3	28	4	4
1999	88	3	29	5	3
1999	89	3	30	6	2
1999	90	3	31	6	2
1999	91	4	1	4	1
1999	92	4	2	4	2
1999	93	4	3	4	3
1999	94	4	4	6	1
1999	95	4	5	6	4
1999	96	4	6	5	4
1999	97	4	7	4	3
1999	98	4	8	5	3
1999	99	4	9	5	3
1999	100	4	10	7	3
1999	101	4	11	8	4
1999	102	4	12	5	4
1999	103	4	13	4	3
1999	104	4	14	4	3
1999	105	4	15	4	3
1999	106	4	16	4	3
1999	107	4	17	4	3
1999	108	4	18	5	4
1999	109	4	19	5	4
1999	110	4	20	5	3
1999	111	4	21	6	2
1999	112	4	22	6	2
1999	113	4	23	6	3
1999	114	4	24	6	3
1999	115	4	25	7	4
1999	116	4	26	7	2
1999	117	4	27	7	4
1999	118	4	28	7	5
1999	119	4	29	7	5
1999	120	4	30	7	7
1999	121	5	1	7	8
1999	122	5	2	8	8
1999	123	5	3	8	8
1999	124	5	4	8	6
1999	125	5	5	8	6
1999	126	5	6	8	6
1999	127	5	7	7	5
1999	128	5	8	8	5
1999	129	5	9	8	5
1999	130	5	10	1	5
1999	131	5	11	2	5
1999	132	5	12	3	5
1999	133	5	13	2	5
1999	134	5	14	2	5
1999	135	5	15	1	5
1999	136	5	16	1	5
1999	137	5	17	1	5
1999	138	5	18	2	5
1999	139	5	19	4	6
1999	140	5	20	4	7
1999	141	5	21	4	7
1999	142	5	22	4	7
1999	143	5	23	4	5
1999	144	5	24	4	5
1999	145	5	25	4	5
1999	146	5	26	4	5
1999	147	5	27	4	6
1999	148	5	28	5	6
1999	149	5	29	6	7
1999	150	5	30	7	7
1999	151	5	31	7	7
1999	152	6	1	7	8
1999	153	6	2	6	8
1999	154	6	3	6	8
1999	155	6	4	6	1
1999	156	6	5	6	2
1999	157	6	6	6	5
1999	158	6	7	5	6
1999	159	6	8	4	6
1999	160	6	9	3	5
1999	161	6	10	1	5
1999	162	6	11	1	5
1999	163	6	12	8	5
1999	164	6	13	6	6
1999	165	6	14	5	7
1999	166	6	15	4	7
1999	167	6	16	4	6
1999	168	6	17	4	6
1999	169	6	18	4	6
1999	170	6	19	3	6
1999	171	6	20	1	6
1999	172	6	21	1	6
1999	173	6	22	1	7
1999	174	6	23	2	6
1999	175	6	24	3	7
1999	176	6	25	3	7
1999	177	6	26	3	7
1999	178	6	27	2	7
1999	179	6	28	1	7
1999	180	6	29	1	7
1999	181	6	30	1	7
1999	182	7	1	1	7
1999	183	7	2	1	7
1999	184	7	3	1	6
1999	185	7	4	2	5
1999	186	7	5	2	5
1999	187	7	6	2	5
1999	188	7	7	1	5
1999	189	7	8	1	6
1999	190	7	9	1	6
1999	191	7	10	8	5
1999	192	7	11	8	5
1999	193	7	12	8	5
1999	194	7	13	8	5
1999	195	7	14	8	5
1999	196	7	15	1	5
1999	197	7	16	1	5
1999	198	7	17	1	5
1999	199	7	18	8	6
1999	200	7	19	7	7
1999	201	7	20	6	8
1999	202	7	21	6	1
1999	203	7	22	6	1
1999	204	7	23	6	1
1999	205	7	24	6	3
1999	206	7	25	7	4
1999	207	7	26	7	4
1999	208	7	27	6	6
1999	209	7	28	5	8
1999	210	7	29	6	8
1999	211	7	30	6	1
1999	212	7	31	7	1
1999	213	8	1	7	1
1999	214	8	2	7	1
1999	215	8	3	7	1
1999	216	8	4	7	3
1999	217	8	5	8	4
1999	218	8	6	8	5
1999	219	8	7	8	5
1999	220	8	8	8	5
1999	221	8	9	1	5
1999	222	8	10	2	5
1999	223	8	11	2	6
1999	224	8	12	1	6
1999	225	8	13	2	6
1999	226	8	14	2	6
1999	227	8	15	2	6
1999	228	8	16	3	7
1999	229	8	17	3	7
1999	230	8	18	2	8
1999	231	8	19	2	8
1999	232	8	20	2	1
1999	233	8	21	2	4
1999	234	8	22	2	4
1999	235	8	23	3	4
1999	236	8	24	3	5
1999	237	8	25	3	5
1999	238	8	26	3	5
1999	239	8	27	3	6
1999	240	8	28	3	6
1999	241	8	29	4	7
1999	242	8	30	4	7
1999	243	8	31	4	7
1999	244	9	1	4	8
1999	245	9	2	5	8
1999	246	9	3	5	3
1999	247	9	4	5	3
1999	248	9	5	5	5
1999	249	9	6	5	5
1999	250	9	7	4	5
1999	251	9	8	4	6
1999	252	9	9	4	7
1999	253	9	10	5	7
1999	254	9	11	6	7
1999	255	9	12	6	6
1999	256	9	13	7	5
1999	257	9	14	7	5
1999	258	9	15	7	5
1999	259	9	16	8	4
1999	260	9	17	8	4
1999	261	9	18	8	3
1999	262	9	19	1	3
1999	263	9	20	1	4
1999	264	9	21	1	4
1999	265	9	22	1	5
1999	266	9	23	1	5
1999	267	9	24	2	6
1999	268	9	25	2	8
1999	269	9	26	2	1
1999	270	9	27	2	2
1999	271	9	28	2	1
1999	272	9	29	2	1
1999	273	9	30	2	2
1999	274	10	1	2	2
1999	275	10	2	3	1
1999	276	10	3	3	1
1999	277	10	4	2	2
1999	278	10	5	2	2
1999	279	10	6	2	2
1999	280	10	7	2	3
1999	281	10	8	2	3
1999	282	10	9	2	3
1999	283	10	10	2	2
1999	284	10	11	2	2
1999	285	10	12	3	2
1999	286	10	13	3	2
1999	287	10	14	4	2
1999	288	10	15	4	2
1999	289	10	16	4	2
1999	290	10	17	5	3
1999	291	10	18	5	3
1999	292	10	19	5	3
1999	293	10	20	3	3
1999	294	10	21	4	2
1999	295	10	22	4	2
1999	296	10	23	4	2
1999	297	10	24	2	3
1999	298	10	25	8	3
1999	299	10	26	7	3
1999	300	10	27	5	4
1999	301	10	28	5	4
1999	302	10	29	5	4
1999	303	10	30	5	4
1999	304	10	31	5	3
1999	305	11	1	5	4
1999	306	11	2	5	2
1999	307	11	3	5	1
1999	308	11	4	5	1
1999	309	11	5	6	1
1999	310	11	6	7	1
1999	311	11	7	7	2
1999	312	11	8	7	2
1999	313	11	9	7	1
1999	314	11	10	7	1
1999	315	11	11	7	8
1999	316	11	12	7	1
1999	317	11	13	8	1
1999	318	11	14	8	1
1999	319	11	15	8	1
1999	320	11	16	8	6
1999	321	11	17	1	8
1999	322	11	18	7	8
1999	323	11	19	8	1
1999	324	11	20	8	1
1999	325	11	21	3	1
1999	326	11	22	8	1
1999	327	11	23	8	8
1999	328	11	24	8	8
1999	329	11	25	2	7
1999	330	11	26	3	6
1999	331	11	27	3	7
1999	332	11	28	4	1
1999	333	11	29	4	1
1999	334	11	30	4	1
1999	335	12	1	3	1
1999	336	12	2	4	2
1999	337	12	3	4	1
1999	338	12	4	4	1
1999	339	12	5	4	1
1999	340	12	6	5	2
1999	341	12	7	5	2
1999	342	12	8	5	2
1999	343	12	9	5	2
1999	344	12	10	5	3
1999	345	12	11	4	3
1999	346	12	12	4	3
1999	347	12	13	5	2
1999	348	12	14	5	3
1999	349	12	15	5	3
1999	350	12	16	5	2
1999	351	12	17	6	3
1999	352	12	18	6	3
1999	353	12	19	6	2
1999	354	12	20	6	2
1999	355	12	21	8	2
1999	356	12	22	1	2
1999	357	12	23	1	2
1999	358	12	24	1	2
1999	359	12	25	8	2
1999	360	12	26	7	4
1999	361	12	27	1	8
1999	362	12	28	1	8
1999	363	12	29	1	7
1999	364	12	30	1	2
1999	365	12	31	1	2
2000	1	1	1	1	2
2000	2	1	2	1	2
2000	3	1	3	1	1
2000	4	1	4	1	1
2000	5	1	5	1	8
2000	6	1	6	8	8
2000	7	1	7	1	1
2000	8	1	8	8	8
2000	9	1	9	8	7
2000	10	1	10	1	7
2000	11	1	11	8	7
2000	12	1	12	8	8
2000	13	1	13	8	8
2000	14	1	14	1	8
2000	15	1	15	1	8
2000	16	1	16	8	1
2000	17	1	17	8	1
2000	18	1	18	8	6
2000	19	1	19	8	7
2000	20	1	20	4	7
2000	21	1	21	3	8
2000	22	1	22	3	8
2000	23	1	23	3	8
2000	24	1	24	3	8
2000	25	1	25	3	7
2000	26	1	26	2	8
2000	27	1	27	1	8
2000	28	1	28	1	8
2000	29	1	29	2	8
2000	30	1	30	3	8
2000	31	1	31	4	8
2000	32	2	1	3	1
2000	33	2	2	4	1
2000	34	2	3	4	1
2000	35	2	4	4	2
2000	36	2	5	5	1
2000	37	2	6	5	2
2000	38	2	7	6	4
2000	39	2	8	7	4
2000	40	2	9	5	4
2000	41	2	10	6	3
2000	42	2	11	6	3
2000	43	2	12	1	4
2000	44	2	13	1	4
2000	45	2	14	1	4
2000	46	2	15	2	4
2000	47	2	16	3	4
2000	48	2	17	2	3
2000	49	2	18	2	4
2000	50	2	19	2	4
2000	51	2	20	2	4
2000	52	2	21	3	4
2000	53	2	22	2	3
2000	54	2	23	2	3
2000	55	2	24	1	3
2000	56	2	25	2	3
2000	57	2	26	2	3
2000	58	2	27	3	3
2000	59	2	28	3	3
2000	60	2	29	3	3
2000	61	3	1	4	2
2000	62	3	2	4	2
2000	63	3	3	4	2
2000	64	3	4	4	2
2000	65	3	5	5	4
2000	66	3	6	6	3
2000	67	3	7	6	3
2000	68	3	8	6	4
2000	69	3	9	5	5
2000	70	3	10	4	5
2000	71	3	11	5	5
2000	72	3	12	5	5
2000	73	3	13	5	5
2000	74	3	14	5	4
2000	75	3	15	5	2
2000	76	3	16	5	4
2000	77	3	17	6	4
2000	78	3	18	6	2
2000	79	3	19	7	2
2000	80	3	20	8	5
2000	81	3	21	7	7
2000	82	3	22	8	1
2000	83	3	23	2	8
2000	84	3	24	3	7
2000	85	3	25	3	7
2000	86	3	26	3	7
2000	87	3	27	3	8
2000	88	3	28	3	6
2000	89	3	29	4	6
2000	90	3	30	4	5
2000	91	3	31	4	5
2000	92	4	1	4	4
2000	93	4	2	5	3
2000	94	4	3	5	3
2000	95	4	4	7	4
2000	96	4	5	4	4
2000	97	4	6	4	2
2000	98	4	7	4	2
2000	99	4	8	3	2
2000	100	4	9	2	1
2000	101	4	10	2	2
2000	102	4	11	3	4
2000	103	4	12	3	4
2000	104	4	13	6	4
2000	105	4	14	5	4
2000	106	4	15	5	4
2000	107	4	16	5	4
2000	108	4	17	5	2
2000	109	4	18	4	8
2000	110	4	19	6	1
2000	111	4	20	8	5
2000	112	4	21	8	4
2000	113	4	22	1	5
2000	114	4	23	1	4
2000	115	4	24	8	4
2000	116	4	25	1	5
2000	117	4	26	8	5
2000	118	4	27	4	5
2000	119	4	28	4	5
2000	120	4	29	4	6
2000	121	4	30	2	6
2000	122	5	1	7	6
2000	123	5	2	7	6
2000	124	5	3	6	7
2000	125	5	4	6	7
2000	126	5	5	6	8
2000	127	5	6	6	8
2000	128	5	7	7	8
2000	129	5	8	7	8
2000	130	5	9	7	8
2000	131	5	10	7	8
2000	132	5	11	7	8
2000	133	5	12	7	7
2000	134	5	13	7	6
2000	135	5	14	7	5
2000	136	5	15	7	5
2000	137	5	16	6	4
2000	138	5	17	6	4
2000	139	5	18	7	5
2000	140	5	19	7	4
2000	141	5	20	6	4
2000	142	5	21	6	5
2000	143	5	22	7	6
2000	144	5	23	7	6
2000	145	5	24	7	6
2000	146	5	25	8	6
2000	147	5	26	8	6
2000	148	5	27	2	7
2000	149	5	28	3	7
2000	150	5	29	3	7
2000	151	5	30	4	7
2000	152	5	31	4	7
2000	153	6	1	4	1
2000	154	6	2	4	1
2000	155	6	3	3	3
2000	156	6	4	3	4
2000	157	6	5	3	4
2000	158	6	6	2	4
2000	159	6	7	3	5
2000	160	6	8	4	6
2000	161	6	9	4	6
2000	162	6	10	3	6
2000	163	6	11	2	5
2000	164	6	12	7	5
2000	165	6	13	7	5
2000	166	6	14	7	7
2000	167	6	15	7	7
2000	168	6	16	7	7
2000	169	6	17	6	8
2000	170	6	18	3	8
2000	171	6	19	3	1
2000	172	6	20	2	7
2000	173	6	21	3	7
2000	174	6	22	2	7
2000	175	6	23	2	7
2000	176	6	24	2	7
2000	177	6	25	2	7
2000	178	6	26	3	8
2000	179	6	27	3	1
2000	180	6	28	3	1
2000	181	6	29	3	1
2000	182	6	30	4	1
2000	183	7	1	4	1
2000	184	7	2	7	1
2000	185	7	3	7	2
2000	186	7	4	7	2
2000	187	7	5	8	2
2000	188	7	6	7	3
2000	189	7	7	7	3
2000	190	7	8	6	4
2000	191	7	9	5	5
2000	192	7	10	5	6
2000	193	7	11	5	7
2000	194	7	12	5	7
2000	195	7	13	6	7
2000	196	7	14	6	7
2000	197	7	15	6	7
2000	198	7	16	7	7
2000	199	7	17	7	7
2000	200	7	18	8	7
2000	201	7	19	8	7
2000	202	7	20	8	7
2000	203	7	21	1	7
2000	204	7	22	1	7
2000	205	7	23	1	7
2000	206	7	24	1	7
2000	207	7	25	1	6
2000	208	7	26	1	5
2000	209	7	27	1	4
2000	210	7	28	1	4
2000	211	7	29	1	5
2000	212	7	30	2	6
2000	213	7	31	1	7
2000	214	8	1	1	8
2000	215	8	2	1	1
2000	216	8	3	1	1
2000	217	8	4	1	2
2000	218	8	5	1	2
2000	219	8	6	1	2
2000	220	8	7	2	2
2000	221	8	8	2	1
2000	222	8	9	2	1
2000	223	8	10	2	2
2000	224	8	11	2	3
2000	225	8	12	2	4
2000	226	8	13	2	5
2000	227	8	14	3	6
2000	228	8	15	3	6
2000	229	8	16	4	6
2000	230	8	17	4	6
2000	231	8	18	4	5
2000	232	8	19	5	5
2000	233	8	20	5	3
2000	234	8	21	5	3
2000	235	8	22	5	3
2000	236	8	23	5	4
2000	237	8	24	5	4
2000	238	8	25	5	3
2000	239	8	26	6	3
2000	240	8	27	6	4
2000	241	8	28	7	4
2000	242	8	29	7	5
2000	243	8	30	7	5
2000	244	8	31	6	6
2000	245	9	1	6	6
2000	246	9	2	6	6
2000	247	9	3	7	6
2000	248	9	4	7	6
2000	249	9	5	7	6
2000	250	9	6	7	7
2000	251	9	7	7	8
2000	252	9	8	7	8
2000	253	9	9	7	8
2000	254	9	10	7	8
2000	255	9	11	8	4
2000	256	9	12	8	4
2000	257	9	13	8	4
2000	258	9	14	8	4
2000	259	9	15	1	5
2000	260	9	16	1	5
2000	261	9	17	2	6
2000	262	9	18	2	7
2000	263	9	19	2	1
2000	264	9	20	2	2
2000	265	9	21	2	1
2000	266	9	22	2	8
2000	267	9	23	2	8
2000	268	9	24	2	7
2000	269	9	25	2	6
2000	270	9	26	2	5
2000	271	9	27	2	5
2000	272	9	28	3	5
2000	273	9	29	3	5
2000	274	9	30	3	5
2000	275	10	1	3	5
2000	276	10	2	3	5
2000	277	10	3	3	6
2000	278	10	4	3	7
2000	279	10	5	4	1
2000	280	10	6	4	2
2000	281	10	7	5	2
2000	282	10	8	5	2
2000	283	10	9	5	4
2000	284	10	10	5	4
2000	285	10	11	5	3
2000	286	10	12	5	3
2000	287	10	13	5	3
2000	288	10	14	5	2
2000	289	10	15	5	2
2000	290	10	16	5	2
2000	291	10	17	5	3
2000	292	10	18	5	3
2000	293	10	19	5	3
2000	294	10	20	5	3
2000	295	10	21	5	3
2000	296	10	22	5	3
2000	297	10	23	5	3
2000	298	10	24	5	3
2000	299	10	25	4	2
2000	300	10	26	5	8
2000	301	10	27	5	1
2000	302	10	28	5	1
2000	303	10	29	5	5
2000	304	10	30	5	5
2000	305	10	31	6	3
2000	306	11	1	5	1
2000	307	11	2	5	8
2000	308	11	3	7	7
2000	309	11	4	7	7
2000	310	11	5	7	6
2000	311	11	6	7	5
2000	312	11	7	8	6
2000	313	11	8	1	6
2000	314	11	9	1	6
2000	315	11	10	2	6
2000	316	11	11	2	7
2000	317	11	12	3	7
2000	318	11	13	2	8
2000	319	11	14	2	1
2000	320	11	15	2	1
2000	321	11	16	2	1
2000	322	11	17	2	1
2000	323	11	18	3	2
2000	324	11	19	2	2
2000	325	11	20	3	2
2000	326	11	21	3	2
2000	327	11	22	3	2
2000	328	11	23	3	2
2000	329	11	24	4	2
2000	330	11	25	5	2
2000	331	11	26	5	1
2000	332	11	27	5	7
2000	333	11	28	5	8
2000	334	11	29	5	1
2000	335	11	30	5	2
2000	336	12	1	6	2
2000	337	12	2	6	8
2000	338	12	3	6	8
2000	339	12	4	6	7
2000	340	12	5	6	7
2000	341	12	6	6	8
2000	342	12	7	7	1
2000	343	12	8	7	1
2000	344	12	9	8	8
2000	345	12	10	5	7
2000	346	12	11	4	5
2000	347	12	12	5	6
2000	348	12	13	5	5
2000	349	12	14	8	6
2000	350	12	15	2	7
2000	351	12	16	4	8
2000	352	12	17	3	8
2000	353	12	18	3	1
2000	354	12	19	3	1
2000	355	12	20	3	8
2000	356	12	21	3	3
2000	357	12	22	4	2
2000	358	12	23	4	2
2000	359	12	24	4	2
2000	360	12	25	4	2
2000	361	12	26	4	2
2000	362	12	27	4	2
2000	363	12	28	5	2
2000	364	12	29	6	1
2000	365	12	30	7	1
2000	366	12	31	7	2
2001	1	1	1	7	8
2001	2	1	2	7	8
2001	3	1	3	7	5
2001	4	1	4	3	8
2001	5	1	5	3	8
2001	6	1	6	2	7
2001	7	1	7	2	6
2001	8	1	8	8	4
2001	9	1	9	8	3
2001	10	1	10	1	3
2001	11	1	11	1	4
2001	12	1	12	5	3
2001	13	1	13	8	3
2001	14	1	14	3	4
2001	15	1	15	3	2
2001	16	1	16	2	2
2001	17	1	17	2	1
2001	18	1	18	2	1
2001	19	1	19	2	1
2001	20	1	20	2	1
2001	21	1	21	2	3
2001	22	1	22	1	3
2001	23	1	23	1	3
2001	24	1	24	1	2
2001	25	1	25	1	3
2001	26	1	26	2	3
2001	27	1	27	2	4
2001	28	1	28	2	3
2001	29	1	29	2	2
2001	30	1	30	1	2
2001	31	1	31	2	2
2001	32	2	1	2	3
2001	33	2	2	1	3
2001	34	2	3	3	2
2001	35	2	4	3	2
2001	36	2	5	3	2
2001	37	2	6	3	3
2001	38	2	7	3	2
2001	39	2	8	4	1
2001	40	2	9	4	1
2001	41	2	10	4	1
2001	42	2	11	4	1
2001	43	2	12	4	1
2001	44	2	13	5	2
2001	45	2	14	5	1
2001	46	2	15	4	8
2001	47	2	16	5	8
2001	48	2	17	5	8
2001	49	2	18	5	8
2001	50	2	19	6	6
2001	51	2	20	6	7
2001	52	2	21	6	7
2001	53	2	22	6	7
2001	54	2	23	6	6
2001	55	2	24	6	5
2001	56	2	25	7	6
2001	57	2	26	7	7
2001	58	2	27	6	7
2001	59	2	28	3	7
2001	60	3	1	2	6
2001	61	3	2	8	6
2001	62	3	3	1	7
2001	63	3	4	2	6
2001	64	3	5	3	5
2001	65	3	6	4	5
2001	66	3	7	4	5
2001	67	3	8	4	5
2001	68	3	9	4	5
2001	69	3	10	4	5
2001	70	3	11	5	4
2001	71	3	12	6	4
2001	72	3	13	6	5
2001	73	3	14	5	8
2001	74	3	15	5	6
2001	75	3	16	6	5
2001	76	3	17	6	6
2001	77	3	18	4	6
2001	78	3	19	2	6
2001	79	3	20	1	5
2001	80	3	21	8	4
2001	81	3	22	8	4
2001	82	3	23	8	4
2001	83	3	24	8	4
2001	84	3	25	7	4
2001	85	3	26	7	4
2001	86	3	27	7	4
2001	87	3	28	7	4
2001	88	3	29	7	5
2001	89	3	30	5	5
2001	90	3	31	3	5
2001	91	4	1	2	8
2001	92	4	2	1	8
2001	93	4	3	1	4
2001	94	4	4	1	4
2001	95	4	5	1	2
2001	96	4	6	1	1
2001	97	4	7	1	8
2001	98	4	8	8	4
2001	99	4	9	8	4
2001	100	4	10	8	4
2001	101	4	11	8	5
2001	102	4	12	4	6
2001	103	4	13	4	7
2001	104	4	14	4	7
2001	105	4	15	4	7
2001	106	4	16	5	7
2001	107	4	17	8	6
2001	108	4	18	8	5
2001	109	4	19	8	5
2001	110	4	20	8	6
2001	111	4	21	1	5
2001	112	4	22	1	4
2001	113	4	23	2	8
2001	114	4	24	2	1
2001	115	4	25	2	4
2001	116	4	26	2	3
2001	117	4	27	2	1
2001	118	4	28	2	1
2001	119	4	29	3	1
2001	120	4	30	2	4
2001	121	5	1	1	4
2001	122	5	2	8	4
2001	123	5	3	1	4
2001	124	5	4	1	7
2001	125	5	5	8	8
2001	126	5	6	8	8
2001	127	5	7	8	7
2001	128	5	8	7	5
2001	129	5	9	6	5
2001	130	5	10	5	6
2001	131	5	11	5	5
2001	132	5	12	6	3
2001	133	5	13	6	1
2001	134	5	14	7	7
2001	135	5	15	7	7
2001	136	5	16	7	7
2001	137	5	17	8	6
2001	138	5	18	8	5
2001	139	5	19	7	5
2001	140	5	20	7	6
2001	141	5	21	7	6
2001	142	5	22	7	5
2001	143	5	23	7	5
2001	144	5	24	6	5
2001	145	5	25	6	5
2001	146	5	26	5	5
2001	147	5	27	3	4
2001	148	5	28	5	4
2001	149	5	29	8	4
2001	150	5	30	2	4
2001	151	5	31	3	4
2001	152	6	1	3	1
2001	153	6	2	2	1
2001	154	6	3	2	1
2001	155	6	4	2	1
2001	156	6	5	2	2
2001	157	6	6	2	2
2001	158	6	7	2	2
2001	159	6	8	2	3
2001	160	6	9	2	3
2001	161	6	10	2	4
2001	162	6	11	3	4
2001	163	6	12	1	5
2001	164	6	13	5	5
2001	165	6	14	5	6
2001	166	6	15	5	6
2001	167	6	16	5	7
2001	168	6	17	6	7
2001	169	6	18	5	7
2001	170	6	19	5	7
2001	171	6	20	5	7
2001	172	6	21	5	8
2001	173	6	22	5	8
2001	174	6	23	5	8
2001	175	6	24	5	8
2001	176	6	25	5	7
2001	177	6	26	5	7
2001	178	6	27	5	8
2001	179	6	28	5	8
2001	180	6	29	5	8
2001	181	6	30	5	7
2001	182	7	1	5	7
2001	183	7	2	5	8
2001	184	7	3	6	1
2001	185	7	4	6	2
2001	186	7	5	6	4
2001	187	7	6	6	6
2001	188	7	7	6	7
2001	189	7	8	7	1
2001	190	7	9	8	1
2001	191	7	10	8	8
2001	192	7	11	8	7
2001	193	7	12	8	8
2001	194	7	13	8	8
2001	195	7	14	8	8
2001	196	7	15	8	7
2001	197	7	16	8	7
2001	198	7	17	8	6
2001	199	7	18	8	7
2001	200	7	19	8	7
2001	201	7	20	8	8
2001	202	7	21	1	8
2001	203	7	22	2	1
2001	204	7	23	2	8
2001	205	7	24	1	1
2001	206	7	25	1	1
2001	207	7	26	1	2
2001	208	7	27	1	2
2001	209	7	28	1	3
2001	210	7	29	1	3
2001	211	7	30	1	2
2001	212	7	31	2	1
2001	213	8	1	2	2
2001	214	8	2	4	2
2001	215	8	3	3	2
2001	216	8	4	3	2
2001	217	8	5	2	2
2001	218	8	6	2	3
2001	219	8	7	2	3
2001	220	8	8	3	6
2001	221	8	9	4	8
2001	222	8	10	4	8
2001	223	8	11	5	1
2001	224	8	12	6	1
2001	225	8	13	6	8
2001	226	8	14	6	8
2001	227	8	15	7	8
2001	228	8	16	7	1
2001	229	8	17	7	1
2001	230	8	18	7	3
2001	231	8	19	7	4
2001	232	8	20	7	5
2001	233	8	21	7	6
2001	234	8	22	7	7
2001	235	8	23	7	7
2001	236	8	24	7	7
2001	237	8	25	8	7
2001	238	8	26	8	1
2001	239	8	27	7	2
2001	240	8	28	7	3
2001	241	8	29	8	4
2001	242	8	30	8	4
2001	243	8	31	1	4
2001	244	9	1	2	4
2001	245	9	2	1	4
2001	246	9	3	1	5
2001	247	9	4	1	5
2001	248	9	5	1	5
2001	249	9	6	1	5
2001	250	9	7	1	5
2001	251	9	8	1	4
2001	252	9	9	1	4
2001	253	9	10	1	5
2001	254	9	11	1	5
2001	255	9	12	1	6
2001	256	9	13	1	1
2001	257	9	14	1	1
2001	258	9	15	1	4
2001	259	9	16	1	4
2001	260	9	17	2	5
2001	261	9	18	2	5
2001	262	9	19	2	7
2001	263	9	20	2	1
2001	264	9	21	2	1
2001	265	9	22	8	2
2001	266	9	23	8	2
2001	267	9	24	8	3
2001	268	9	25	1	3
2001	269	9	26	2	3
2001	270	9	27	3	3
2001	271	9	28	3	3
2001	272	9	29	3	4
2001	273	9	30	3	4
2001	274	10	1	3	5
2001	275	10	2	3	3
2001	276	10	3	3	2
2001	277	10	4	3	2
2001	278	10	5	4	2
2001	279	10	6	4	3
2001	280	10	7	3	3
2001	281	10	8	5	3
2001	282	10	9	5	4
2001	283	10	10	5	5
2001	284	10	11	5	8
2001	285	10	12	5	2
2001	286	10	13	6	4
2001	287	10	14	6	4
2001	288	10	15	6	4
2001	289	10	16	5	4
2001	290	10	17	3	5
2001	291	10	18	3	5
2001	292	10	19	3	5
2001	293	10	20	3	8
2001	294	10	21	3	8
2001	295	10	22	3	1
2001	296	10	23	2	8
2001	297	10	24	2	8
2001	298	10	25	1	1
2001	299	10	26	1	1
2001	300	10	27	1	4
2001	301	10	28	2	4
2001	302	10	29	3	4
2001	303	10	30	3	4
2001	304	10	31	3	5
2001	305	11	1	3	5
2001	306	11	2	3	6
2001	307	11	3	4	6
2001	308	11	4	4	8
2001	309	11	5	4	8
2001	310	11	6	4	1
2001	311	11	7	5	1
2001	312	11	8	6	2
2001	313	11	9	6	3
2001	314	11	10	6	3
2001	315	11	11	6	4
2001	316	11	12	7	4
2001	317	11	13	4	4
2001	318	11	14	4	4
2001	319	11	15	4	3
2001	320	11	16	4	3
2001	321	11	17	4	1
2001	322	11	18	5	1
2001	323	11	19	5	1
2001	324	11	20	5	1
2001	325	11	21	5	1
2001	326	11	22	6	1
2001	327	11	23	7	1
2001	328	11	24	7	2
2001	329	11	25	8	3
2001	330	11	26	1	4
2001	331	11	27	3	6
2001	332	11	28	4	7
2001	333	11	29	4	6
2001	334	11	30	4	6
2001	335	12	1	4	6
2001	336	12	2	4	7
2001	337	12	3	4	7
2001	338	12	4	5	6
2001	339	12	5	5	7
2001	340	12	6	5	7
2001	341	12	7	5	7
2001	342	12	8	5	7
2001	343	12	9	5	7
2001	344	12	10	5	7
2001	345	12	11	6	7
2001	346	12	12	5	7
2001	347	12	13	4	7
2001	348	12	14	4	7
2001	349	12	15	4	7
2001	350	12	16	4	7
2001	351	12	17	3	7
2001	352	12	18	3	7
2001	353	12	19	2	7
2001	354	12	20	3	7
2001	355	12	21	3	7
2001	356	12	22	8	7
2001	357	12	23	7	8
2001	358	12	24	7	8
2001	359	12	25	7	7
2001	360	12	26	8	6
2001	361	12	27	7	7
2001	362	12	28	7	7
2001	363	12	29	8	7
2001	364	12	30	4	6
2001	365	12	31	5	6
2002	1	1	1	6	6
2002	2	1	2	5	6
2002	3	1	3	5	6
2002	4	1	4	5	7
2002	5	1	5	3	6
2002	6	1	6	1	6
2002	7	1	7	8	7
2002	8	1	8	2	7
2002	9	1	9	7	7
2002	10	1	10	8	7
2002	11	1	11	8	7
2002	12	1	12	1	6
2002	13	1	13	1	7
2002	14	1	14	2	1
2002	15	1	15	2	1
2002	16	1	16	2	4
2002	17	1	17	1	4
2002	18	1	18	1	4
2002	19	1	19	1	3
2002	20	1	20	1	3
2002	21	1	21	1	3
2002	22	1	22	2	3
2002	23	1	23	2	3
2002	24	1	24	2	2
2002	25	1	25	1	2
2002	26	1	26	1	3
2002	27	1	27	2	3
2002	28	1	28	2	3
2002	29	1	29	2	3
2002	30	1	30	2	2
2002	31	1	31	2	1
2002	32	2	1	2	1
2002	33	2	2	1	1
2002	34	2	3	1	2
2002	35	2	4	8	2
2002	36	2	5	8	2
2002	37	2	6	8	2
2002	38	2	7	8	3
2002	39	2	8	5	3
2002	40	2	9	6	3
2002	41	2	10	8	3
2002	42	2	11	6	6
2002	43	2	12	7	7
2002	44	2	13	8	7
2002	45	2	14	8	7
2002	46	2	15	8	8
2002	47	2	16	4	8
2002	48	2	17	4	8
2002	49	2	18	4	7
2002	50	2	19	4	3
2002	51	2	20	4	1
2002	52	2	21	4	8
2002	53	2	22	6	7
2002	54	2	23	7	7
2002	55	2	24	8	7
2002	56	2	25	7	7
2002	57	2	26	7	8
2002	58	2	27	7	8
2002	59	2	28	7	7
2002	60	3	1	6	8
2002	61	3	2	6	8
2002	62	3	3	6	8
2002	63	3	4	6	8
2002	64	3	5	6	8
2002	65	3	6	6	7
2002	66	3	7	6	6
2002	67	3	8	5	8
2002	68	3	9	7	8
2002	69	3	10	1	7
2002	70	3	11	2	7
2002	71	3	12	2	7
2002	72	3	13	8	7
2002	73	3	14	4	5
2002	74	3	15	4	5
2002	75	3	16	3	4
2002	76	3	17	3	4
2002	77	3	18	3	6
2002	78	3	19	3	7
2002	79	3	20	3	8
2002	80	3	21	3	8
2002	81	3	22	4	4
2002	82	3	23	4	4
2002	83	3	24	3	4
2002	84	3	25	1	3
2002	85	3	26	1	4
2002	86	3	27	1	4
2002	87	3	28	1	3
2002	88	3	29	1	3
2002	89	3	30	2	4
2002	90	3	31	1	4
2002	91	4	1	8	5
2002	92	4	2	7	6
2002	93	4	3	7	4
2002	94	4	4	7	4
2002	95	4	5	7	6
2002	96	4	6	7	6
2002	97	4	7	7	7
2002	98	4	8	7	7
2002	99	4	9	7	7
2002	100	4	10	7	7
2002	101	4	11	7	7
2002	102	4	12	2	7
2002	103	4	13	2	7
2002	104	4	14	3	8
2002	105	4	15	4	8
2002	106	4	16	4	8
2002	107	4	17	4	8
2002	108	4	18	4	8
2002	109	4	19	3	8
2002	110	4	20	2	8
2002	111	4	21	2	8
2002	112	4	22	1	1
2002	113	4	23	1	1
2002	114	4	24	1	1
2002	115	4	25	2	1
2002	116	4	26	1	1
2002	117	4	27	1	1
2002	118	4	28	1	1
2002	119	4	29	1	1
2002	120	4	30	2	1
2002	121	5	1	2	1
2002	122	5	2	2	1
2002	123	5	3	2	1
2002	124	5	4	2	1
2002	125	5	5	2	2
2002	126	5	6	2	2
2002	127	5	7	3	2
2002	128	5	8	3	2
2002	129	5	9	4	2
2002	130	5	10	5	3
2002	131	5	11	5	4
2002	132	5	12	5	4
2002	133	5	13	5	4
2002	134	5	14	5	5
2002	135	5	15	6	5
2002	136	5	16	6	5
2002	137	5	17	6	4
2002	138	5	18	7	5
2002	139	5	19	7	5
2002	140	5	20	7	5
2002	141	5	21	7	5
2002	142	5	22	7	5
2002	143	5	23	7	5
2002	144	5	24	7	5
2002	145	5	25	7	5
2002	146	5	26	7	5
2002	147	5	27	7	6
2002	148	5	28	6	6
2002	149	5	29	7	6
2002	150	5	30	8	5
2002	151	5	31	8	5
2002	152	6	1	7	5
2002	153	6	2	7	4
2002	154	6	3	7	3
2002	155	6	4	7	4
2002	156	6	5	8	4
2002	157	6	6	8	3
2002	158	6	7	8	3
2002	159	6	8	1	3
2002	160	6	9	2	3
2002	161	6	10	2	3
2002	162	6	11	3	3
2002	163	6	12	3	3
2002	164	6	13	3	3
2002	165	6	14	3	3
2002	166	6	15	4	3
2002	167	6	16	4	3
2002	168	6	17	4	4
2002	169	6	18	4	4
2002	170	6	19	4	5
2002	171	6	20	5	5
2002	172	6	21	5	5
2002	173	6	22	5	5
2002	174	6	23	5	5
2002	175	6	24	5	5
2002	176	6	25	5	6
2002	177	6	26	5	7
2002	178	6	27	5	7
2002	179	6	28	5	7
2002	180	6	29	6	8
2002	181	6	30	6	8
2002	182	7	1	6	8
2002	183	7	2	6	1
2002	184	7	3	7	1
2002	185	7	4	7	8
2002	186	7	5	7	8
2002	187	7	6	7	1
2002	188	7	7	7	1
2002	189	7	8	7	3
2002	190	7	9	7	4
2002	191	7	10	7	4
2002	192	7	11	7	4
2002	193	7	12	7	3
2002	194	7	13	7	2
2002	195	7	14	8	3
2002	196	7	15	2	4
2002	197	7	16	3	5
2002	198	7	17	2	7
2002	199	7	18	1	7
2002	200	7	19	8	8
2002	201	7	20	8	8
2002	202	7	21	8	8
2002	203	7	22	8	8
2002	204	7	23	8	8
2002	205	7	24	8	7
2002	206	7	25	8	6
2002	207	7	26	7	6
2002	208	7	27	8	1
2002	209	7	28	8	2
2002	210	7	29	1	2
2002	211	7	30	3	2
2002	212	7	31	3	2
2002	213	8	1	3	2
2002	214	8	2	3	3
2002	215	8	3	3	3
2002	216	8	4	4	4
2002	217	8	5	4	4
2002	218	8	6	4	4
2002	219	8	7	4	5
2002	220	8	8	5	5
2002	221	8	9	5	6
2002	222	8	10	5	7
2002	223	8	11	5	7
2002	224	8	12	5	7
2002	225	8	13	5	8
2002	226	8	14	6	8
2002	227	8	15	6	8
2002	228	8	16	6	8
2002	229	8	17	6	4
2002	230	8	18	6	4
2002	231	8	19	6	5
2002	232	8	20	5	5
2002	233	8	21	4	6
2002	234	8	22	3	6
2002	235	8	23	3	6
2002	236	8	24	2	7
2002	237	8	25	2	8
2002	238	8	26	1	8
2002	239	8	27	8	8
2002	240	8	28	8	1
2002	241	8	29	8	1
2002	242	8	30	8	1
2002	243	8	31	8	8
2002	244	9	1	1	8
2002	245	9	2	8	8
2002	246	9	3	8	8
2002	247	9	4	8	3
2002	248	9	5	7	4
2002	249	9	6	7	5
2002	250	9	7	7	5
2002	251	9	8	6	4
2002	252	9	9	5	4
2002	253	9	10	5	4
2002	254	9	11	4	5
2002	255	9	12	4	6
2002	256	9	13	4	6
2002	257	9	14	5	7
2002	258	9	15	5	7
2002	259	9	16	5	7
2002	260	9	17	5	8
2002	261	9	18	6	1
2002	262	9	19	6	1
2002	263	9	20	7	1
2002	264	9	21	8	3
2002	265	9	22	1	5
2002	266	9	23	3	5
2002	267	9	24	3	5
2002	268	9	25	2	5
2002	269	9	26	2	6
2002	270	9	27	2	7
2002	271	9	28	2	8
2002	272	9	29	2	8
2002	273	9	30	1	8
2002	274	10	1	2	7
2002	275	10	2	2	7
2002	276	10	3	3	7
2002	277	10	4	3	8
2002	278	10	5	3	8
2002	279	10	6	3	8
2002	280	10	7	3	8
2002	281	10	8	3	1
2002	282	10	9	4	1
2002	283	10	10	8	1
2002	284	10	11	8	1
2002	285	10	12	8	2
2002	286	10	13	8	4
2002	287	10	14	3	5
2002	288	10	15	3	6
2002	289	10	16	3	5
2002	290	10	17	1	5
2002	291	10	18	1	5
2002	292	10	19	1	5
2002	293	10	20	1	5
2002	294	10	21	1	5
2002	295	10	22	3	5
2002	296	10	23	3	5
2002	297	10	24	3	5
2002	298	10	25	2	6
2002	299	10	26	2	5
2002	300	10	27	2	5
2002	301	10	28	2	5
2002	302	10	29	3	5
2002	303	10	30	2	5
2002	304	10	31	1	5
2002	305	11	1	2	5
2002	306	11	2	2	6
2002	307	11	3	3	6
2002	308	11	4	3	6
2002	309	11	5	3	6
2002	310	11	6	3	2
2002	311	11	7	2	3
2002	312	11	8	2	4
2002	313	11	9	3	4
2002	314	11	10	3	4
2002	315	11	11	3	4
2002	316	11	12	3	4
2002	317	11	13	2	4
2002	318	11	14	2	4
2002	319	11	15	2	4
2002	320	11	16	2	4
2002	321	11	17	3	3
2002	322	11	18	3	2
2002	323	11	19	4	2
2002	324	11	20	4	1
2002	325	11	21	4	2
2002	326	11	22	6	2
2002	327	11	23	7	2
2002	328	11	24	7	3
2002	329	11	25	7	4
2002	330	11	26	5	5
2002	331	11	27	5	5
2002	332	11	28	5	5
2002	333	11	29	6	7
2002	334	11	30	6	6
2002	335	12	1	7	5
2002	336	12	2	8	5
2002	337	12	3	8	7
2002	338	12	4	1	6
2002	339	12	5	2	6
2002	340	12	6	1	7
2002	341	12	7	8	7
2002	342	12	8	8	7
2002	343	12	9	8	6
2002	344	12	10	1	6
2002	345	12	11	2	6
2002	346	12	12	1	6
2002	347	12	13	1	6
2002	348	12	14	1	8
2002	349	12	15	2	8
2002	350	12	16	2	8
2002	351	12	17	1	5
2002	352	12	18	2	4
2002	353	12	19	2	4
2002	354	12	20	1	3
2002	355	12	21	1	3
2002	356	12	22	1	3
2002	357	12	23	1	3
2002	358	12	24	2	3
2002	359	12	25	3	3
2002	360	12	26	4	3
2002	361	12	27	5	3
2002	362	12	28	5	3
2002	363	12	29	4	3
2002	364	12	30	4	3
2002	365	12	31	5	3
2003	1	1	1	1	4
2003	2	1	2	3	2
2003	3	1	3	4	1
2003	4	1	4	4	8
2003	5	1	5	4	6
2003	6	1	6	5	8
2003	7	1	7	5	2
2003	8	1	8	7	2
2003	9	1	9	6	3
2003	10	1	10	7	4
2003	11	1	11	6	4
2003	12	1	12	6	7
2003	13	1	13	7	8
2003	14	1	14	6	7
2003	15	1	15	5	1
2003	16	1	16	4	1
2003	17	1	17	4	1
2003	18	1	18	7	1
2003	19	1	19	8	1
2003	20	1	20	7	8
2003	21	1	21	7	7
2003	22	1	22	6	5
2003	23	1	23	7	4
2003	24	1	24	6	4
2003	25	1	25	8	3
2003	26	1	26	8	2
2003	27	1	27	1	2
2003	28	1	28	2	2
2003	29	1	29	3	5
2003	30	1	30	3	2
2003	31	1	31	3	2
2003	32	2	1	2	3
2003	33	2	2	1	2
2003	34	2	3	1	2
2003	35	2	4	3	2
2003	36	2	5	3	2
2003	37	2	6	3	1
2003	38	2	7	3	1
2003	39	2	8	3	2
2003	40	2	9	2	2
2003	41	2	10	1	1
2003	42	2	11	2	8
2003	43	2	12	2	8
2003	44	2	13	2	8
2003	45	2	14	2	8
2003	46	2	15	2	8
2003	47	2	16	2	5
2003	48	2	17	7	6
2003	49	2	18	6	6
2003	50	2	19	7	4
2003	51	2	20	7	4
2003	52	2	21	7	7
2003	53	2	22	6	7
2003	54	2	23	7	6
2003	55	2	24	7	7
2003	56	2	25	7	2
2003	57	2	26	4	2
2003	58	2	27	3	2
2003	59	2	28	2	1
2003	60	3	1	3	2
2003	61	3	2	4	3
2003	62	3	3	4	4
2003	63	3	4	7	3
2003	64	3	5	7	2
2003	65	3	6	8	2
2003	66	3	7	8	4
2003	67	3	8	7	5
2003	68	3	9	7	8
2003	69	3	10	8	8
2003	70	3	11	7	1
2003	71	3	12	5	8
2003	72	3	13	4	8
2003	73	3	14	3	8
2003	74	3	15	4	5
2003	75	3	16	4	5
2003	76	3	17	5	5
2003	77	3	18	8	5
2003	78	3	19	8	5
2003	79	3	20	8	4
2003	80	3	21	8	4
2003	81	3	22	8	7
2003	82	3	23	8	7
2003	83	3	24	1	8
2003	84	3	25	3	8
2003	85	3	26	4	7
2003	86	3	27	4	3
2003	87	3	28	5	4
2003	88	3	29	5	4
2003	89	3	30	5	7
2003	90	3	31	5	6
2003	91	4	1	6	4
2003	92	4	2	7	4
2003	93	4	3	7	4
2003	94	4	4	7	4
2003	95	4	5	7	4
2003	96	4	6	4	7
2003	97	4	7	5	8
2003	98	4	8	4	7
2003	99	4	9	3	7
2003	100	4	10	2	7
2003	101	4	11	2	8
2003	102	4	12	2	7
2003	103	4	13	3	7
2003	104	4	14	5	7
2003	105	4	15	4	7
2003	106	4	16	8	8
2003	107	4	17	7	8
2003	108	4	18	5	8
2003	109	4	19	5	8
2003	110	4	20	4	8
2003	111	4	21	4	8
2003	112	4	22	2	8
2003	113	4	23	3	8
2003	114	4	24	4	8
2003	115	4	25	3	8
2003	116	4	26	3	8
2003	117	4	27	3	1
2003	118	4	28	2	1
2003	119	4	29	2	1
2003	120	4	30	2	1
2003	121	5	1	2	1
2003	122	5	2	1	1
2003	123	5	3	8	1
2003	124	5	4	1	2
2003	125	5	5	1	2
2003	126	5	6	2	2
2003	127	5	7	3	2
2003	128	5	8	3	2
2003	129	5	9	3	2
2003	130	5	10	3	2
2003	131	5	11	4	2
2003	132	5	12	4	2
2003	133	5	13	4	2
2003	134	5	14	5	2
2003	135	5	15	5	3
2003	136	5	16	5	3
2003	137	5	17	6	3
2003	138	5	18	6	5
2003	139	5	19	6	7
2003	140	5	20	6	7
2003	141	5	21	6	7
2003	142	5	22	7	8
2003	143	5	23	7	8
2003	144	5	24	7	8
2003	145	5	25	7	8
2003	146	5	26	7	7
2003	147	5	27	7	7
2003	148	5	28	7	1
2003	149	5	29	7	2
2003	150	5	30	7	2
2003	151	5	31	7	2
2003	152	6	1	7	3
2003	153	6	2	8	5
2003	154	6	3	8	5
2003	155	6	4	8	6
2003	156	6	5	8	6
2003	157	6	6	8	6
2003	158	6	7	8	6
2003	159	6	8	8	5
2003	160	6	9	8	5
2003	161	6	10	8	6
2003	162	6	11	8	6
2003	163	6	12	7	6
2003	164	6	13	4	7
2003	165	6	14	5	7
2003	166	6	15	5	7
2003	167	6	16	6	1
2003	168	6	17	5	4
2003	169	6	18	4	5
2003	170	6	19	4	5
2003	171	6	20	4	5
2003	172	6	21	4	6
2003	173	6	22	3	5
2003	174	6	23	3	5
2003	175	6	24	2	5
2003	176	6	25	2	5
2003	177	6	26	3	5
2003	178	6	27	3	6
2003	179	6	28	3	6
2003	180	6	29	3	5
2003	181	6	30	3	5
2003	182	7	1	3	4
2003	183	7	2	3	5
2003	184	7	3	3	6
2003	185	7	4	3	7
2003	186	7	5	3	6
2003	187	7	6	3	6
2003	188	7	7	3	7
2003	189	7	8	3	7
2003	190	7	9	3	7
2003	191	7	10	3	7
2003	192	7	11	3	7
2003	193	7	12	3	7
2003	194	7	13	3	6
2003	195	7	14	3	5
2003	196	7	15	3	5
2003	197	7	16	4	5
2003	198	7	17	4	7
2003	199	7	18	4	8
2003	200	7	19	5	1
2003	201	7	20	5	1
2003	202	7	21	5	2
2003	203	7	22	5	3
2003	204	7	23	5	4
2003	205	7	24	5	5
2003	206	7	25	4	5
2003	207	7	26	5	5
2003	208	7	27	4	5
2003	209	7	28	3	6
2003	210	7	29	2	6
2003	211	7	30	7	7
2003	212	7	31	7	7
2003	213	8	1	7	8
2003	214	8	2	6	1
2003	215	8	3	6	1
2003	216	8	4	7	3
2003	217	8	5	7	3
2003	218	8	6	7	4
2003	219	8	7	8	4
2003	220	8	8	1	5
2003	221	8	9	1	5
2003	222	8	10	2	4
2003	223	8	11	2	4
2003	224	8	12	3	4
2003	225	8	13	2	3
2003	226	8	14	2	3
2003	227	8	15	2	2
2003	228	8	16	2	2
2003	229	8	17	3	2
2003	230	8	18	5	3
2003	231	8	19	5	3
2003	232	8	20	5	4
2003	233	8	21	4	4
2003	234	8	22	4	4
2003	235	8	23	5	4
2003	236	8	24	5	5
2003	237	8	25	4	5
2003	238	8	26	4	6
2003	239	8	27	4	6
2003	240	8	28	4	8
2003	241	8	29	4	8
2003	242	8	30	5	8
2003	243	8	31	6	8
2003	244	9	1	6	1
2003	245	9	2	6	2
2003	246	9	3	6	2
2003	247	9	4	5	5
2003	248	9	5	5	6
2003	249	9	6	5	6
2003	250	9	7	6	5
2003	251	9	8	6	1
2003	252	9	9	6	3
2003	253	9	10	5	4
2003	254	9	11	5	4
2003	255	9	12	4	4
2003	256	9	13	4	4
2003	257	9	14	4	4
2003	258	9	15	4	4
2003	259	9	16	5	4
2003	260	9	17	5	3
2003	261	9	18	5	3
2003	262	9	19	3	4
2003	263	9	20	1	4
2003	264	9	21	8	4
2003	265	9	22	7	5
2003	266	9	23	7	1
2003	267	9	24	7	1
2003	268	9	25	7	1
2003	269	9	26	7	1
2003	270	9	27	8	2
2003	271	9	28	8	3
2003	272	9	29	8	3
2003	273	9	30	3	2
2003	274	10	1	3	2
2003	275	10	2	3	2
2003	276	10	3	3	2
2003	277	10	4	3	3
2003	278	10	5	2	3
2003	279	10	6	3	3
2003	280	10	7	2	4
2003	281	10	8	1	4
2003	282	10	9	8	4
2003	283	10	10	8	3
2003	284	10	11	8	2
2003	285	10	12	4	1
2003	286	10	13	4	8
2003	287	10	14	5	1
2003	288	10	15	6	1
2003	289	10	16	7	1
2003	290	10	17	7	1
2003	291	10	18	7	1
2003	292	10	19	7	1
2003	293	10	20	7	1
2003	294	10	21	7	2
2003	295	10	22	7	2
2003	296	10	23	7	1
2003	297	10	24	7	5
2003	298	10	25	8	6
2003	299	10	26	8	6
2003	300	10	27	1	8
2003	301	10	28	1	8
2003	302	10	29	1	8
2003	303	10	30	1	7
2003	304	10	31	1	8
2003	305	11	1	1	8
2003	306	11	2	1	7
2003	307	11	3	1	8
2003	308	11	4	1	7
2003	309	11	5	1	8
2003	310	11	6	1	7
2003	311	11	7	2	7
2003	312	11	8	2	7
2003	313	11	9	2	7
2003	314	11	10	2	8
2003	315	11	11	2	8
2003	316	11	12	2	8
2003	317	11	13	2	8
2003	318	11	14	1	1
2003	319	11	15	7	1
2003	320	11	16	6	2
2003	321	11	17	8	3
2003	322	11	18	8	2
2003	323	11	19	8	2
2003	324	11	20	8	7
2003	325	11	21	6	6
2003	326	11	22	5	7
2003	327	11	23	8	8
2003	328	11	24	7	8
2003	329	11	25	7	8
2003	330	11	26	7	1
2003	331	11	27	8	1
2003	332	11	28	8	1
2003	333	11	29	8	1
2003	334	11	30	8	3
2003	335	12	1	8	4
2003	336	12	2	8	5
2003	337	12	3	8	5
2003	338	12	4	1	1
2003	339	12	5	1	1
2003	340	12	6	2	8
2003	341	12	7	2	3
2003	342	12	8	3	2
2003	343	12	9	3	2
2003	344	12	10	3	2
2003	345	12	11	4	3
2003	346	12	12	4	4
2003	347	12	13	4	3
2003	348	12	14	5	3
2003	349	12	15	6	4
2003	350	12	16	5	4
2003	351	12	17	5	4
2003	352	12	18	5	5
2003	353	12	19	4	5
2003	354	12	20	4	5
2003	355	12	21	4	1
2003	356	12	22	5	8
2003	357	12	23	5	7
2003	358	12	24	6	7
2003	359	12	25	6	7
2003	360	12	26	6	6
2003	361	12	27	8	6
2003	362	12	28	8	7
2003	363	12	29	4	7
2003	364	12	30	3	6
2003	365	12	31	3	6
2004	1	1	1	3	6
2004	2	1	2	4	6
2004	3	1	3	4	6
2004	4	1	4	2	6
2004	5	1	5	1	6
2004	6	1	6	8	6
2004	7	1	7	1	6
2004	8	1	8	1	6
2004	9	1	9	1	6
2004	10	1	10	1	6
2004	11	1	11	8	6
2004	12	1	12	8	6
2004	13	1	13	8	6
2004	14	1	14	8	6
2004	15	1	15	8	6
2004	16	1	16	8	5
2004	17	1	17	8	5
2004	18	1	18	8	5
2004	19	1	19	7	5
2004	20	1	20	8	5
2004	21	1	21	7	5
2004	22	1	22	1	6
2004	23	1	23	3	6
2004	24	1	24	2	5
2004	25	1	25	1	4
2004	26	1	26	1	3
2004	27	1	27	2	3
2004	28	1	28	1	4
2004	29	1	29	1	4
2004	30	1	30	1	4
2004	31	1	31	1	3
2004	32	2	1	2	2
2004	33	2	2	3	3
2004	34	2	3	4	4
2004	35	2	4	4	4
2004	36	2	5	4	4
2004	37	2	6	4	3
2004	38	2	7	4	4
2004	39	2	8	4	3
2004	40	2	9	4	2
2004	41	2	10	4	1
2004	42	2	11	5	1
2004	43	2	12	5	1
2004	44	2	13	4	1
2004	45	2	14	5	1
2004	46	2	15	5	1
2004	47	2	16	6	1
2004	48	2	17	5	1
2004	49	2	18	5	2
2004	50	2	19	5	2
2004	51	2	20	6	2
2004	52	2	21	5	1
2004	53	2	22	5	1
2004	54	2	23	5	5
2004	55	2	24	6	2
2004	56	2	25	6	4
2004	57	2	26	5	4
2004	58	2	27	4	3
2004	59	2	28	3	3
2004	60	2	29	3	3
2004	61	3	1	2	4
2004	62	3	2	1	4
2004	63	3	3	1	3
2004	64	3	4	2	4
2004	65	3	5	3	3
2004	66	3	6	3	1
2004	67	3	7	3	1
2004	68	3	8	3	1
2004	69	3	9	3	1
2004	70	3	10	4	1
2004	71	3	11	4	2
2004	72	3	12	4	3
2004	73	3	13	4	3
2004	74	3	14	4	2
2004	75	3	15	4	2
2004	76	3	16	5	1
2004	77	3	17	5	1
2004	78	3	18	5	1
2004	79	3	19	5	2
2004	80	3	20	6	2
2004	81	3	21	6	2
2004	82	3	22	7	3
2004	83	3	23	7	4
2004	84	3	24	7	3
2004	85	3	25	7	4
2004	86	3	26	7	4
2004	87	3	27	8	6
2004	88	3	28	8	6
2004	89	3	29	8	7
2004	90	3	30	7	7
2004	91	3	31	7	6
2004	92	4	1	8	6
2004	93	4	2	4	6
2004	94	4	3	5	6
2004	95	4	4	7	6
2004	96	4	5	6	6
2004	97	4	6	6	7
2004	98	4	7	5	6
2004	99	4	8	5	5
2004	100	4	9	6	8
2004	101	4	10	7	8
2004	102	4	11	7	7
2004	103	4	12	7	7
2004	104	4	13	7	7
2004	105	4	14	7	7
2004	106	4	15	8	6
2004	107	4	16	8	6
2004	108	4	17	7	7
2004	109	4	18	8	7
2004	110	4	19	2	7
2004	111	4	20	2	7
2004	112	4	21	2	7
2004	113	4	22	2	7
2004	114	4	23	2	5
2004	115	4	24	2	4
2004	116	4	25	2	8
2004	117	4	26	2	8
2004	118	4	27	3	8
2004	119	4	28	3	1
2004	120	4	29	3	1
2004	121	4	30	2	2
2004	122	5	1	3	2
2004	123	5	2	3	2
2004	124	5	3	3	2
2004	125	5	4	3	2
2004	126	5	5	3	2
2004	127	5	6	3	2
2004	128	5	7	3	2
2004	129	5	8	4	2
2004	130	5	9	4	2
2004	131	5	10	4	2
2004	132	5	11	5	2
2004	133	5	12	5	1
2004	134	5	13	5	1
2004	135	5	14	5	1
2004	136	5	15	5	1
2004	137	5	16	5	1
2004	138	5	17	5	1
2004	139	5	18	6	4
2004	140	5	19	6	4
2004	141	5	20	7	4
2004	142	5	21	7	4
2004	143	5	22	7	4
2004	144	5	23	7	4
2004	145	5	24	7	4
2004	146	5	25	1	4
2004	147	5	26	1	3
2004	148	5	27	1	1
2004	149	5	28	2	8
2004	150	5	29	2	8
2004	151	5	30	3	8
2004	152	5	31	3	1
2004	153	6	1	2	1
2004	154	6	2	8	1
2004	155	6	3	8	2
2004	156	6	4	7	2
2004	157	6	5	8	2
2004	158	6	6	7	3
2004	159	6	7	4	3
2004	160	6	8	4	4
2004	161	6	9	4	3
2004	162	6	10	5	2
2004	163	6	11	5	2
2004	164	6	12	5	2
2004	165	6	13	5	2
2004	166	6	14	5	1
2004	167	6	15	6	8
2004	168	6	16	7	8
2004	169	6	17	7	8
2004	170	6	18	7	8
2004	171	6	19	7	7
2004	172	6	20	7	6
2004	173	6	21	7	7
2004	174	6	22	7	7
2004	175	6	23	7	7
2004	176	6	24	7	7
2004	177	6	25	6	8
2004	178	6	26	6	8
2004	179	6	27	7	8
2004	180	6	28	7	8
2004	181	6	29	7	1
2004	182	6	30	8	3
2004	183	7	1	8	4
2004	184	7	2	1	4
2004	185	7	3	1	4
2004	186	7	4	2	5
2004	187	7	5	2	5
2004	188	7	6	2	7
2004	189	7	7	2	7
2004	190	7	8	2	7
2004	191	7	9	2	7
2004	192	7	10	2	6
2004	193	7	11	2	6
2004	194	7	12	2	6
2004	195	7	13	3	7
2004	196	7	14	3	7
2004	197	7	15	3	8
2004	198	7	16	3	8
2004	199	7	17	3	7
2004	200	7	18	3	6
2004	201	7	19	3	7
2004	202	7	20	3	8
2004	203	7	21	3	1
2004	204	7	22	3	2
2004	205	7	23	2	2
2004	206	7	24	2	2
2004	207	7	25	1	2
2004	208	7	26	8	3
2004	209	7	27	1	3
2004	210	7	28	2	3
2004	211	7	29	2	3
2004	212	7	30	2	7
2004	213	7	31	7	8
2004	214	8	1	7	8
2004	215	8	2	7	1
2004	216	8	3	6	1
2004	217	8	4	6	1
2004	218	8	5	6	8
2004	219	8	6	6	8
2004	220	8	7	7	8
2004	221	8	8	7	7
2004	222	8	9	7	6
2004	223	8	10	7	6
2004	224	8	11	7	5
2004	225	8	12	7	6
2004	226	8	13	6	6
2004	227	8	14	6	7
2004	228	8	15	6	6
2004	229	8	16	5	6
2004	230	8	17	5	6
2004	231	8	18	5	6
2004	232	8	19	5	7
2004	233	8	20	5	7
2004	234	8	21	6	8
2004	235	8	22	8	5
2004	236	8	23	8	5
2004	237	8	24	8	5
2004	238	8	25	8	4
2004	239	8	26	8	4
2004	240	8	27	8	4
2004	241	8	28	8	4
2004	242	8	29	1	4
2004	243	8	30	2	5
2004	244	8	31	2	8
2004	245	9	1	2	2
2004	246	9	2	2	2
2004	247	9	3	1	2
2004	248	9	4	1	3
2004	249	9	5	1	3
2004	250	9	6	2	4
2004	251	9	7	3	5
2004	252	9	8	3	6
2004	253	9	9	3	5
2004	254	9	10	3	5
2004	255	9	11	1	5
2004	256	9	12	2	5
2004	257	9	13	3	6
2004	258	9	14	3	6
2004	259	9	15	3	5
2004	260	9	16	3	6
2004	261	9	17	3	6
2004	262	9	18	3	6
2004	263	9	19	3	7
2004	264	9	20	3	7
2004	265	9	21	2	7
2004	266	9	22	2	8
2004	267	9	23	2	1
2004	268	9	24	2	1
2004	269	9	25	2	2
2004	270	9	26	2	2
2004	271	9	27	2	2
2004	272	9	28	2	2
2004	273	9	29	2	2
2004	274	9	30	3	1
2004	275	10	1	4	8
2004	276	10	2	5	2
2004	277	10	3	6	2
2004	278	10	4	6	3
2004	279	10	5	6	4
2004	280	10	6	6	5
2004	281	10	7	7	4
2004	282	10	8	7	5
2004	283	10	9	6	6
2004	284	10	10	6	7
2004	285	10	11	6	7
2004	286	10	12	6	7
2004	287	10	13	6	7
2004	288	10	14	6	8
2004	289	10	15	7	8
2004	290	10	16	7	8
2004	291	10	17	8	8
2004	292	10	18	8	7
2004	293	10	19	8	6
2004	294	10	20	1	6
2004	295	10	21	1	7
2004	296	10	22	1	8
2004	297	10	23	1	8
2004	298	10	24	2	8
2004	299	10	25	2	7
2004	300	10	26	2	7
2004	301	10	27	2	6
2004	302	10	28	2	8
2004	303	10	29	1	1
2004	304	10	30	1	1
2004	305	10	31	1	8
2004	306	11	1	2	5
2004	307	11	2	2	6
2004	308	11	3	2	6
2004	309	11	4	2	2
2004	310	11	5	1	3
2004	311	11	6	2	3
2004	312	11	7	1	4
2004	313	11	8	1	8
2004	314	11	9	8	8
2004	315	11	10	8	8
2004	316	11	11	1	8
2004	317	11	12	3	8
2004	318	11	13	3	8
2004	319	11	14	2	8
2004	320	11	15	5	7
2004	321	11	16	6	8
2004	322	11	17	7	8
2004	323	11	18	8	8
2004	324	11	19	8	6
2004	325	11	20	8	6
2004	326	11	21	7	1
2004	327	11	22	5	2
2004	328	11	23	5	1
2004	329	11	24	5	1
2004	330	11	25	4	8
2004	331	11	26	4	8
2004	332	11	27	4	7
2004	333	11	28	5	7
2004	334	11	29	5	7
2004	335	11	30	5	8
2004	336	12	1	5	1
2004	337	12	2	6	2
2004	338	12	3	6	2
2004	339	12	4	6	5
2004	340	12	5	4	5
2004	341	12	6	5	7
2004	342	12	7	6	8
2004	343	12	8	7	8
2004	344	12	9	7	8
2004	345	12	10	8	8
2004	346	12	11	4	8
2004	347	12	12	7	8
2004	348	12	13	7	7
2004	349	12	14	7	8
2004	350	12	15	7	1
2004	351	12	16	7	8
2004	352	12	17	6	8
2004	353	12	18	7	1
2004	354	12	19	7	2
2004	355	12	20	7	2
2004	356	12	21	7	3
2004	357	12	22	7	4
2004	358	12	23	8	4
2004	359	12	24	1	4
2004	360	12	25	1	4
2004	361	12	26	1	4
2004	362	12	27	3	4
2004	363	12	28	3	4
2004	364	12	29	3	4
2004	365	12	30	4	4
2004	366	12	31	4	4
2005	1	1	1	4	4
2005	2	1	2	4	3
2005	3	1	3	4	3
2005	4	1	4	3	3
2005	5	1	5	2	3
2005	6	1	6	3	3
2005	7	1	7	3	3
2005	8	1	8	4	3
2005	9	1	9	4	4
2005	10	1	10	5	5
2005	11	1	11	5	5
2005	12	1	12	5	5
2005	13	1	13	5	4
2005	14	1	14	6	4
2005	15	1	15	7	4
2005	16	1	16	7	5
2005	17	1	17	6	5
2005	18	1	18	6	5
2005	19	1	19	5	5
2005	20	1	20	4	5
2005	21	1	21	3	6
2005	22	1	22	5	6
2005	23	1	23	6	6
2005	24	1	24	6	6
2005	25	1	25	6	5
2005	26	1	26	7	5
2005	27	1	27	5	4
2005	28	1	28	5	4
2005	29	1	29	7	4
2005	30	1	30	3	4
2005	31	1	31	6	5
2005	32	2	1	5	5
2005	33	2	2	5	5
2005	34	2	3	5	5
2005	35	2	4	4	5
2005	36	2	5	4	5
2005	37	2	6	4	5
2005	38	2	7	5	7
2005	39	2	8	4	7
2005	40	2	9	3	7
2005	41	2	10	3	6
2005	42	2	11	3	7
2005	43	2	12	2	7
2005	44	2	13	2	7
2005	45	2	14	8	7
2005	46	2	15	8	6
2005	47	2	16	2	6
2005	48	2	17	8	5
2005	49	2	18	8	4
2005	50	2	19	1	4
2005	51	2	20	3	4
2005	52	2	21	2	4
2005	53	2	22	1	5
2005	54	2	23	8	5
2005	55	2	24	8	5
2005	56	2	25	8	5
2005	57	2	26	8	5
2005	58	2	27	8	5
2005	59	2	28	8	5
2005	60	3	1	8	5
2005	61	3	2	7	5
2005	62	3	3	7	5
2005	63	3	4	6	5
2005	64	3	5	5	6
2005	65	3	6	6	6
2005	66	3	7	5	6
2005	67	3	8	4	7
2005	68	3	9	5	7
2005	69	3	10	5	6
2005	70	3	11	5	6
2005	71	3	12	5	5
2005	72	3	13	5	4
2005	73	3	14	4	3
2005	74	3	15	4	1
2005	75	3	16	4	8
2005	76	3	17	4	8
2005	77	3	18	4	1
2005	78	3	19	2	2
2005	79	3	20	2	2
2005	80	3	21	2	2
2005	81	3	22	2	3
2005	82	3	23	4	3
2005	83	3	24	4	3
2005	84	3	25	4	3
2005	85	3	26	3	2
2005	86	3	27	3	3
2005	87	3	28	3	3
2005	88	3	29	3	3
2005	89	3	30	3	3
2005	90	3	31	3	3
2005	91	4	1	2	2
2005	92	4	2	2	2
2005	93	4	3	2	3
2005	94	4	4	3	2
2005	95	4	5	3	2
2005	96	4	6	4	2
2005	97	4	7	4	2
2005	98	4	8	4	2
2005	99	4	9	4	1
2005	100	4	10	4	8
2005	101	4	11	5	7
2005	102	4	12	5	6
2005	103	4	13	5	7
2005	104	4	14	5	7
2005	105	4	15	5	8
2005	106	4	16	5	8
2005	107	4	17	5	8
2005	108	4	18	6	8
2005	109	4	19	7	8
2005	110	4	20	4	8
2005	111	4	21	4	7
2005	112	4	22	4	7
2005	113	4	23	7	7
2005	114	4	24	8	8
2005	115	4	25	8	8
2005	116	4	26	8	6
2005	117	4	27	8	6
2005	118	4	28	1	6
2005	119	4	29	1	6
2005	120	4	30	2	6
2005	121	5	1	2	4
2005	122	5	2	2	3
2005	123	5	3	2	3
2005	124	5	4	2	3
2005	125	5	5	2	3
2005	126	5	6	3	3
2005	127	5	7	3	3
2005	128	5	8	3	3
2005	129	5	9	3	3
2005	130	5	10	4	3
2005	131	5	11	3	3
2005	132	5	12	8	3
2005	133	5	13	8	4
2005	134	5	14	8	3
2005	135	5	15	8	1
2005	136	5	16	8	8
2005	137	5	17	8	8
2005	138	5	18	7	8
2005	139	5	19	7	8
2005	140	5	20	8	8
2005	141	5	21	1	8
2005	142	5	22	1	7
2005	143	5	23	2	6
2005	144	5	24	1	6
2005	145	5	25	1	8
2005	146	5	26	8	8
2005	147	5	27	8	1
2005	148	5	28	8	2
2005	149	5	29	8	2
2005	150	5	30	7	1
2005	151	5	31	5	1
2005	152	6	1	5	2
2005	153	6	2	5	3
2005	154	6	3	5	2
2005	155	6	4	6	2
2005	156	6	5	7	2
2005	157	6	6	7	2
2005	158	6	7	7	2
2005	159	6	8	8	3
2005	160	6	9	8	3
2005	161	6	10	1	4
2005	162	6	11	2	4
2005	163	6	12	3	4
2005	164	6	13	3	3
2005	165	6	14	3	3
2005	166	6	15	3	3
2005	167	6	16	3	3
2005	168	6	17	3	3
2005	169	6	18	3	4
2005	170	6	19	3	4
2005	171	6	20	3	4
2005	172	6	21	4	4
2005	173	6	22	4	5
2005	174	6	23	4	5
2005	175	6	24	5	5
2005	176	6	25	5	6
2005	177	6	26	5	6
2005	178	6	27	5	6
2005	179	6	28	5	6
2005	180	6	29	5	6
2005	181	6	30	4	6
2005	182	7	1	4	6
2005	183	7	2	4	6
2005	184	7	3	4	6
2005	185	7	4	4	6
2005	186	7	5	4	6
2005	187	7	6	4	5
2005	188	7	7	4	5
2005	189	7	8	3	5
2005	190	7	9	3	7
2005	191	7	10	3	8
2005	192	7	11	3	8
2005	193	7	12	2	1
2005	194	7	13	2	1
2005	195	7	14	1	1
2005	196	7	15	1	1
2005	197	7	16	1	1
2005	198	7	17	1	2
2005	199	7	18	1	2
2005	200	7	19	8	2
2005	201	7	20	8	1
2005	202	7	21	7	1
2005	203	7	22	7	1
2005	204	7	23	7	2
2005	205	7	24	7	2
2005	206	7	25	6	4
2005	207	7	26	5	4
2005	208	7	27	5	5
2005	209	7	28	5	6
2005	210	7	29	5	6
2005	211	7	30	5	2
2005	212	7	31	5	1
2005	213	8	1	6	1
2005	214	8	2	6	2
2005	215	8	3	7	3
2005	216	8	4	7	4
2005	217	8	5	7	5
2005	218	8	6	6	6
2005	219	8	7	6	7
2005	220	8	8	5	7
2005	221	8	9	5	6
2005	222	8	10	5	7
2005	223	8	11	6	3
2005	224	8	12	5	3
2005	225	8	13	4	4
2005	226	8	14	4	5
2005	227	8	15	4	5
2005	228	8	16	3	5
2005	229	8	17	2	5
2005	230	8	18	2	5
2005	231	8	19	2	5
2005	232	8	20	2	5
2005	233	8	21	2	6
2005	234	8	22	2	7
2005	235	8	23	2	8
2005	236	8	24	2	8
2005	237	8	25	3	8
2005	238	8	26	3	8
2005	239	8	27	3	8
2005	240	8	28	1	1
2005	241	8	29	8	1
2005	242	8	30	8	1
2005	243	8	31	8	2
2005	244	9	1	1	2
2005	245	9	2	1	2
2005	246	9	3	1	2
2005	247	9	4	1	3
2005	248	9	5	2	3
2005	249	9	6	3	2
2005	250	9	7	4	2
2005	251	9	8	4	2
2005	252	9	9	5	3
2005	253	9	10	5	3
2005	254	9	11	5	4
2005	255	9	12	5	4
2005	256	9	13	5	7
2005	257	9	14	5	7
2005	258	9	15	5	6
2005	259	9	16	5	7
2005	260	9	17	5	7
2005	261	9	18	5	7
2005	262	9	19	5	7
2005	263	9	20	6	7
2005	264	9	21	7	7
2005	265	9	22	7	7
2005	266	9	23	7	6
2005	267	9	24	7	6
2005	268	9	25	6	6
2005	269	9	26	6	7
2005	270	9	27	7	7
2005	271	9	28	8	7
2005	272	9	29	8	6
2005	273	9	30	8	8
2005	274	10	1	8	8
2005	275	10	2	4	8
2005	276	10	3	3	1
2005	277	10	4	4	1
2005	278	10	5	4	8
2005	279	10	6	8	8
2005	280	10	7	1	1
2005	281	10	8	1	1
2005	282	10	9	1	2
2005	283	10	10	1	2
2005	284	10	11	1	2
2005	285	10	12	1	3
2005	286	10	13	1	3
2005	287	10	14	1	3
2005	288	10	15	1	3
2005	289	10	16	2	3
2005	290	10	17	2	3
2005	291	10	18	2	2
2005	292	10	19	2	2
2005	293	10	20	1	2
2005	294	10	21	1	3
2005	295	10	22	2	4
2005	296	10	23	3	4
2005	297	10	24	3	4
2005	298	10	25	3	4
2005	299	10	26	4	3
2005	300	10	27	4	3
2005	301	10	28	5	5
2005	302	10	29	5	4
2005	303	10	30	5	4
2005	304	10	31	5	3
2005	305	11	1	5	3
2005	306	11	2	4	3
2005	307	11	3	2	3
2005	308	11	4	2	3
2005	309	11	5	1	5
2005	310	11	6	2	5
2005	311	11	7	3	5
2005	312	11	8	4	6
2005	313	11	9	5	6
2005	314	11	10	6	5
2005	315	11	11	5	5
2005	316	11	12	5	5
2005	317	11	13	5	7
2005	318	11	14	6	6
2005	319	11	15	7	4
2005	320	11	16	8	2
2005	321	11	17	8	4
2005	322	11	18	8	4
2005	323	11	19	1	4
2005	324	11	20	1	4
2005	325	11	21	1	4
2005	326	11	22	2	3
2005	327	11	23	2	4
2005	328	11	24	2	4
2005	329	11	25	2	5
2005	330	11	26	3	4
2005	331	11	27	4	4
2005	332	11	28	4	4
2005	333	11	29	5	4
2005	334	11	30	5	4
2005	335	12	1	4	4
2005	336	12	2	4	4
2005	337	12	3	6	4
2005	338	12	4	3	4
2005	339	12	5	4	4
2005	340	12	6	5	4
2005	341	12	7	5	4
2005	342	12	8	4	5
2005	343	12	9	4	3
2005	344	12	10	4	3
2005	345	12	11	4	3
2005	346	12	12	4	4
2005	347	12	13	4	4
2005	348	12	14	4	3
2005	349	12	15	4	3
2005	350	12	16	4	3
2005	351	12	17	4	3
2005	352	12	18	4	3
2005	353	12	19	5	3
2005	354	12	20	5	2
2005	355	12	21	5	3
2005	356	12	22	5	5
2005	357	12	23	5	5
2005	358	12	24	6	5
2005	359	12	25	7	7
2005	360	12	26	6	6
2005	361	12	27	6	6
2005	362	12	28	7	7
2005	363	12	29	7	7
2005	364	12	30	7	7
2005	365	12	31	8	6
2006	1	1	1	8	7
2006	2	1	2	1	6
2006	3	1	3	2	6
2006	4	1	4	1	6
2006	5	1	5	1	5
2006	6	1	6	1	5
2006	7	1	7	1	5
2006	8	1	8	1	1
2006	9	1	9	1	1
2006	10	1	10	1	1
2006	11	1	11	1	8
2006	12	1	12	2	1
2006	13	1	13	2	2
2006	14	1	14	2	3
2006	15	1	15	3	4
2006	16	1	16	3	6
2006	17	1	17	4	7
2006	18	1	18	5	7
2006	19	1	19	6	7
2006	20	1	20	7	7
2006	21	1	21	7	7
2006	22	1	22	6	6
2006	23	1	23	6	8
2006	24	1	24	5	8
2006	25	1	25	5	8
2006	26	1	26	7	7
2006	27	1	27	7	7
2006	28	1	28	7	7
2006	29	1	29	6	8
2006	30	1	30	5	8
2006	31	1	31	5	8
2006	32	2	1	4	7
2006	33	2	2	4	7
2006	34	2	3	3	7
2006	35	2	4	1	7
2006	36	2	5	8	7
2006	37	2	6	1	7
2006	38	2	7	4	7
2006	39	2	8	4	7
2006	40	2	9	4	7
2006	41	2	10	3	7
2006	42	2	11	3	7
2006	43	2	12	7	7
2006	44	2	13	2	8
2006	45	2	14	3	7
2006	46	2	15	3	7
2006	47	2	16	4	7
2006	48	2	17	4	7
2006	49	2	18	3	8
2006	50	2	19	2	8
2006	51	2	20	2	8
2006	52	2	21	2	1
2006	53	2	22	1	1
2006	54	2	23	1	1
2006	55	2	24	1	1
2006	56	2	25	1	2
2006	57	2	26	1	2
2006	58	2	27	1	2
2006	59	2	28	8	2
2006	60	3	1	7	1
2006	61	3	2	6	1
2006	62	3	3	6	8
2006	63	3	4	6	8
2006	64	3	5	6	8
2006	65	3	6	5	7
2006	66	3	7	5	7
2006	67	3	8	5	7
2006	68	3	9	7	7
2006	69	3	10	7	6
2006	70	3	11	7	5
2006	71	3	12	5	5
2006	72	3	13	5	5
2006	73	3	14	5	5
2006	74	3	15	4	5
2006	75	3	16	3	3
2006	76	3	17	2	4
2006	77	3	18	2	4
2006	78	3	19	2	4
2006	79	3	20	2	3
2006	80	3	21	2	3
2006	81	3	22	2	3
2006	82	3	23	2	3
2006	83	3	24	1	3
2006	84	3	25	1	3
2006	85	3	26	8	3
2006	86	3	27	8	4
2006	87	3	28	7	4
2006	88	3	29	4	4
2006	89	3	30	4	4
2006	90	3	31	4	3
2006	91	4	1	4	4
2006	92	4	2	5	5
2006	93	4	3	5	5
2006	94	4	4	5	6
2006	95	4	5	8	5
2006	96	4	6	1	5
2006	97	4	7	1	4
2006	98	4	8	2	4
2006	99	4	9	2	5
2006	100	4	10	1	5
2006	101	4	11	8	5
2006	102	4	12	8	5
2006	103	4	13	8	6
2006	104	4	14	1	6
2006	105	4	15	1	6
2006	106	4	16	3	5
2006	107	4	17	3	3
2006	108	4	18	3	1
2006	109	4	19	3	1
2006	110	4	20	3	5
2006	111	4	21	3	5
2006	112	4	22	3	4
2006	113	4	23	3	4
2006	114	4	24	3	3
2006	115	4	25	3	3
2006	116	4	26	4	4
2006	117	4	27	5	4
2006	118	4	28	5	4
2006	119	4	29	6	5
2006	120	4	30	5	6
2006	121	5	1	4	6
2006	122	5	2	8	5
2006	123	5	3	8	6
2006	124	5	4	8	8
2006	125	5	5	1	8
2006	126	5	6	7	8
2006	127	5	7	7	7
2006	128	5	8	7	7
2006	129	5	9	7	8
2006	130	5	10	7	8
2006	131	5	11	7	8
2006	132	5	12	7	8
2006	133	5	13	6	8
2006	134	5	14	5	8
2006	135	5	15	6	1
2006	136	5	16	6	2
2006	137	5	17	7	2
2006	138	5	18	8	3
2006	139	5	19	8	4
2006	140	5	20	5	4
2006	141	5	21	6	4
2006	142	5	22	1	3
2006	143	5	23	4	3
2006	144	5	24	4	3
2006	145	5	25	2	3
2006	146	5	26	2	3
2006	147	5	27	1	5
2006	148	5	28	1	5
2006	149	5	29	8	5
2006	150	5	30	1	5
2006	151	5	31	1	5
2006	152	6	1	8	5
2006	153	6	2	8	5
2006	154	6	3	8	5
2006	155	6	4	8	5
2006	156	6	5	1	5
2006	157	6	6	1	5
2006	158	6	7	1	5
2006	159	6	8	1	5
2006	160	6	9	1	5
2006	161	6	10	1	5
2006	162	6	11	4	7
2006	163	6	12	1	7
2006	164	6	13	1	7
2006	165	6	14	1	7
2006	166	6	15	1	7
2006	167	6	16	2	8
2006	168	6	17	2	8
2006	169	6	18	2	1
2006	170	6	19	2	1
2006	171	6	20	2	1
2006	172	6	21	3	2
2006	173	6	22	3	2
2006	174	6	23	3	1
2006	175	6	24	3	1
2006	176	6	25	3	1
2006	177	6	26	4	1
2006	178	6	27	4	1
2006	179	6	28	5	8
2006	180	6	29	5	8
2006	181	6	30	5	8
2006	182	7	1	5	7
2006	183	7	2	5	7
2006	184	7	3	5	6
2006	185	7	4	6	6
2006	186	7	5	6	6
2006	187	7	6	7	7
2006	188	7	7	7	7
2006	189	7	8	7	7
2006	190	7	9	7	8
2006	191	7	10	7	1
2006	192	7	11	7	2
2006	193	7	12	7	2
2006	194	7	13	7	3
2006	195	7	14	7	4
2006	196	7	15	6	5
2006	197	7	16	5	8
2006	198	7	17	4	1
2006	199	7	18	4	8
2006	200	7	19	4	7
2006	201	7	20	5	8
2006	202	7	21	5	8
2006	203	7	22	6	8
2006	204	7	23	7	8
2006	205	7	24	7	8
2006	206	7	25	7	8
2006	207	7	26	6	7
2006	208	7	27	6	7
2006	209	7	28	6	7
2006	210	7	29	6	8
2006	211	7	30	5	8
2006	212	7	31	6	8
2006	213	8	1	6	8
2006	214	8	2	6	1
2006	215	8	3	6	1
2006	216	8	4	6	7
2006	217	8	5	7	7
2006	218	8	6	7	7
2006	219	8	7	6	8
2006	220	8	8	6	8
2006	221	8	9	6	8
2006	222	8	10	6	1
2006	223	8	11	6	1
2006	224	8	12	6	1
2006	225	8	13	7	3
2006	226	8	14	7	4
2006	227	8	15	8	4
2006	228	8	16	8	4
2006	229	8	17	8	4
2006	230	8	18	8	4
2006	231	8	19	8	5
2006	232	8	20	8	5
2006	233	8	21	8	5
2006	234	8	22	8	5
2006	235	8	23	8	5
2006	236	8	24	1	6
2006	237	8	25	1	6
2006	238	8	26	2	6
2006	239	8	27	2	6
2006	240	8	28	3	5
2006	241	8	29	3	5
2006	242	8	30	2	5
2006	243	8	31	2	5
2006	244	9	1	2	5
2006	245	9	2	1	6
2006	246	9	3	1	6
2006	247	9	4	1	5
2006	248	9	5	1	5
2006	249	9	6	2	4
2006	250	9	7	1	2
2006	251	9	8	2	1
2006	252	9	9	2	2
2006	253	9	10	2	3
2006	254	9	11	2	3
2006	255	9	12	2	3
2006	256	9	13	2	3
2006	257	9	14	2	3
2006	258	9	15	2	4
2006	259	9	16	8	4
2006	260	9	17	6	5
2006	261	9	18	5	5
2006	262	9	19	5	5
2006	263	9	20	5	6
2006	264	9	21	5	6
2006	265	9	22	5	5
2006	266	9	23	6	5
2006	267	9	24	5	5
2006	268	9	25	5	5
2006	269	9	26	5	3
2006	270	9	27	5	1
2006	271	9	28	5	1
2006	272	9	29	5	1
2006	273	9	30	6	1
2006	274	10	1	6	1
2006	275	10	2	6	1
2006	276	10	3	7	1
2006	277	10	4	7	1
2006	278	10	5	8	4
2006	279	10	6	7	5
2006	280	10	7	6	5
2006	281	10	8	6	6
2006	282	10	9	6	7
2006	283	10	10	7	8
2006	284	10	11	7	8
2006	285	10	12	8	7
2006	286	10	13	8	7
2006	287	10	14	8	7
2006	288	10	15	8	7
2006	289	10	16	8	7
2006	290	10	17	1	7
2006	291	10	18	1	7
2006	292	10	19	1	7
2006	293	10	20	1	7
2006	294	10	21	1	7
2006	295	10	22	1	7
2006	296	10	23	2	7
2006	297	10	24	2	7
2006	298	10	25	2	8
2006	299	10	26	2	8
2006	300	10	27	2	8
2006	301	10	28	3	8
2006	302	10	29	4	8
2006	303	10	30	2	4
2006	304	10	31	1	5
2006	305	11	1	1	5
2006	306	11	2	1	5
2006	307	11	3	1	5
2006	308	11	4	1	6
2006	309	11	5	8	6
2006	310	11	6	1	7
2006	311	11	7	3	7
2006	312	11	8	2	7
2006	313	11	9	1	7
2006	314	11	10	1	6
2006	315	11	11	1	5
2006	316	11	12	1	5
2006	317	11	13	2	6
2006	318	11	14	2	6
2006	319	11	15	2	6
2006	320	11	16	1	5
2006	321	11	17	1	5
2006	322	11	18	1	5
2006	323	11	19	1	5
2006	324	11	20	1	5
2006	325	11	21	2	5
2006	326	11	22	1	5
2006	327	11	23	1	5
2006	328	11	24	1	5
2006	329	11	25	1	5
2006	330	11	26	1	6
2006	331	11	27	3	6
2006	332	11	28	4	6
2006	333	11	29	3	7
2006	334	11	30	2	5
2006	335	12	1	8	4
2006	336	12	2	2	5
2006	337	12	3	4	5
2006	338	12	4	4	8
2006	339	12	5	4	1
2006	340	12	6	4	1
2006	341	12	7	4	8
2006	342	12	8	5	8
2006	343	12	9	5	1
2006	344	12	10	5	1
2006	345	12	11	6	2
2006	346	12	12	6	2
2006	347	12	13	3	2
2006	348	12	14	3	5
2006	349	12	15	4	6
2006	350	12	16	4	8
2006	351	12	17	3	8
2006	352	12	18	3	1
2006	353	12	19	3	1
2006	354	12	20	2	2
2006	355	12	21	2	2
2006	356	12	22	1	2
2006	357	12	23	1	2
2006	358	12	24	1	2
2006	359	12	25	1	2
2006	360	12	26	1	3
2006	361	12	27	3	3
2006	362	12	28	4	3
2006	363	12	29	4	3
2006	364	12	30	4	2
2006	365	12	31	4	2
2007	1	1	1	4	2
2007	2	1	2	5	3
2007	3	1	3	5	3
2007	4	1	4	5	3
2007	5	1	5	5	2
2007	6	1	6	4	3
2007	7	1	7	4	5
2007	8	1	8	4	7
2007	9	1	9	4	8
2007	10	1	10	4	8
2007	11	1	11	4	1
2007	12	1	12	4	8
2007	13	1	13	4	7
2007	14	1	14	3	2
2007	15	1	15	3	1
2007	16	1	16	3	1
2007	17	1	17	3	4
2007	18	1	18	2	4
2007	19	1	19	2	3
2007	20	1	20	2	2
2007	21	1	21	2	3
2007	22	1	22	2	4
2007	23	1	23	3	3
2007	24	1	24	3	2
2007	25	1	25	5	1
2007	26	1	26	4	1
2007	27	1	27	4	1
2007	28	1	28	5	1
2007	29	1	29	6	1
2007	30	1	30	6	1
2007	31	1	31	5	8
2007	32	2	1	5	8
2007	33	2	2	5	8
2007	34	2	3	5	1
2007	35	2	4	5	2
2007	36	2	5	5	2
2007	37	2	6	4	2
2007	38	2	7	4	2
2007	39	2	8	4	8
2007	40	2	9	4	6
2007	41	2	10	6	6
2007	42	2	11	6	6
2007	43	2	12	5	6
2007	44	2	13	5	6
2007	45	2	14	5	6
2007	46	2	15	5	5
2007	47	2	16	6	4
2007	48	2	17	8	3
2007	49	2	18	1	4
2007	50	2	19	1	4
2007	51	2	20	1	3
2007	52	2	21	1	3
2007	53	2	22	1	3
2007	54	2	23	8	3
2007	55	2	24	8	3
2007	56	2	25	8	3
2007	57	2	26	8	2
2007	58	2	27	7	2
2007	59	2	28	7	2
2007	60	3	1	6	2
2007	61	3	2	5	3
2007	62	3	3	5	2
2007	63	3	4	4	1
2007	64	3	5	5	1
2007	65	3	6	6	1
2007	66	3	7	6	2
2007	67	3	8	8	2
2007	68	3	9	8	1
2007	69	3	10	1	8
2007	70	3	11	3	4
2007	71	3	12	4	5
2007	72	3	13	5	6
2007	73	3	14	5	5
2007	74	3	15	7	4
2007	75	3	16	7	4
2007	76	3	17	7	4
2007	77	3	18	7	3
2007	78	3	19	6	3
2007	79	3	20	5	3
2007	80	3	21	4	2
2007	81	3	22	4	2
2007	82	3	23	4	3
2007	83	3	24	5	4
2007	84	3	25	5	4
2007	85	3	26	5	4
2007	86	3	27	5	5
2007	87	3	28	4	5
2007	88	3	29	3	6
2007	89	3	30	4	6
2007	90	3	31	4	7
2007	91	4	1	4	7
2007	92	4	2	5	7
2007	93	4	3	6	8
2007	94	4	4	1	8
2007	95	4	5	1	8
2007	96	4	6	1	1
2007	97	4	7	1	1
2007	98	4	8	1	3
2007	99	4	9	1	4
2007	100	4	10	1	3
2007	101	4	11	8	3
2007	102	4	12	8	2
2007	103	4	13	4	1
2007	104	4	14	3	4
2007	105	4	15	1	4
2007	106	4	16	8	5
2007	107	4	17	1	5
2007	108	4	18	8	4
2007	109	4	19	1	5
2007	110	4	20	3	7
2007	111	4	21	3	7
2007	112	4	22	3	6
2007	113	4	23	3	5
2007	114	4	24	2	5
2007	115	4	25	3	6
2007	116	4	26	3	8
2007	117	4	27	3	1
2007	118	4	28	3	1
2007	119	4	29	3	2
2007	120	4	30	3	1
2007	121	5	1	3	1
2007	122	5	2	3	1
2007	123	5	3	4	2
2007	124	5	4	4	2
2007	125	5	5	5	3
2007	126	5	6	6	4
2007	127	5	7	6	4
2007	128	5	8	5	2
2007	129	5	9	5	2
2007	130	5	10	5	4
2007	131	5	11	5	7
2007	132	5	12	5	7
2007	133	5	13	5	7
2007	134	5	14	5	6
2007	135	5	15	4	6
2007	136	5	16	5	6
2007	137	5	17	4	6
2007	138	5	18	4	6
2007	139	5	19	6	6
2007	140	5	20	7	6
2007	141	5	21	7	5
2007	142	5	22	8	5
2007	143	5	23	8	6
2007	144	5	24	8	7
2007	145	5	25	8	7
2007	146	5	26	1	6
2007	147	5	27	1	6
2007	148	5	28	1	5
2007	149	5	29	1	4
2007	150	5	30	1	5
2007	151	5	31	1	6
2007	152	6	1	1	6
2007	153	6	2	1	6
2007	154	6	3	1	5
2007	155	6	4	1	3
2007	156	6	5	1	4
2007	157	6	6	1	4
2007	158	6	7	1	4
2007	159	6	8	1	5
2007	160	6	9	1	5
2007	161	6	10	1	5
2007	162	6	11	1	4
2007	163	6	12	2	3
2007	164	6	13	2	3
2007	165	6	14	2	3
2007	166	6	15	2	3
2007	167	6	16	3	3
2007	168	6	17	3	2
2007	169	6	18	3	2
2007	170	6	19	4	2
2007	171	6	20	4	2
2007	172	6	21	4	2
2007	173	6	22	4	3
2007	174	6	23	4	5
2007	175	6	24	4	6
2007	176	6	25	4	6
2007	177	6	26	4	5
2007	178	6	27	4	5
2007	179	6	28	4	5
2007	180	6	29	4	6
2007	181	6	30	5	6
2007	182	7	1	5	6
2007	183	7	2	5	6
2007	184	7	3	5	6
2007	185	7	4	5	6
2007	186	7	5	5	6
2007	187	7	6	5	6
2007	188	7	7	5	6
2007	189	7	8	5	6
2007	190	7	9	5	7
2007	191	7	10	6	8
2007	192	7	11	6	1
2007	193	7	12	6	3
2007	194	7	13	7	4
2007	195	7	14	7	4
2007	196	7	15	2	5
2007	197	7	16	2	5
2007	198	7	17	2	5
2007	199	7	18	1	4
2007	200	7	19	1	4
2007	201	7	20	1	3
2007	202	7	21	2	3
2007	203	7	22	2	2
2007	204	7	23	2	2
2007	205	7	24	2	1
2007	206	7	25	2	1
2007	207	7	26	2	1
2007	208	7	27	2	1
2007	209	7	28	2	1
2007	210	7	29	2	1
2007	211	7	30	2	1
2007	212	7	31	6	1
2007	213	8	1	5	1
2007	214	8	2	5	8
2007	215	8	3	5	8
2007	216	8	4	5	8
2007	217	8	5	6	8
2007	218	8	6	6	1
2007	219	8	7	6	1
2007	220	8	8	6	2
2007	221	8	9	6	3
2007	222	8	10	7	4
2007	223	8	11	8	4
2007	224	8	12	8	5
2007	225	8	13	8	5
2007	226	8	14	7	8
2007	227	8	15	7	1
2007	228	8	16	7	1
2007	229	8	17	7	4
2007	230	8	18	8	4
2007	231	8	19	8	4
2007	232	8	20	2	4
2007	233	8	21	3	4
2007	234	8	22	3	4
2007	235	8	23	3	1
2007	236	8	24	3	1
2007	237	8	25	3	8
2007	238	8	26	3	8
2007	239	8	27	3	8
2007	240	8	28	2	8
2007	241	8	29	1	8
2007	242	8	30	1	6
2007	243	8	31	1	5
2007	244	9	1	1	4
2007	245	9	2	1	4
2007	246	9	3	1	5
2007	247	9	4	1	5
2007	248	9	5	1	5
2007	249	9	6	2	5
2007	250	9	7	3	5
2007	251	9	8	3	4
2007	252	9	9	4	3
2007	253	9	10	4	1
2007	254	9	11	5	1
2007	255	9	12	5	1
2007	256	9	13	6	1
2007	257	9	14	6	2
2007	258	9	15	5	2
2007	259	9	16	5	2
2007	260	9	17	5	2
2007	261	9	18	6	3
2007	262	9	19	6	3
2007	263	9	20	6	2
2007	264	9	21	6	2
2007	265	9	22	6	3
2007	266	9	23	6	4
2007	267	9	24	6	4
2007	268	9	25	5	5
2007	269	9	26	5	7
2007	270	9	27	5	8
2007	271	9	28	5	8
2007	272	9	29	6	1
2007	273	9	30	6	1
2007	274	10	1	6	2
2007	275	10	2	6	2
2007	276	10	3	7	3
2007	277	10	4	7	3
2007	278	10	5	7	4
2007	279	10	6	7	4
2007	280	10	7	7	4
2007	281	10	8	3	5
2007	282	10	9	3	6
2007	283	10	10	1	7
2007	284	10	11	2	7
2007	285	10	12	2	7
2007	286	10	13	1	8
2007	287	10	14	1	8
2007	288	10	15	1	8
2007	289	10	16	1	8
2007	290	10	17	1	8
2007	291	10	18	1	8
2007	292	10	19	1	8
2007	293	10	20	2	8
2007	294	10	21	3	8
2007	295	10	22	4	1
2007	296	10	23	4	1
2007	297	10	24	4	1
2007	298	10	25	5	2
2007	299	10	26	8	2
2007	300	10	27	4	3
2007	301	10	28	4	3
2007	302	10	29	4	2
2007	303	10	30	3	2
2007	304	10	31	4	2
2007	305	11	1	4	2
2007	306	11	2	5	1
2007	307	11	3	6	1
2007	308	11	4	6	1
2007	309	11	5	6	1
2007	310	11	6	6	3
2007	311	11	7	7	3
2007	312	11	8	7	2
2007	313	11	9	7	2
2007	314	11	10	7	2
2007	315	11	11	6	7
2007	316	11	12	5	6
2007	317	11	13	5	6
2007	318	11	14	5	8
2007	319	11	15	5	7
2007	320	11	16	5	6
2007	321	11	17	5	7
2007	322	11	18	5	7
2007	323	11	19	4	8
2007	324	11	20	5	8
2007	325	11	21	5	8
2007	326	11	22	5	8
2007	327	11	23	6	1
2007	328	11	24	6	1
2007	329	11	25	6	1
2007	330	11	26	6	1
2007	331	11	27	6	6
2007	332	11	28	7	4
2007	333	11	29	8	5
2007	334	11	30	8	6
2007	335	12	1	1	6
2007	336	12	2	2	6
2007	337	12	3	2	6
2007	338	12	4	2	7
2007	339	12	5	2	7
2007	340	12	6	2	7
2007	341	12	7	2	6
2007	342	12	8	1	7
2007	343	12	9	2	3
2007	344	12	10	2	3
2007	345	12	11	2	3
2007	346	12	12	2	3
2007	347	12	13	2	4
2007	348	12	14	2	3
2007	349	12	15	2	3
2007	350	12	16	2	3
2007	351	12	17	2	3
2007	352	12	18	2	4
2007	353	12	19	2	4
2007	354	12	20	2	3
2007	355	12	21	3	1
2007	356	12	22	3	2
2007	357	12	23	4	3
2007	358	12	24	5	3
2007	359	12	25	8	2
2007	360	12	26	8	2
2007	361	12	27	7	2
2007	362	12	28	6	2
2007	363	12	29	6	3
2007	364	12	30	4	5
2007	365	12	31	4	5
2008	1	1	1	4	5
2008	2	1	2	4	5
2008	3	1	3	4	2
2008	4	1	4	6	7
2008	5	1	5	6	7
2008	6	1	6	5	7
2008	7	1	7	5	7
2008	8	1	8	5	7
2008	9	1	9	5	7
2008	10	1	10	5	7
2008	11	1	11	5	7
2008	12	1	12	5	6
2008	13	1	13	6	6
2008	14	1	14	6	7
2008	15	1	15	6	7
2008	16	1	16	5	7
2008	17	1	17	6	7
2008	18	1	18	7	8
2008	19	1	19	6	7
2008	20	1	20	6	7
2008	21	1	21	7	6
2008	22	1	22	1	6
2008	23	1	23	2	6
2008	24	1	24	3	5
2008	25	1	25	2	5
2008	26	1	26	2	4
2008	27	1	27	2	4
2008	28	1	28	2	4
2008	29	1	29	2	5
2008	30	1	30	3	5
2008	31	1	31	2	4
2008	32	2	1	2	3
2008	33	2	2	2	3
2008	34	2	3	2	4
2008	35	2	4	3	3
2008	36	2	5	3	3
2008	37	2	6	1	3
2008	38	2	7	2	3
2008	39	2	8	3	3
2008	40	2	9	3	2
2008	41	2	10	1	3
2008	42	2	11	8	2
2008	43	2	12	1	2
2008	44	2	13	2	3
2008	45	2	14	3	2
2008	46	2	15	4	1
2008	47	2	16	5	8
2008	48	2	17	5	8
2008	49	2	18	5	1
2008	50	2	19	4	1
2008	51	2	20	4	2
2008	52	2	21	4	1
2008	53	2	22	4	1
2008	54	2	23	4	4
2008	55	2	24	7	3
2008	56	2	25	1	2
2008	57	2	26	3	2
2008	58	2	27	2	3
2008	59	2	28	2	2
2008	60	2	29	2	3
2008	61	3	1	3	3
2008	62	3	2	2	2
2008	63	3	3	1	3
2008	64	3	4	1	3
2008	65	3	5	1	3
2008	66	3	6	2	2
2008	67	3	7	2	1
2008	68	3	8	1	1
2008	69	3	9	2	1
2008	70	3	10	3	2
2008	71	3	11	2	3
2008	72	3	12	1	2
2008	73	3	13	1	2
2008	74	3	14	1	2
2008	75	3	15	1	3
2008	76	3	16	1	3
2008	77	3	17	1	3
2008	78	3	18	1	3
2008	79	3	19	1	3
2008	80	3	20	1	3
2008	81	3	21	1	3
2008	82	3	22	8	3
2008	83	3	23	7	4
2008	84	3	24	4	3
2008	85	3	25	5	3
2008	86	3	26	5	3
2008	87	3	27	6	5
2008	88	3	28	5	6
2008	89	3	29	6	5
2008	90	3	30	6	4
2008	91	3	31	6	5
2008	92	4	1	5	6
2008	93	4	2	5	6
2008	94	4	3	5	6
2008	95	4	4	5	6
2008	96	4	5	2	6
2008	97	4	6	1	6
2008	98	4	7	8	6
2008	99	4	8	8	6
2008	100	4	9	8	6
2008	101	4	10	8	6
2008	102	4	11	1	6
2008	103	4	12	2	7
2008	104	4	13	2	7
2008	105	4	14	1	7
2008	106	4	15	2	8
2008	107	4	16	2	1
2008	108	4	17	2	2
2008	109	4	18	2	3
2008	110	4	19	2	3
2008	111	4	20	1	3
2008	112	4	21	1	2
2008	113	4	22	1	2
2008	114	4	23	2	2
2008	115	4	24	2	1
2008	116	4	25	4	1
2008	117	4	26	5	8
2008	118	4	27	5	8
2008	119	4	28	5	2
2008	120	4	29	6	2
2008	121	4	30	7	6
2008	122	5	1	7	5
2008	123	5	2	6	5
2008	124	5	3	6	6
2008	125	5	4	6	6
2008	126	5	5	6	6
2008	127	5	6	5	6
2008	128	5	7	6	7
2008	129	5	8	6	7
2008	130	5	9	6	8
2008	131	5	10	6	1
2008	132	5	11	6	2
2008	133	5	12	6	2
2008	134	5	13	6	7
2008	135	5	14	5	7
2008	136	5	15	6	7
2008	137	5	16	6	7
2008	138	5	17	7	6
2008	139	5	18	7	7
2008	140	5	19	7	7
2008	141	5	20	7	7
2008	142	5	21	6	7
2008	143	5	22	7	7
2008	144	5	23	8	7
2008	145	5	24	8	7
2008	146	5	25	2	7
2008	147	5	26	1	6
2008	148	5	27	1	7
2008	149	5	28	8	6
2008	150	5	29	8	6
2008	151	5	30	1	6
2008	152	5	31	1	6
2008	153	6	1	1	5
2008	154	6	2	1	5
2008	155	6	3	2	5
2008	156	6	4	2	5
2008	157	6	5	2	5
2008	158	6	6	3	6
2008	159	6	7	3	6
2008	160	6	8	3	6
2008	161	6	9	3	6
2008	162	6	10	3	6
2008	163	6	11	3	5
2008	164	6	12	4	5
2008	165	6	13	5	5
2008	166	6	14	5	5
2008	167	6	15	5	6
2008	168	6	16	5	6
2008	169	6	17	6	6
2008	170	6	18	7	7
2008	171	6	19	7	8
2008	172	6	20	7	8
2008	173	6	21	7	8
2008	174	6	22	7	7
2008	175	6	23	7	5
2008	176	6	24	8	5
2008	177	6	25	7	5
2008	178	6	26	4	6
2008	179	6	27	4	6
2008	180	6	28	4	6
2008	181	6	29	3	6
2008	182	6	30	3	6
2008	183	7	1	2	6
2008	184	7	2	1	7
2008	185	7	3	1	7
2008	186	7	4	1	7
2008	187	7	5	8	7
2008	188	7	6	8	7
2008	189	7	7	8	1
2008	190	7	8	8	2
2008	191	7	9	1	1
2008	192	7	10	1	7
2008	193	7	11	8	6
2008	194	7	12	1	6
2008	195	7	13	1	2
2008	196	7	14	1	1
2008	197	7	15	1	2
2008	198	7	16	2	3
2008	199	7	17	2	3
2008	200	7	18	2	2
2008	201	7	19	2	2
2008	202	7	20	2	2
2008	203	7	21	2	2
2008	204	7	22	2	2
2008	205	7	23	2	2
2008	206	7	24	3	2
2008	207	7	25	4	3
2008	208	7	26	5	3
2008	209	7	27	5	3
2008	210	7	28	5	4
2008	211	7	29	5	4
2008	212	7	30	5	5
2008	213	7	31	4	8
2008	214	8	1	4	1
2008	215	8	2	4	1
2008	216	8	3	6	3
2008	217	8	4	7	4
2008	218	8	5	8	4
2008	219	8	6	7	4
2008	220	8	7	7	4
2008	221	8	8	7	4
2008	222	8	9	7	4
2008	223	8	10	5	5
2008	224	8	11	4	5
2008	225	8	12	4	5
2008	226	8	13	3	6
2008	227	8	14	2	6
2008	228	8	15	3	6
2008	229	8	16	3	6
2008	230	8	17	3	7
2008	231	8	18	3	7
2008	232	8	19	3	6
2008	233	8	20	2	6
2008	234	8	21	2	5
2008	235	8	22	2	5
2008	236	8	23	2	4
2008	237	8	24	2	2
2008	238	8	25	2	2
2008	239	8	26	2	2
2008	240	8	27	2	2
2008	241	8	28	2	2
2008	242	8	29	2	2
2008	243	8	30	2	3
2008	244	8	31	2	4
2008	245	9	1	2	5
2008	246	9	2	2	6
2008	247	9	3	2	7
2008	248	9	4	2	8
2008	249	9	5	3	1
2008	250	9	6	3	1
2008	251	9	7	4	2
2008	252	9	8	4	2
2008	253	9	9	5	2
2008	254	9	10	5	3
2008	255	9	11	5	3
2008	256	9	12	5	3
2008	257	9	13	5	3
2008	258	9	14	5	4
2008	259	9	15	5	4
2008	260	9	16	5	4
2008	261	9	17	5	5
2008	262	9	18	5	6
2008	263	9	19	5	7
2008	264	9	20	5	7
2008	265	9	21	6	6
2008	266	9	22	6	6
2008	267	9	23	6	6
2008	268	9	24	5	7
2008	269	9	25	5	7
2008	270	9	26	5	7
2008	271	9	27	6	6
2008	272	9	28	6	5
2008	273	9	29	5	6
2008	274	9	30	5	6
2008	275	10	1	3	5
2008	276	10	2	1	4
2008	277	10	3	1	1
2008	278	10	4	1	7
2008	279	10	5	1	6
2008	280	10	6	1	6
2008	281	10	7	2	7
2008	282	10	8	2	8
2008	283	10	9	1	8
2008	284	10	10	2	8
2008	285	10	11	2	1
2008	286	10	12	2	2
2008	287	10	13	2	2
2008	288	10	14	2	1
2008	289	10	15	2	1
2008	290	10	16	2	1
2008	291	10	17	1	2
2008	292	10	18	1	2
2008	293	10	19	1	2
2008	294	10	20	2	3
2008	295	10	21	2	3
2008	296	10	22	3	3
2008	297	10	23	4	3
2008	298	10	24	4	3
2008	299	10	25	4	2
2008	300	10	26	5	5
2008	301	10	27	5	4
2008	302	10	28	5	5
2008	303	10	29	5	5
2008	304	10	30	5	6
2008	305	10	31	5	6
2008	306	11	1	5	6
2008	307	11	2	4	6
2008	308	11	3	5	6
2008	309	11	4	5	6
2008	310	11	5	4	7
2008	311	11	6	4	8
2008	312	11	7	4	7
2008	313	11	8	5	4
2008	314	11	9	5	3
2008	315	11	10	7	3
2008	316	11	11	7	3
2008	317	11	12	8	3
2008	318	11	13	7	2
2008	319	11	14	7	2
2008	320	11	15	1	3
2008	321	11	16	2	3
2008	322	11	17	2	3
2008	323	11	18	3	2
2008	324	11	19	3	1
2008	325	11	20	3	1
2008	326	11	21	3	2
2008	327	11	22	4	2
2008	328	11	23	3	2
2008	329	11	24	4	2
2008	330	11	25	4	3
2008	331	11	26	5	3
2008	332	11	27	5	3
2008	333	11	28	5	4
2008	334	11	29	5	4
2008	335	11	30	5	2
2008	336	12	1	6	2
2008	337	12	2	7	2
2008	338	12	3	7	2
2008	339	12	4	7	2
2008	340	12	5	7	1
2008	341	12	6	6	1
2008	342	12	7	7	1
2008	343	12	8	7	1
2008	344	12	9	7	1
2008	345	12	10	6	1
2008	346	12	11	6	1
2008	347	12	12	7	2
2008	348	12	13	7	2
2008	349	12	14	7	2
2008	350	12	15	7	2
2008	351	12	16	7	1
2008	352	12	17	8	8
2008	353	12	18	7	7
2008	354	12	19	6	8
2008	355	12	20	6	8
2008	356	12	21	6	8
2008	357	12	22	4	8
2008	358	12	23	1	8
2008	359	12	24	8	8
2008	360	12	25	5	7
2008	361	12	26	5	6
2008	362	12	27	5	8
2008	363	12	28	5	2
2008	364	12	29	5	1
2008	365	12	30	5	8
2008	366	12	31	5	7
2009	1	1	1	6	7
2009	2	1	2	7	8
2009	3	1	3	6	8
2009	4	1	4	6	8
2009	5	1	5	6	8
2009	6	1	6	6	8
2009	7	1	7	6	1
2009	8	1	8	7	1
2009	9	1	9	7	8
2009	10	1	10	6	7
2009	11	1	11	5	7
2009	12	1	12	5	7
2009	13	1	13	6	7
2009	14	1	14	6	7
2009	15	1	15	5	8
2009	16	1	16	6	8
2009	17	1	17	6	8
2009	18	1	18	6	8
2009	19	1	19	6	8
2009	20	1	20	7	8
2009	21	1	21	8	8
2009	22	1	22	8	3
2009	23	1	23	1	3
2009	24	1	24	1	1
2009	25	1	25	1	8
2009	26	1	26	3	1
2009	27	1	27	1	2
2009	28	1	28	8	2
2009	29	1	29	8	2
2009	30	1	30	8	2
2009	31	1	31	8	4
2009	32	2	1	5	1
2009	33	2	2	5	1
2009	34	2	3	5	1
2009	35	2	4	5	1
2009	36	2	5	5	2
2009	37	2	6	6	1
2009	38	2	7	5	1
2009	39	2	8	5	1
2009	40	2	9	6	8
2009	41	2	10	7	5
2009	42	2	11	7	3
2009	43	2	12	6	3
2009	44	2	13	5	2
2009	45	2	14	5	3
2009	46	2	15	5	3
2009	47	2	16	5	4
2009	48	2	17	1	4
2009	49	2	18	1	8
2009	50	2	19	2	7
2009	51	2	20	3	7
2009	52	2	21	3	7
2009	53	2	22	3	7
2009	54	2	23	3	7
2009	55	2	24	3	7
2009	56	2	25	4	7
2009	57	2	26	4	1
2009	58	2	27	3	2
2009	59	2	28	4	2
2009	60	3	1	3	2
2009	61	3	2	1	5
2009	62	3	3	1	4
2009	63	3	4	2	4
2009	64	3	5	2	4
2009	65	3	6	4	4
2009	66	3	7	4	3
2009	67	3	8	4	3
2009	68	3	9	2	4
2009	69	3	10	3	5
2009	70	3	11	6	5
2009	71	3	12	7	8
2009	72	3	13	6	8
2009	73	3	14	5	7
2009	74	3	15	5	7
2009	75	3	16	5	7
2009	76	3	17	6	7
2009	77	3	18	6	7
2009	78	3	19	6	8
2009	79	3	20	7	5
2009	80	3	21	7	7
2009	81	3	22	7	6
2009	82	3	23	7	6
2009	83	3	24	7	5
2009	84	3	25	7	6
2009	85	3	26	8	6
2009	86	3	27	7	6
2009	87	3	28	7	6
2009	88	3	29	8	5
2009	89	3	30	8	6
2009	90	3	31	8	6
2009	91	4	1	1	6
2009	92	4	2	1	6
2009	93	4	3	2	7
2009	94	4	4	2	7
2009	95	4	5	2	5
2009	96	4	6	1	4
2009	97	4	7	2	4
2009	98	4	8	2	3
2009	99	4	9	2	2
2009	100	4	10	2	2
2009	101	4	11	2	3
2009	102	4	12	2	3
2009	103	4	13	3	3
2009	104	4	14	4	3
2009	105	4	15	4	3
2009	106	4	16	5	3
2009	107	4	17	6	3
2009	108	4	18	7	4
2009	109	4	19	7	4
2009	110	4	20	7	4
2009	111	4	21	6	4
2009	112	4	22	5	4
2009	113	4	23	6	5
2009	114	4	24	6	6
2009	115	4	25	6	6
2009	116	4	26	5	6
2009	117	4	27	6	7
2009	118	4	28	7	7
2009	119	4	29	7	8
2009	120	4	30	7	8
2009	121	5	1	7	8
2009	122	5	2	7	8
2009	123	5	3	7	8
2009	124	5	4	7	1
2009	125	5	5	7	8
2009	126	5	6	7	8
2009	127	5	7	7	7
2009	128	5	8	7	7
2009	129	5	9	7	7
2009	130	5	10	1	7
2009	131	5	11	2	8
2009	132	5	12	2	8
2009	133	5	13	3	1
2009	134	5	14	3	3
2009	135	5	15	2	2
2009	136	5	16	3	1
2009	137	5	17	3	8
2009	138	5	18	3	1
2009	139	5	19	4	1
2009	140	5	20	4	2
2009	141	5	21	4	2
2009	142	5	22	5	6
2009	143	5	23	5	5
2009	144	5	24	4	4
2009	145	5	25	3	4
2009	146	5	26	1	4
2009	147	5	27	8	3
2009	148	5	28	8	3
2009	149	5	29	7	3
2009	150	5	30	7	2
2009	151	5	31	7	7
2009	152	6	1	7	6
2009	153	6	2	7	5
2009	154	6	3	7	4
2009	155	6	4	7	4
2009	156	6	5	7	4
2009	157	6	6	7	4
2009	158	6	7	7	5
2009	159	6	8	7	5
2009	160	6	9	7	6
2009	161	6	10	8	6
2009	162	6	11	2	6
2009	163	6	12	2	6
2009	164	6	13	1	6
2009	165	6	14	7	6
2009	166	6	15	6	7
2009	167	6	16	6	1
2009	168	6	17	6	3
2009	169	6	18	8	3
2009	170	6	19	8	4
2009	171	6	20	1	5
2009	172	6	21	2	6
2009	173	6	22	3	6
2009	174	6	23	3	6
2009	175	6	24	3	6
2009	176	6	25	3	3
2009	177	6	26	2	1
2009	178	6	27	2	8
2009	179	6	28	2	7
2009	180	6	29	2	7
2009	181	6	30	2	6
2009	182	7	1	3	6
2009	183	7	2	3	5
2009	184	7	3	3	5
2009	185	7	4	3	4
2009	186	7	5	3	1
2009	187	7	6	4	8
2009	188	7	7	3	8
2009	189	7	8	4	8
2009	190	7	9	4	7
2009	191	7	10	5	8
2009	192	7	11	5	8
2009	193	7	12	5	8
2009	194	7	13	5	1
2009	195	7	14	5	1
2009	196	7	15	5	8
2009	197	7	16	5	1
2009	198	7	17	5	2
2009	199	7	18	5	5
2009	200	7	19	4	6
2009	201	7	20	4	7
2009	202	7	21	3	7
2009	203	7	22	3	7
2009	204	7	23	2	7
2009	205	7	24	1	7
2009	206	7	25	8	7
2009	207	7	26	7	7
2009	208	7	27	7	7
2009	209	7	28	7	7
2009	210	7	29	6	7
2009	211	7	30	6	8
2009	212	7	31	6	8
2009	213	8	1	7	1
2009	214	8	2	7	2
2009	215	8	3	7	2
2009	216	8	4	7	2
2009	217	8	5	7	2
2009	218	8	6	7	3
2009	219	8	7	8	3
2009	220	8	8	8	4
2009	221	8	9	8	4
2009	222	8	10	2	4
2009	223	8	11	3	5
2009	224	8	12	2	5
2009	225	8	13	2	5
2009	226	8	14	2	5
2009	227	8	15	2	6
2009	228	8	16	2	1
2009	229	8	17	2	1
2009	230	8	18	2	1
2009	231	8	19	2	8
2009	232	8	20	1	8
2009	233	8	21	1	7
2009	234	8	22	2	7
2009	235	8	23	3	7
2009	236	8	24	3	6
2009	237	8	25	2	5
2009	238	8	26	2	6
2009	239	8	27	2	1
2009	240	8	28	3	1
2009	241	8	29	7	1
2009	242	8	30	8	1
2009	243	8	31	6	1
2009	244	9	1	6	1
2009	245	9	2	6	1
2009	246	9	3	7	2
2009	247	9	4	7	3
2009	248	9	5	7	4
2009	249	9	6	7	4
2009	250	9	7	6	4
2009	251	9	8	5	5
2009	252	9	9	5	5
2009	253	9	10	4	5
2009	254	9	11	4	7
2009	255	9	12	3	7
2009	256	9	13	3	8
2009	257	9	14	2	7
2009	258	9	15	2	8
2009	259	9	16	2	1
2009	260	9	17	1	1
2009	261	9	18	1	2
2009	262	9	19	1	4
2009	263	9	20	8	7
2009	264	9	21	6	8
2009	265	9	22	6	8
2009	266	9	23	6	1
2009	267	9	24	5	1
2009	268	9	25	5	2
2009	269	9	26	5	2
2009	270	9	27	5	2
2009	271	9	28	5	3
2009	272	9	29	5	3
2009	273	9	30	5	3
2009	274	10	1	5	2
2009	275	10	2	5	3
2009	276	10	3	5	3
2009	277	10	4	5	3
2009	278	10	5	6	3
2009	279	10	6	6	4
2009	280	10	7	6	4
2009	281	10	8	6	5
2009	282	10	9	6	5
2009	283	10	10	7	5
2009	284	10	11	8	5
2009	285	10	12	2	6
2009	286	10	13	3	6
2009	287	10	14	4	6
2009	288	10	15	8	7
2009	289	10	16	7	7
2009	290	10	17	7	6
2009	291	10	18	8	6
2009	292	10	19	8	6
2009	293	10	20	8	6
2009	294	10	21	8	6
2009	295	10	22	8	6
2009	296	10	23	8	5
2009	297	10	24	8	5
2009	298	10	25	8	5
2009	299	10	26	8	6
2009	300	10	27	2	7
2009	301	10	28	1	8
2009	302	10	29	1	8
2009	303	10	30	1	8
2009	304	10	31	1	8
2009	305	11	1	2	7
2009	306	11	2	2	7
2009	307	11	3	2	8
2009	308	11	4	2	1
2009	309	11	5	2	1
2009	310	11	6	2	2
2009	311	11	7	1	2
2009	312	11	8	1	3
2009	313	11	9	1	3
2009	314	11	10	1	3
2009	315	11	11	2	4
2009	316	11	12	2	4
2009	317	11	13	2	4
2009	318	11	14	2	3
2009	319	11	15	3	3
2009	320	11	16	4	3
2009	321	11	17	4	4
2009	322	11	18	4	3
2009	323	11	19	3	1
2009	324	11	20	4	8
2009	325	11	21	4	1
2009	326	11	22	4	1
2009	327	11	23	5	1
2009	328	11	24	5	8
2009	329	11	25	6	8
2009	330	11	26	6	8
2009	331	11	27	7	8
2009	332	11	28	7	8
2009	333	11	29	7	8
2009	334	11	30	7	8
2009	335	12	1	7	8
2009	336	12	2	7	8
2009	337	12	3	7	7
2009	338	12	4	8	6
2009	339	12	5	8	7
2009	340	12	6	8	5
2009	341	12	7	8	5
2009	342	12	8	8	6
2009	343	12	9	8	6
2009	344	12	10	1	5
2009	345	12	11	1	6
2009	346	12	12	1	6
2009	347	12	13	1	5
2009	348	12	14	2	4
2009	349	12	15	1	4
2009	350	12	16	1	5
2009	351	12	17	2	5
2009	352	12	18	3	5
2009	353	12	19	3	6
2009	354	12	20	2	6
2009	355	12	21	2	6
2009	356	12	22	2	7
2009	357	12	23	2	7
2009	358	12	24	1	7
2009	359	12	25	1	4
2009	360	12	26	2	4
2009	361	12	27	2	3
2009	362	12	28	3	3
2009	363	12	29	3	3
2009	364	12	30	2	3
2009	365	12	31	2	4
2010	1	1	1	3	4
2010	2	1	2	3	4
2010	3	1	3	2	3
2010	4	1	4	2	3
2010	5	1	5	4	3
2010	6	1	6	3	4
2010	7	1	7	4	4
2010	8	1	8	4	3
2010	9	1	9	4	7
2010	10	1	10	5	7
2010	11	1	11	5	3
2010	12	1	12	5	4
2010	13	1	13	4	5
2010	14	1	14	4	7
2010	15	1	15	4	7
2010	16	1	16	4	8
2010	17	1	17	4	1
2010	18	1	18	4	1
2010	19	1	19	4	1
2010	20	1	20	4	8
2010	21	1	21	4	7
2010	22	1	22	4	6
2010	23	1	23	3	6
2010	24	1	24	1	7
2010	25	1	25	3	8
2010	26	1	26	3	8
2010	27	1	27	3	7
2010	28	1	28	3	7
2010	29	1	29	2	6
2010	30	1	30	2	6
2010	31	1	31	3	5
2010	32	2	1	3	5
2010	33	2	2	1	5
2010	34	2	3	8	5
2010	35	2	4	8	5
2010	36	2	5	1	5
2010	37	2	6	1	5
2010	38	2	7	8	6
2010	39	2	8	1	7
2010	40	2	9	3	6
2010	41	2	10	3	5
2010	42	2	11	2	5
2010	43	2	12	2	5
2010	44	2	13	2	3
2010	45	2	14	1	3
2010	46	2	15	1	4
2010	47	2	16	1	5
2010	48	2	17	1	5
2010	49	2	18	1	4
2010	50	2	19	1	4
2010	51	2	20	8	4
2010	52	2	21	7	4
2010	53	2	22	7	8
2010	54	2	23	7	1
2010	55	2	24	7	1
2010	56	2	25	7	8
2010	57	2	26	7	7
2010	58	2	27	6	7
2010	59	2	28	7	7
2010	60	3	1	6	6
2010	61	3	2	6	5
2010	62	3	3	7	5
2010	63	3	4	7	6
2010	64	3	5	4	6
2010	65	3	6	4	4
2010	66	3	7	4	4
2010	67	3	8	1	3
2010	68	3	9	1	4
2010	69	3	10	3	6
2010	70	3	11	2	7
2010	71	3	12	2	7
2010	72	3	13	4	7
2010	73	3	14	4	7
2010	74	3	15	4	7
2010	75	3	16	4	7
2010	76	3	17	3	8
2010	77	3	18	3	7
2010	78	3	19	3	7
2010	79	3	20	4	8
2010	80	3	21	4	8
2010	81	3	22	4	1
2010	82	3	23	4	1
2010	83	3	24	5	2
2010	84	3	25	5	2
2010	85	3	26	4	2
2010	86	3	27	4	2
2010	87	3	28	8	2
2010	88	3	29	7	3
2010	89	3	30	6	2
2010	90	3	31	5	2
2010	91	4	1	4	2
2010	92	4	2	4	1
2010	93	4	3	4	2
2010	94	4	4	1	1
2010	95	4	5	1	2
2010	96	4	6	3	5
2010	97	4	7	1	4
2010	98	4	8	8	2
2010	99	4	9	8	1
2010	100	4	10	6	1
2010	101	4	11	4	6
2010	102	4	12	4	5
2010	103	4	13	4	6
2010	104	4	14	4	7
2010	105	4	15	4	8
2010	106	4	16	4	8
2010	107	4	17	4	8
2010	108	4	18	4	8
2010	109	4	19	4	1
2010	110	4	20	4	4
2010	111	4	21	4	5
2010	112	4	22	4	5
2010	113	4	23	4	6
2010	114	4	24	1	3
2010	115	4	25	1	1
2010	116	4	26	1	1
2010	117	4	27	1	8
2010	118	4	28	8	7
2010	119	4	29	1	7
2010	120	4	30	1	7
2010	121	5	1	2	7
2010	122	5	2	1	7
2010	123	5	3	1	8
2010	124	5	4	8	7
2010	125	5	5	1	6
2010	126	5	6	2	6
2010	127	5	7	2	8
2010	128	5	8	2	2
2010	129	5	9	1	3
2010	130	5	10	2	3
2010	131	5	11	2	3
2010	132	5	12	2	3
2010	133	5	13	2	3
2010	134	5	14	2	3
2010	135	5	15	1	2
2010	136	5	16	2	2
2010	137	5	17	2	2
2010	138	5	18	3	1
2010	139	5	19	3	2
2010	140	5	20	2	2
2010	141	5	21	1	4
2010	142	5	22	8	5
2010	143	5	23	7	5
2010	144	5	24	6	5
2010	145	5	25	6	5
2010	146	5	26	7	4
2010	147	5	27	7	4
2010	148	5	28	8	5
2010	149	5	29	8	4
2010	150	5	30	8	4
2010	151	5	31	8	4
2010	152	6	1	8	3
2010	153	6	2	8	3
2010	154	6	3	8	2
2010	155	6	4	8	3
2010	156	6	5	8	3
2010	157	6	6	8	3
2010	158	6	7	1	3
2010	159	6	8	1	3
2010	160	6	9	1	3
2010	161	6	10	1	3
2010	162	6	11	2	3
2010	163	6	12	1	3
2010	164	6	13	2	4
2010	165	6	14	2	4
2010	166	6	15	3	5
2010	167	6	16	3	6
2010	168	6	17	4	7
2010	169	6	18	4	7
2010	170	6	19	4	7
2010	171	6	20	4	7
2010	172	6	21	3	8
2010	173	6	22	3	1
2010	174	6	23	3	4
2010	175	6	24	3	3
2010	176	6	25	3	3
2010	177	6	26	3	2
2010	178	6	27	3	1
2010	179	6	28	2	2
2010	180	6	29	2	2
2010	181	6	30	2	2
2010	182	7	1	2	3
2010	183	7	2	2	3
2010	184	7	3	3	4
2010	185	7	4	3	4
2010	186	7	5	3	5
2010	187	7	6	3	5
2010	188	7	7	3	8
2010	189	7	8	3	8
2010	190	7	9	2	8
2010	191	7	10	2	8
2010	192	7	11	2	7
2010	193	7	12	2	8
2010	194	7	13	3	8
2010	195	7	14	3	1
2010	196	7	15	3	1
2010	197	7	16	2	2
2010	198	7	17	3	2
2010	199	7	18	3	2
2010	200	7	19	3	2
2010	201	7	20	4	2
2010	202	7	21	4	3
2010	203	7	22	5	2
2010	204	7	23	5	3
2010	205	7	24	5	3
2010	206	7	25	5	3
2010	207	7	26	4	3
2010	208	7	27	4	3
2010	209	7	28	3	3
2010	210	7	29	3	3
2010	211	7	30	4	3
2010	212	7	31	4	8
2010	213	8	1	4	8
2010	214	8	2	6	1
2010	215	8	3	6	2
2010	216	8	4	6	2
2010	217	8	5	6	1
2010	218	8	6	6	2
2010	219	8	7	6	3
2010	220	8	8	6	3
2010	221	8	9	6	3
2010	222	8	10	3	3
2010	223	8	11	3	3
2010	224	8	12	3	2
2010	225	8	13	3	3
2010	226	8	14	3	3
2010	227	8	15	3	3
2010	228	8	16	3	3
2010	229	8	17	3	2
2010	230	8	18	3	2
2010	231	8	19	2	2
2010	232	8	20	2	2
2010	233	8	21	3	2
2010	234	8	22	5	2
2010	235	8	23	5	2
2010	236	8	24	4	2
2010	237	8	25	5	2
2010	238	8	26	6	2
2010	239	8	27	6	1
2010	240	8	28	6	4
2010	241	8	29	6	5
2010	242	8	30	6	5
2010	243	8	31	7	4
2010	244	9	1	6	3
2010	245	9	2	5	3
2010	246	9	3	5	3
2010	247	9	4	5	4
2010	248	9	5	5	5
2010	249	9	6	5	5
2010	250	9	7	4	5
2010	251	9	8	4	5
2010	252	9	9	4	5
2010	253	9	10	4	5
2010	254	9	11	4	6
2010	255	9	12	4	6
2010	256	9	13	4	6
2010	257	9	14	4	5
2010	258	9	15	4	5
2010	259	9	16	5	5
2010	260	9	17	2	4
2010	261	9	18	2	4
2010	262	9	19	2	4
2010	263	9	20	2	3
2010	264	9	21	2	1
2010	265	9	22	2	8
2010	266	9	23	1	1
2010	267	9	24	1	4
2010	268	9	25	2	5
2010	269	9	26	2	8
2010	270	9	27	2	8
2010	271	9	28	3	1
2010	272	9	29	4	1
2010	273	9	30	3	1
2010	274	10	1	2	1
2010	275	10	2	2	2
2010	276	10	3	2	3
2010	277	10	4	3	3
2010	278	10	5	3	3
2010	279	10	6	4	3
2010	280	10	7	5	3
2010	281	10	8	6	4
2010	282	10	9	6	4
2010	283	10	10	6	4
2010	284	10	11	6	5
2010	285	10	12	6	6
2010	286	10	13	6	6
2010	287	10	14	6	5
2010	288	10	15	5	5
2010	289	10	16	6	8
2010	290	10	17	6	2
2010	291	10	18	6	2
2010	292	10	19	6	3
2010	293	10	20	7	4
2010	294	10	21	7	4
2010	295	10	22	7	4
2010	296	10	23	7	4
2010	297	10	24	7	4
2010	298	10	25	7	5
2010	299	10	26	7	3
2010	300	10	27	8	3
2010	301	10	28	8	3
2010	302	10	29	8	2
2010	303	10	30	8	1
2010	304	10	31	1	2
2010	305	11	1	4	2
2010	306	11	2	4	2
2010	307	11	3	4	2
2010	308	11	4	5	2
2010	309	11	5	5	3
2010	310	11	6	5	3
2010	311	11	7	6	3
2010	312	11	8	7	4
2010	313	11	9	5	5
2010	314	11	10	6	5
2010	315	11	11	6	5
2010	316	11	12	6	5
2010	317	11	13	7	5
2010	318	11	14	8	6
2010	319	11	15	7	5
2010	320	11	16	3	4
2010	321	11	17	8	4
2010	322	11	18	8	5
2010	323	11	19	8	5
2010	324	11	20	8	4
2010	325	11	21	8	4
2010	326	11	22	8	4
2010	327	11	23	8	4
2010	328	11	24	8	3
2010	329	11	25	8	3
2010	330	11	26	8	3
2010	331	11	27	2	3
2010	332	11	28	2	2
2010	333	11	29	2	2
2010	334	11	30	1	1
2010	335	12	1	1	2
2010	336	12	2	2	2
2010	337	12	3	3	1
2010	338	12	4	3	2
2010	339	12	5	3	2
2010	340	12	6	7	3
2010	341	12	7	7	4
2010	342	12	8	7	4
2010	343	12	9	6	4
2010	344	12	10	6	4
2010	345	12	11	6	3
2010	346	12	12	6	3
2010	347	12	13	7	5
2010	348	12	14	7	6
2010	349	12	15	7	6
2010	350	12	16	8	5
2010	351	12	17	8	5
2010	352	12	18	8	8
2010	353	12	19	8	8
2010	354	12	20	8	8
2010	355	12	21	8	8
2010	356	12	22	7	8
2010	357	12	23	6	8
2010	358	12	24	5	1
2010	359	12	25	5	2
2010	360	12	26	4	2
2010	361	12	27	3	2
2010	362	12	28	4	1
2010	363	12	29	4	8
2010	364	12	30	5	8
2010	365	12	31	5	5
2011	1	1	1	6	4
2011	2	1	2	8	2
2011	3	1	3	1	1
2011	4	1	4	3	2
2011	5	1	5	3	8
2011	6	1	6	4	1
2011	7	1	7	6	2
2011	8	1	8	4	8
2011	9	1	9	4	1
2011	10	1	10	5	3
2011	11	1	11	5	3
2011	12	1	12	6	3
2011	13	1	13	6	1
2011	14	1	14	6	1
2011	15	1	15	6	8
2011	16	1	16	6	6
2011	17	1	17	6	8
2011	18	1	18	6	7
2011	19	1	19	6	7
2011	20	1	20	6	7
2011	21	1	21	7	7
2011	22	1	22	8	7
2011	23	1	23	8	7
2011	24	1	24	1	7
2011	25	1	25	1	7
2011	26	1	26	2	7
2011	27	1	27	2	7
2011	28	1	28	3	8
2011	29	1	29	3	8
2011	30	1	30	3	8
2011	31	1	31	3	8
2011	32	2	1	3	1
2011	33	2	2	3	1
2011	34	2	3	4	1
2011	35	2	4	7	1
2011	36	2	5	8	1
2011	37	2	6	8	1
2011	38	2	7	8	8
2011	39	2	8	8	1
2011	40	2	9	8	1
2011	41	2	10	8	1
2011	42	2	11	8	1
2011	43	2	12	8	7
2011	44	2	13	7	8
2011	45	2	14	7	8
2011	46	2	15	6	7
2011	47	2	16	6	7
2011	48	2	17	6	7
2011	49	2	18	6	6
2011	50	2	19	7	6
2011	51	2	20	8	6
2011	52	2	21	8	6
2011	53	2	22	8	8
2011	54	2	23	7	8
2011	55	2	24	6	1
2011	56	2	25	5	1
2011	57	2	26	5	1
2011	58	2	27	4	8
2011	59	2	28	5	8
2011	60	3	1	5	7
2011	61	3	2	5	6
2011	62	3	3	6	7
2011	63	3	4	7	7
2011	64	3	5	8	8
2011	65	3	6	8	7
2011	66	3	7	8	6
2011	67	3	8	1	7
2011	68	3	9	3	7
2011	69	3	10	3	8
2011	70	3	11	3	8
2011	71	3	12	3	8
2011	72	3	13	3	1
2011	73	3	14	4	1
2011	74	3	15	4	8
2011	75	3	16	4	7
2011	76	3	17	3	7
2011	77	3	18	3	8
2011	78	3	19	4	8
2011	79	3	20	4	7
2011	80	3	21	4	6
2011	81	3	22	4	4
2011	82	3	23	4	3
2011	83	3	24	4	2
2011	84	3	25	4	2
2011	85	3	26	4	3
2011	86	3	27	5	3
2011	87	3	28	5	2
2011	88	3	29	5	1
2011	89	3	30	5	1
2011	90	3	31	6	8
2011	91	4	1	6	8
2011	92	4	2	6	8
2011	93	4	3	6	8
2011	94	4	4	7	8
2011	95	4	5	7	8
2011	96	4	6	7	8
2011	97	4	7	7	8
2011	98	4	8	6	8
2011	99	4	9	3	8
2011	100	4	10	2	7
2011	101	4	11	1	7
2011	102	4	12	1	7
2011	103	4	13	2	7
2011	104	4	14	2	7
2011	105	4	15	3	7
2011	106	4	16	1	6
2011	107	4	17	8	5
2011	108	4	18	7	5
2011	109	4	19	5	5
2011	110	4	20	8	6
2011	111	4	21	8	7
2011	112	4	22	8	7
2011	113	4	23	1	7
2011	114	4	24	3	6
2011	115	4	25	3	6
2011	116	4	26	3	5
2011	117	4	27	2	5
2011	118	4	28	3	5
2011	119	4	29	3	5
2011	120	4	30	3	7
2011	121	5	1	4	5
2011	122	5	2	4	5
2011	123	5	3	4	5
2011	124	5	4	4	5
2011	125	5	5	5	5
2011	126	5	6	5	7
2011	127	5	7	5	5
2011	128	5	8	5	5
2011	129	5	9	5	6
2011	130	5	10	5	6
2011	131	5	11	6	6
2011	132	5	12	5	6
2011	133	5	13	3	6
2011	134	5	14	3	6
2011	135	5	15	2	7
2011	136	5	16	1	7
2011	137	5	17	8	7
2011	138	5	18	8	7
2011	139	5	19	8	7
2011	140	5	20	7	7
2011	141	5	21	7	7
2011	142	5	22	7	6
2011	143	5	23	7	7
2011	144	5	24	7	8
2011	145	5	25	7	1
2011	146	5	26	7	1
2011	147	5	27	7	2
2011	148	5	28	8	3
2011	149	5	29	1	4
2011	150	5	30	1	5
2011	151	5	31	1	5
2011	152	6	1	2	4
2011	153	6	2	2	4
2011	154	6	3	2	5
2011	155	6	4	3	5
2011	156	6	5	3	5
2011	157	6	6	3	5
2011	158	6	7	4	5
2011	159	6	8	4	5
2011	160	6	9	5	6
2011	161	6	10	5	6
2011	162	6	11	4	6
2011	163	6	12	4	6
2011	164	6	13	4	6
2011	165	6	14	5	5
2011	166	6	15	5	5
2011	167	6	16	5	6
2011	168	6	17	5	6
2011	169	6	18	5	6
2011	170	6	19	5	7
2011	171	6	20	5	7
2011	172	6	21	5	7
2011	173	6	22	6	8
2011	174	6	23	6	8
2011	175	6	24	7	3
2011	176	6	25	8	4
2011	177	6	26	1	5
2011	178	6	27	1	8
2011	179	6	28	1	1
2011	180	6	29	1	8
2011	181	6	30	2	8
2011	182	7	1	2	8
2011	183	7	2	2	7
2011	184	7	3	3	8
2011	185	7	4	3	8
2011	186	7	5	3	8
2011	187	7	6	1	8
2011	188	7	7	1	8
2011	189	7	8	8	1
2011	190	7	9	8	1
2011	191	7	10	8	1
2011	192	7	11	8	2
2011	193	7	12	8	2
2011	194	7	13	8	2
2011	195	7	14	8	1
2011	196	7	15	8	2
2011	197	7	16	8	2
2011	198	7	17	8	4
2011	199	7	18	8	5
2011	200	7	19	1	5
2011	201	7	20	3	5
2011	202	7	21	3	5
2011	203	7	22	5	5
2011	204	7	23	4	6
2011	205	7	24	4	1
2011	206	7	25	4	1
2011	207	7	26	4	1
2011	208	7	27	5	1
2011	209	7	28	7	1
2011	210	7	29	7	1
2011	211	7	30	7	7
2011	212	7	31	7	3
2011	213	8	1	8	3
2011	214	8	2	8	3
2011	215	8	3	8	5
2011	216	8	4	8	5
2011	217	8	5	8	5
2011	218	8	6	8	5
2011	219	8	7	8	4
2011	220	8	8	8	5
2011	221	8	9	3	5
2011	222	8	10	3	6
2011	223	8	11	3	6
2011	224	8	12	3	6
2011	225	8	13	3	6
2011	226	8	14	3	7
2011	227	8	15	3	7
2011	228	8	16	3	7
2011	229	8	17	3	7
2011	230	8	18	3	8
2011	231	8	19	3	8
2011	232	8	20	3	8
2011	233	8	21	2	8
2011	234	8	22	1	8
2011	235	8	23	8	1
2011	236	8	24	8	1
2011	237	8	25	8	1
2011	238	8	26	8	2
2011	239	8	27	8	3
2011	240	8	28	8	3
2011	241	8	29	8	4
2011	242	8	30	8	4
2011	243	8	31	8	4
2011	244	9	1	8	4
2011	245	9	2	8	4
2011	246	9	3	8	4
2011	247	9	4	8	5
2011	248	9	5	8	5
2011	249	9	6	6	5
2011	250	9	7	5	5
2011	251	9	8	5	4
2011	252	9	9	5	2
2011	253	9	10	6	2
2011	254	9	11	8	2
2011	255	9	12	8	3
2011	256	9	13	8	3
2011	257	9	14	8	3
2011	258	9	15	8	4
2011	259	9	16	8	4
2011	260	9	17	7	4
2011	261	9	18	6	4
2011	262	9	19	5	4
2011	263	9	20	5	5
2011	264	9	21	5	5
2011	265	9	22	5	5
2011	266	9	23	5	5
2011	267	9	24	6	8
2011	268	9	25	6	1
2011	269	9	26	6	2
2011	270	9	27	6	3
2011	271	9	28	6	3
2011	272	9	29	5	4
2011	273	9	30	5	6
2011	274	10	1	5	1
2011	275	10	2	5	3
2011	276	10	3	5	4
2011	277	10	4	5	3
2011	278	10	5	4	6
2011	279	10	6	4	6
2011	280	10	7	4	6
2011	281	10	8	4	5
2011	282	10	9	4	1
2011	283	10	10	4	8
2011	284	10	11	3	7
2011	285	10	12	1	6
2011	286	10	13	8	6
2011	287	10	14	8	6
2011	288	10	15	1	6
2011	289	10	16	2	6
2011	290	10	17	2	6
2011	291	10	18	1	7
2011	292	10	19	1	7
2011	293	10	20	1	7
2011	294	10	21	1	8
2011	295	10	22	1	8
2011	296	10	23	1	8
2011	297	10	24	1	8
2011	298	10	25	1	8
2011	299	10	26	1	8
2011	300	10	27	1	8
2011	301	10	28	1	8
2011	302	10	29	1	8
2011	303	10	30	2	8
2011	304	10	31	2	2
2011	305	11	1	2	1
2011	306	11	2	3	1
2011	307	11	3	4	1
2011	308	11	4	4	2
2011	309	11	5	5	2
2011	310	11	6	5	3
2011	311	11	7	6	5
2011	312	11	8	6	5
2011	313	11	9	7	5
2011	314	11	10	8	5
2011	315	11	11	8	6
2011	316	11	12	8	6
2011	317	11	13	1	6
2011	318	11	14	8	7
2011	319	11	15	7	7
2011	320	11	16	6	7
2011	321	11	17	2	6
2011	322	11	18	2	7
2011	323	11	19	2	6
2011	324	11	20	2	7
2011	325	11	21	2	8
2011	326	11	22	2	8
2011	327	11	23	2	8
2011	328	11	24	2	1
2011	329	11	25	2	1
2011	330	11	26	2	2
2011	331	11	27	2	2
2011	332	11	28	2	3
2011	333	11	29	2	3
2011	334	11	30	2	3
2011	335	12	1	8	3
2011	336	12	2	8	3
2011	337	12	3	5	3
2011	338	12	4	5	3
2011	339	12	5	5	3
2011	340	12	6	4	1
2011	341	12	7	4	1
2011	342	12	8	4	3
2011	343	12	9	5	4
2011	344	12	10	4	1
2011	345	12	11	4	3
2011	346	12	12	4	3
2011	347	12	13	3	3
2011	348	12	14	3	8
2011	349	12	15	4	1
2011	350	12	16	4	2
2011	351	12	17	3	2
2011	352	12	18	3	2
2011	353	12	19	3	3
2011	354	12	20	3	2
2011	355	12	21	3	2
2011	356	12	22	3	3
2011	357	12	23	3	3
2011	358	12	24	3	3
2011	359	12	25	3	3
2011	360	12	26	3	3
2011	361	12	27	4	3
2011	362	12	28	3	3
2011	363	12	29	3	3
2011	364	12	30	3	3
2011	365	12	31	3	2
2012	1	1	1	1	2
2012	2	1	2	7	5
2012	3	1	3	5	6
2012	4	1	4	5	6
2012	5	1	5	4	6
2012	6	1	6	5	7
2012	7	1	7	4	7
2012	8	1	8	4	7
2012	9	1	9	3	7
2012	10	1	10	3	8
2012	11	1	11	3	3
2012	12	1	12	3	2
2012	13	1	13	3	2
2012	14	1	14	3	3
2012	15	1	15	7	4
2012	16	1	16	8	4
2012	17	1	17	8	3
2012	18	1	18	7	2
2012	19	1	19	7	3
2012	20	1	20	8	3
2012	21	1	21	8	3
2012	22	1	22	8	3
2012	23	1	23	1	3
2012	24	1	24	3	3
2012	25	1	25	2	3
2012	26	1	26	1	3
2012	27	1	27	3	2
2012	28	1	28	1	3
2012	29	1	29	8	3
2012	30	1	30	8	2
2012	31	1	31	8	1
2012	32	2	1	5	1
2012	33	2	2	4	2
2012	34	2	3	4	1
2012	35	2	4	4	8
2012	36	2	5	5	8
2012	37	2	6	5	8
2012	38	2	7	5	7
2012	39	2	8	5	6
2012	40	2	9	5	7
2012	41	2	10	5	7
2012	42	2	11	5	7
2012	43	2	12	4	8
2012	44	2	13	4	8
2012	45	2	14	5	8
2012	46	2	15	5	4
2012	47	2	16	5	3
2012	48	2	17	5	4
2012	49	2	18	6	4
2012	50	2	19	7	2
2012	51	2	20	8	1
2012	52	2	21	2	1
2012	53	2	22	1	1
2012	54	2	23	1	4
2012	55	2	24	1	4
2012	56	2	25	1	4
2012	57	2	26	1	4
2012	58	2	27	1	3
2012	59	2	28	1	3
2012	60	2	29	2	3
2012	61	3	1	2	5
2012	62	3	2	3	4
2012	63	3	3	4	3
2012	64	3	4	4	2
2012	65	3	5	4	2
2012	66	3	6	4	2
2012	67	3	7	3	2
2012	68	3	8	3	3
2012	69	3	9	3	3
2012	70	3	10	2	3
2012	71	3	11	3	3
2012	72	3	12	3	3
2012	73	3	13	3	2
2012	74	3	14	3	2
2012	75	3	15	3	2
2012	76	3	16	5	1
2012	77	3	17	5	8
2012	78	3	18	5	7
2012	79	3	19	5	6
2012	80	3	20	6	6
2012	81	3	21	6	7
2012	82	3	22	5	7
2012	83	3	23	5	6
2012	84	3	24	5	7
2012	85	3	25	6	7
2012	86	3	26	5	7
2012	87	3	27	5	8
2012	88	3	28	6	8
2012	89	3	29	6	8
2012	90	3	30	6	8
2012	91	3	31	5	7
2012	92	4	1	6	7
2012	93	4	2	7	7
2012	94	4	3	6	7
2012	95	4	4	5	6
2012	96	4	5	6	6
2012	97	4	6	6	6
2012	98	4	7	7	6
2012	99	4	8	8	7
2012	100	4	9	7	7
2012	101	4	10	6	7
2012	102	4	11	5	6
2012	103	4	12	5	6
2012	104	4	13	2	6
2012	105	4	14	1	6
2012	106	4	15	8	5
2012	107	4	16	8	5
2012	108	4	17	8	4
2012	109	4	18	8	4
2012	110	4	19	8	3
2012	111	4	20	8	3
2012	112	4	21	8	2
2012	113	4	22	8	2
2012	114	4	23	5	2
2012	115	4	24	1	2
2012	116	4	25	8	2
2012	117	4	26	8	2
2012	118	4	27	8	3
2012	119	4	28	8	1
2012	120	4	29	8	8
2012	121	4	30	8	7
2012	122	5	1	8	6
2012	123	5	2	8	6
2012	124	5	3	7	5
2012	125	5	4	7	5
2012	126	5	5	6	5
2012	127	5	6	6	6
2012	128	5	7	6	7
2012	129	5	8	7	7
2012	130	5	9	7	7
2012	131	5	10	8	6
2012	132	5	11	7	7
2012	133	5	12	6	7
2012	134	5	13	6	6
2012	135	5	14	6	7
2012	136	5	15	6	6
2012	137	5	16	5	6
2012	138	5	17	6	6
2012	139	5	18	5	6
2012	140	5	19	7	7
2012	141	5	20	8	1
2012	142	5	21	8	2
2012	143	5	22	7	1
2012	144	5	23	7	1
2012	145	5	24	6	1
2012	146	5	25	7	2
2012	147	5	26	8	2
2012	148	5	27	8	2
2012	149	5	28	7	2
2012	150	5	29	6	2
2012	151	5	30	6	2
2012	152	5	31	5	2
2012	153	6	1	5	2
2012	154	6	2	6	3
2012	155	6	3	6	3
2012	156	6	4	6	3
2012	157	6	5	7	3
2012	158	6	6	6	3
2012	159	6	7	5	3
2012	160	6	8	1	4
2012	161	6	9	1	4
2012	162	6	10	8	4
2012	163	6	11	7	4
2012	164	6	12	6	4
2012	165	6	13	6	5
2012	166	6	14	6	6
2012	167	6	15	6	7
2012	168	6	16	6	7
2012	169	6	17	6	5
2012	170	6	18	7	5
2012	171	6	19	7	5
2012	172	6	20	5	5
2012	173	6	21	5	6
2012	174	6	22	5	7
2012	175	6	23	4	7
2012	176	6	24	8	6
2012	177	6	25	8	6
2012	178	6	26	8	6
2012	179	6	27	7	7
2012	180	6	28	6	6
2012	181	6	29	5	6
2012	182	6	30	4	7
2012	183	7	1	3	7
2012	184	7	2	3	7
2012	185	7	3	4	7
2012	186	7	4	4	8
2012	187	7	5	3	8
2012	188	7	6	3	6
2012	189	7	7	3	4
2012	190	7	8	3	3
2012	191	7	9	2	2
2012	192	7	10	2	2
2012	193	7	11	2	1
2012	194	7	12	2	1
2012	195	7	13	2	8
2012	196	7	14	2	1
2012	197	7	15	2	1
2012	198	7	16	1	8
2012	199	7	17	1	8
2012	200	7	18	4	8
2012	201	7	19	5	8
2012	202	7	20	5	2
2012	203	7	21	7	3
2012	204	7	22	6	2
2012	205	7	23	6	2
2012	206	7	24	6	3
2012	207	7	25	5	2
2012	208	7	26	5	1
2012	209	7	27	5	8
2012	210	7	28	6	1
2012	211	7	29	7	1
2012	212	7	30	7	2
2012	213	7	31	7	3
2012	214	8	1	7	3
2012	215	8	2	7	1
2012	216	8	3	7	2
2012	217	8	4	7	4
2012	218	8	5	8	5
2012	219	8	6	7	5
2012	220	8	7	8	6
2012	221	8	8	8	6
2012	222	8	9	8	6
2012	223	8	10	2	6
2012	224	8	11	4	6
2012	225	8	12	6	7
2012	226	8	13	7	7
2012	227	8	14	7	7
2012	228	8	15	2	8
2012	229	8	16	2	2
2012	230	8	17	2	2
2012	231	8	18	1	1
2012	232	8	19	1	1
2012	233	8	20	2	1
2012	234	8	21	2	2
2012	235	8	22	1	2
2012	236	8	23	1	2
2012	237	8	24	1	2
2012	238	8	25	1	3
2012	239	8	26	1	3
2012	240	8	27	2	4
2012	241	8	28	3	4
2012	242	8	29	3	4
2012	243	8	30	3	2
2012	244	8	31	5	7
2012	245	9	1	5	6
2012	246	9	2	5	6
2012	247	9	3	4	6
2012	248	9	4	4	6
2012	249	9	5	4	7
2012	250	9	6	4	7
2012	251	9	7	4	7
2012	252	9	8	4	7
2012	253	9	9	4	7
2012	254	9	10	4	6
2012	255	9	11	4	6
2012	256	9	12	5	7
2012	257	9	13	5	7
2012	258	9	14	6	1
2012	259	9	15	6	3
2012	260	9	16	6	4
2012	261	9	17	4	6
2012	262	9	18	4	7
2012	263	9	19	4	7
2012	264	9	20	4	7
2012	265	9	21	4	7
2012	266	9	22	4	7
2012	267	9	23	5	7
2012	268	9	24	5	1
2012	269	9	25	7	2
2012	270	9	26	7	2
2012	271	9	27	7	3
2012	272	9	28	6	4
2012	273	9	29	5	8
2012	274	9	30	5	8
2012	275	10	1	6	8
2012	276	10	2	6	8
2012	277	10	3	7	7
2012	278	10	4	6	7
2012	279	10	5	6	7
2012	280	10	6	6	8
2012	281	10	7	6	8
2012	282	10	8	7	8
2012	283	10	9	7	1
2012	284	10	10	8	1
2012	285	10	11	8	8
2012	286	10	12	8	4
2012	287	10	13	8	4
2012	288	10	14	8	3
2012	289	10	15	1	4
2012	290	10	16	1	4
2012	291	10	17	2	5
2012	292	10	18	2	6
2012	293	10	19	2	6
2012	294	10	20	2	7
2012	295	10	21	2	8
2012	296	10	22	3	8
2012	297	10	23	2	7
2012	298	10	24	2	7
2012	299	10	25	2	7
2012	300	10	26	2	5
2012	301	10	27	2	4
2012	302	10	28	2	4
2012	303	10	29	1	4
2012	304	10	30	1	4
2012	305	10	31	2	4
2012	306	11	1	2	4
2012	307	11	2	3	4
2012	308	11	3	3	4
2012	309	11	4	3	4
2012	310	11	5	3	5
2012	311	11	6	2	5
2012	312	11	7	2	5
2012	313	11	8	3	5
2012	314	11	9	2	5
2012	315	11	10	2	5
2012	316	11	11	3	5
2012	317	11	12	3	5
2012	318	11	13	3	5
2012	319	11	14	4	5
2012	320	11	15	4	4
2012	321	11	16	4	4
2012	322	11	17	3	5
2012	323	11	18	2	5
2012	324	11	19	2	5
2012	325	11	20	3	5
2012	326	11	21	2	5
2012	327	11	22	1	5
2012	328	11	23	1	5
2012	329	11	24	2	5
2012	330	11	25	2	5
2012	331	11	26	2	5
2012	332	11	27	2	5
2012	333	11	28	2	4
2012	334	11	29	2	3
2012	335	11	30	2	4
2012	336	12	1	1	4
2012	337	12	2	1	3
2012	338	12	3	1	3
2012	339	12	4	1	4
2012	340	12	5	7	4
2012	341	12	6	8	5
2012	342	12	7	8	5
2012	343	12	8	8	5
2012	344	12	9	8	5
2012	345	12	10	8	5
2012	346	12	11	8	5
2012	347	12	12	8	6
2012	348	12	13	2	8
2012	349	12	14	2	8
2012	350	12	15	2	7
2012	351	12	16	1	6
2012	352	12	17	1	7
2012	353	12	18	1	6
2012	354	12	19	2	6
2012	355	12	20	3	1
2012	356	12	21	3	1
2012	357	12	22	3	1
2012	358	12	23	3	1
2012	359	12	24	3	1
2012	360	12	25	3	1
2012	361	12	26	4	2
2012	362	12	27	3	2
2012	363	12	28	3	2
2012	364	12	29	2	2
2012	365	12	30	3	2
2012	366	12	31	3	3
2013	1	1	1	4	2
2013	2	1	2	4	2
2013	3	1	3	4	2
2013	4	1	4	4	2
2013	5	1	5	5	2
2013	6	1	6	5	2
2013	7	1	7	4	3
2013	8	1	8	4	3
2013	9	1	9	5	3
2013	10	1	10	5	2
2013	11	1	11	5	1
2013	12	1	12	5	1
2013	13	1	13	6	2
2013	14	1	14	7	4
2013	15	1	15	6	7
2013	16	1	16	7	8
2013	17	1	17	8	7
2013	18	1	18	1	8
2013	19	1	19	4	8
2013	20	1	20	4	8
2013	21	1	21	4	8
2013	22	1	22	5	8
2013	23	1	23	7	5
2013	24	1	24	7	6
2013	25	1	25	6	7
2013	26	1	26	6	7
2013	27	1	27	6	7
2013	28	1	28	6	7
2013	29	1	29	5	8
2013	30	1	30	6	8
2013	31	1	31	7	8
2013	32	2	1	5	8
2013	33	2	2	4	8
2013	34	2	3	3	8
2013	35	2	4	3	8
2013	36	2	5	3	1
2013	37	2	6	3	2
2013	38	2	7	4	2
2013	39	2	8	4	2
2013	40	2	9	3	2
2013	41	2	10	3	1
2013	42	2	11	4	8
2013	43	2	12	3	8
2013	44	2	13	3	7
2013	45	2	14	3	8
2013	46	2	15	4	2
2013	47	2	16	4	2
2013	48	2	17	4	1
2013	49	2	18	4	2
2013	50	2	19	4	3
2013	51	2	20	5	2
2013	52	2	21	4	1
2013	53	2	22	4	1
2013	54	2	23	4	1
2013	55	2	24	4	1
2013	56	2	25	4	1
2013	57	2	26	4	1
2013	58	2	27	6	2
2013	59	2	28	6	1
2013	60	3	1	5	1
2013	61	3	2	2	1
2013	62	3	3	1	2
2013	63	3	4	8	2
2013	64	3	5	8	1
2013	65	3	6	5	8
2013	66	3	7	5	8
2013	67	3	8	5	7
2013	68	3	9	5	7
2013	69	3	10	5	6
2013	70	3	11	6	6
2013	71	3	12	6	8
2013	72	3	13	6	7
2013	73	3	14	6	8
2013	74	3	15	7	8
2013	75	3	16	7	7
2013	76	3	17	6	7
2013	77	3	18	6	7
2013	78	3	19	6	7
2013	79	3	20	6	6
2013	80	3	21	5	6
2013	81	3	22	5	6
2013	82	3	23	5	6
2013	83	3	24	6	5
2013	84	3	25	5	5
2013	85	3	26	5	4
2013	86	3	27	6	5
2013	87	3	28	5	4
2013	88	3	29	4	4
2013	89	3	30	3	3
2013	90	3	31	2	3
2013	91	4	1	3	3
2013	92	4	2	2	3
2013	93	4	3	2	4
2013	94	4	4	1	3
2013	95	4	5	8	3
2013	96	4	6	8	3
2013	97	4	7	5	4
2013	98	4	8	4	4
2013	99	4	9	4	2
2013	100	4	10	4	2
2013	101	4	11	4	1
2013	102	4	12	3	8
2013	103	4	13	1	8
2013	104	4	14	7	8
2013	105	4	15	7	4
2013	106	4	16	7	5
2013	107	4	17	7	4
2013	108	4	18	8	5
2013	109	4	19	8	5
2013	110	4	20	7	5
2013	111	4	21	8	5
2013	112	4	22	8	7
2013	113	4	23	1	7
2013	114	4	24	1	7
2013	115	4	25	1	6
2013	116	4	26	8	6
2013	117	4	27	8	6
2013	118	4	28	1	8
2013	119	4	29	1	8
2013	120	4	30	1	7
2013	121	5	1	1	5
2013	122	5	2	8	4
2013	123	5	3	1	3
2013	124	5	4	1	2
2013	125	5	5	2	2
2013	126	5	6	2	2
2013	127	5	7	1	2
2013	128	5	8	1	2
2013	129	5	9	2	2
2013	130	5	10	3	2
2013	131	5	11	3	2
2013	132	5	12	3	3
2013	133	5	13	8	3
2013	134	5	14	8	3
2013	135	5	15	1	3
2013	136	5	16	8	3
2013	137	5	17	8	3
2013	138	5	18	8	3
2013	139	5	19	8	4
2013	140	5	20	8	5
2013	141	5	21	8	5
2013	142	5	22	8	5
2013	143	5	23	8	4
2013	144	5	24	8	4
2013	145	5	25	8	3
2013	146	5	26	8	3
2013	147	5	27	8	2
2013	148	5	28	7	8
2013	149	5	29	6	8
2013	150	5	30	6	8
2013	151	5	31	8	7
2013	152	6	1	1	5
2013	153	6	2	3	4
2013	154	6	3	4	3
2013	155	6	4	3	2
2013	156	6	5	4	2
2013	157	6	6	3	2
2013	158	6	7	1	3
2013	159	6	8	6	3
2013	160	6	9	6	3
2013	161	6	10	6	3
2013	162	6	11	5	3
2013	163	6	12	5	3
2013	164	6	13	5	3
2013	165	6	14	5	2
2013	166	6	15	5	2
2013	167	6	16	5	2
2013	168	6	17	5	2
2013	169	6	18	5	2
2013	170	6	19	5	4
2013	171	6	20	5	5
2013	172	6	21	5	5
2013	173	6	22	5	5
2013	174	6	23	5	5
2013	175	6	24	4	5
2013	176	6	25	2	6
2013	177	6	26	2	6
2013	178	6	27	1	6
2013	179	6	28	8	6
2013	180	6	29	8	6
2013	181	6	30	8	7
2013	182	7	1	1	8
2013	183	7	2	2	8
2013	184	7	3	3	8
2013	185	7	4	3	8
2013	186	7	5	3	8
2013	187	7	6	3	1
2013	188	7	7	2	1
2013	189	7	8	2	1
2013	190	7	9	1	1
2013	191	7	10	1	1
2013	192	7	11	8	1
2013	193	7	12	4	2
2013	194	7	13	4	1
2013	195	7	14	3	1
2013	196	7	15	4	1
2013	197	7	16	5	1
2013	198	7	17	6	2
2013	199	7	18	5	5
2013	200	7	19	5	5
2013	201	7	20	5	6
2013	202	7	21	5	6
2013	203	7	22	5	6
2013	204	7	23	5	5
2013	205	7	24	5	5
2013	206	7	25	5	5
2013	207	7	26	5	6
2013	208	7	27	4	6
2013	209	7	28	4	6
2013	210	7	29	5	6
2013	211	7	30	5	6
2013	212	7	31	5	5
2013	213	8	1	4	4
2013	214	8	2	4	4
2013	215	8	3	3	4
2013	216	8	4	3	1
2013	217	8	5	3	5
2013	218	8	6	3	6
2013	219	8	7	3	7
2013	220	8	8	3	8
2013	221	8	9	3	8
2013	222	8	10	4	1
2013	223	8	11	4	1
2013	224	8	12	4	2
2013	225	8	13	6	3
2013	226	8	14	1	4
2013	227	8	15	1	5
2013	228	8	16	8	5
2013	229	8	17	8	5
2013	230	8	18	8	5
2013	231	8	19	7	5
2013	232	8	20	7	5
2013	233	8	21	7	5
2013	234	8	22	6	5
2013	235	8	23	5	6
2013	236	8	24	4	6
2013	237	8	25	2	6
2013	238	8	26	1	5
2013	239	8	27	1	5
2013	240	8	28	1	5
2013	241	8	29	2	6
2013	242	8	30	2	6
2013	243	8	31	2	6
2013	244	9	1	1	7
2013	245	9	2	1	8
2013	246	9	3	1	7
2013	247	9	4	1	7
2013	248	9	5	2	8
2013	249	9	6	3	8
2013	250	9	7	3	8
2013	251	9	8	3	1
2013	252	9	9	3	1
2013	253	9	10	3	1
2013	254	9	11	2	1
2013	255	9	12	8	1
2013	256	9	13	8	1
2013	257	9	14	7	3
2013	258	9	15	7	3
2013	259	9	16	6	2
2013	260	9	17	6	2
2013	261	9	18	6	2
2013	262	9	19	6	2
2013	263	9	20	7	2
2013	264	9	21	7	2
2013	265	9	22	7	3
2013	266	9	23	7	2
2013	267	9	24	7	5
2013	268	9	25	7	6
2013	269	9	26	6	6
2013	270	9	27	6	7
2013	271	9	28	6	7
2013	272	9	29	6	8
2013	273	9	30	6	1
2013	274	10	1	7	1
2013	275	10	2	7	8
2013	276	10	3	6	8
2013	277	10	4	7	8
2013	278	10	5	7	8
2013	279	10	6	7	8
2013	280	10	7	7	8
2013	281	10	8	6	8
2013	282	10	9	6	8
2013	283	10	10	6	8
2013	284	10	11	6	8
2013	285	10	12	6	1
2013	286	10	13	7	2
2013	287	10	14	7	3
2013	288	10	15	8	4
2013	289	10	16	2	7
2013	290	10	17	1	1
2013	291	10	18	1	1
2013	292	10	19	8	1
2013	293	10	20	8	1
2013	294	10	21	8	1
2013	295	10	22	8	2
2013	296	10	23	8	2
2013	297	10	24	8	2
2013	298	10	25	8	5
2013	299	10	26	5	5
2013	300	10	27	5	6
2013	301	10	28	6	6
2013	302	10	29	7	7
2013	303	10	30	8	6
2013	304	10	31	8	6
2013	305	11	1	1	7
2013	306	11	2	2	7
2013	307	11	3	2	7
2013	308	11	4	2	6
2013	309	11	5	2	7
2013	310	11	6	3	7
2013	311	11	7	4	7
2013	312	11	8	4	7
2013	313	11	9	3	7
2013	314	11	10	3	6
2013	315	11	11	2	5
2013	316	11	12	2	4
2013	317	11	13	1	4
2013	318	11	14	2	3
2013	319	11	15	2	3
2013	320	11	16	2	4
2013	321	11	17	2	5
2013	322	11	18	2	5
2013	323	11	19	3	6
2013	324	11	20	3	5
2013	325	11	21	4	5
2013	326	11	22	4	5
2013	327	11	23	1	5
2013	328	11	24	4	5
2013	329	11	25	3	4
2013	330	11	26	3	4
2013	331	11	27	3	4
2013	332	11	28	2	4
2013	333	11	29	2	4
2013	334	11	30	2	4
2013	335	12	1	2	3
2013	336	12	2	2	3
2013	337	12	3	1	2
2013	338	12	4	1	2
2013	339	12	5	1	3
2013	340	12	6	2	3
2013	341	12	7	2	3
2013	342	12	8	2	3
2013	343	12	9	1	3
2013	344	12	10	1	4
2013	345	12	11	2	4
2013	346	12	12	3	4
2013	347	12	13	3	3
2013	348	12	14	3	3
2013	349	12	15	4	4
2013	350	12	16	3	3
2013	351	12	17	8	4
2013	352	12	18	8	4
2013	353	12	19	8	4
2013	354	12	20	4	5
2013	355	12	21	4	4
2013	356	12	22	3	4
2013	357	12	23	3	6
2013	358	12	24	3	5
2013	359	12	25	4	3
2013	360	12	26	5	3
2013	361	12	27	1	5
2013	362	12	28	4	5
2013	363	12	29	3	4
2013	364	12	30	3	5
2013	365	12	31	3	6
2014	1	1	1	3	6
2014	2	1	2	3	6
2014	3	1	3	3	6
2014	4	1	4	2	5
2014	5	1	5	1	5
2014	6	1	6	8	2
2014	7	1	7	2	8
2014	8	1	8	4	8
2014	9	1	9	4	7
2014	10	1	10	4	7
2014	11	1	11	4	8
2014	12	1	12	4	8
2014	13	1	13	4	1
2014	14	1	14	5	1
2014	15	1	15	6	1
2014	16	1	16	6	8
2014	17	1	17	5	8
2014	18	1	18	5	1
2014	19	1	19	5	8
2014	20	1	20	5	1
2014	21	1	21	5	8
2014	22	1	22	6	8
2014	23	1	23	6	8
2014	24	1	24	6	8
2014	25	1	25	6	8
2014	26	1	26	6	8
2014	27	1	27	7	8
2014	28	1	28	6	8
2014	29	1	29	5	8
2014	30	1	30	4	8
2014	31	1	31	4	8
2014	32	2	1	5	8
2014	33	2	2	7	7
2014	34	2	3	8	6
2014	35	2	4	8	5
2014	36	2	5	1	3
2014	37	2	6	1	1
2014	38	2	7	8	2
2014	39	2	8	8	4
2014	40	2	9	8	4
2014	41	2	10	8	2
2014	42	2	11	8	3
2014	43	2	12	8	3
2014	44	2	13	7	2
2014	45	2	14	8	2
2014	46	2	15	8	3
2014	47	2	16	6	5
2014	48	2	17	5	7
2014	49	2	18	6	6
2014	50	2	19	6	6
2014	51	2	20	6	1
2014	52	2	21	6	8
2014	53	2	22	5	8
2014	54	2	23	5	8
2014	55	2	24	6	8
2014	56	2	25	6	7
2014	57	2	26	6	7
2014	58	2	27	5	8
2014	59	2	28	6	7
2014	60	3	1	7	7
2014	61	3	2	7	7
2014	62	3	3	7	8
2014	63	3	4	7	8
2014	64	3	5	8	7
2014	65	3	6	7	7
2014	66	3	7	8	7
2014	67	3	8	1	6
2014	68	3	9	1	6
2014	69	3	10	1	6
2014	70	3	11	2	7
2014	71	3	12	3	7
2014	72	3	13	2	6
2014	73	3	14	2	6
2014	74	3	15	2	6
2014	75	3	16	2	7
2014	76	3	17	2	8
2014	77	3	18	2	8
2014	78	3	19	8	7
2014	79	3	20	7	6
2014	80	3	21	5	6
2014	81	3	22	4	8
2014	82	3	23	3	8
2014	83	3	24	3	8
2014	84	3	25	3	7
2014	85	3	26	2	7
2014	86	3	27	1	6
2014	87	3	28	1	6
2014	88	3	29	1	7
2014	89	3	30	1	6
2014	90	3	31	1	4
2014	91	4	1	1	3
2014	92	4	2	1	3
2014	93	4	3	1	3
2014	94	4	4	3	4
2014	95	4	5	4	4
2014	96	4	6	4	6
2014	97	4	7	4	6
2014	98	4	8	5	6
2014	99	4	9	5	1
2014	100	4	10	5	1
2014	101	4	11	5	1
2014	102	4	12	5	8
2014	103	4	13	6	8
2014	104	4	14	7	1
2014	105	4	15	7	8
2014	106	4	16	6	8
2014	107	4	17	5	8
2014	108	4	18	5	7
2014	109	4	19	8	3
2014	110	4	20	2	2
2014	111	4	21	2	1
2014	112	4	22	2	5
2014	113	4	23	1	5
2014	114	4	24	1	2
2014	115	4	25	8	1
2014	116	4	26	1	1
2014	117	4	27	1	1
2014	118	4	28	1	1
2014	119	4	29	1	1
2014	120	4	30	1	8
2014	121	5	1	2	6
2014	122	5	2	2	6
2014	123	5	3	2	6
2014	124	5	4	2	7
2014	125	5	5	2	3
2014	126	5	6	2	2
2014	127	5	7	2	3
2014	128	5	8	2	4
2014	129	5	9	2	5
2014	130	5	10	2	4
2014	131	5	11	1	5
2014	132	5	12	2	6
2014	133	5	13	3	6
2014	134	5	14	2	5
2014	135	5	15	3	5
2014	136	5	16	3	5
2014	137	5	17	2	5
2014	138	5	18	2	4
2014	139	5	19	2	4
2014	140	5	20	2	5
2014	141	5	21	2	5
2014	142	5	22	3	5
2014	143	5	23	2	3
2014	144	5	24	2	1
2014	145	5	25	2	8
2014	146	5	26	2	7
2014	147	5	27	2	7
2014	148	5	28	1	7
2014	149	5	29	1	8
2014	150	5	30	1	1
2014	151	5	31	1	1
2014	152	6	1	1	1
2014	153	6	2	1	2
2014	154	6	3	1	3
2014	155	6	4	1	3
2014	156	6	5	1	3
2014	157	6	6	8	3
2014	158	6	7	8	3
2014	159	6	8	8	3
2014	160	6	9	8	3
2014	161	6	10	8	3
2014	162	6	11	6	3
2014	163	6	12	5	3
2014	164	6	13	5	4
2014	165	6	14	4	4
2014	166	6	15	4	4
2014	167	6	16	4	4
2014	168	6	17	5	4
2014	169	6	18	6	4
2014	170	6	19	6	5
2014	171	6	20	5	5
2014	172	6	21	5	5
2014	173	6	22	5	5
2014	174	6	23	5	5
2014	175	6	24	5	4
2014	176	6	25	5	4
2014	177	6	26	4	6
2014	178	6	27	3	7
2014	179	6	28	5	7
2014	180	6	29	5	8
2014	181	6	30	5	8
2014	182	7	1	5	8
2014	183	7	2	5	8
2014	184	7	3	5	8
2014	185	7	4	5	1
2014	186	7	5	4	2
2014	187	7	6	6	2
2014	188	7	7	5	3
2014	189	7	8	5	3
2014	190	7	9	5	4
2014	191	7	10	4	4
2014	192	7	11	4	4
2014	193	7	12	4	3
2014	194	7	13	4	2
2014	195	7	14	4	1
2014	196	7	15	5	8
2014	197	7	16	5	8
2014	198	7	17	5	8
2014	199	7	18	5	8
2014	200	7	19	6	8
2014	201	7	20	6	8
2014	202	7	21	6	5
2014	203	7	22	6	5
2014	204	7	23	5	5
2014	205	7	24	5	6
2014	206	7	25	5	8
2014	207	7	26	5	8
2014	208	7	27	6	8
2014	209	7	28	6	8
2014	210	7	29	6	1
2014	211	7	30	7	2
2014	212	7	31	7	3
2014	213	8	1	7	3
2014	214	8	2	7	4
2014	215	8	3	7	3
2014	216	8	4	7	3
2014	217	8	5	8	3
2014	218	8	6	8	4
2014	219	8	7	8	4
2014	220	8	8	1	4
2014	221	8	9	1	5
2014	222	8	10	1	5
2014	223	8	11	1	6
2014	224	8	12	1	5
2014	225	8	13	2	6
2014	226	8	14	2	6
2014	227	8	15	3	6
2014	228	8	16	3	6
2014	229	8	17	2	7
2014	230	8	18	2	8
2014	231	8	19	2	8
2014	232	8	20	3	8
2014	233	8	21	3	8
2014	234	8	22	2	8
2014	235	8	23	2	8
2014	236	8	24	3	7
2014	237	8	25	3	7
2014	238	8	26	4	6
2014	239	8	27	4	5
2014	240	8	28	4	5
2014	241	8	29	4	6
2014	242	8	30	4	6
2014	243	8	31	4	7
2014	244	9	1	5	8
2014	245	9	2	5	8
2014	246	9	3	5	7
2014	247	9	4	5	6
2014	248	9	5	5	5
2014	249	9	6	5	5
2014	250	9	7	5	5
2014	251	9	8	6	5
2014	252	9	9	5	5
2014	253	9	10	5	5
2014	254	9	11	5	6
2014	255	9	12	5	6
2014	256	9	13	6	6
2014	257	9	14	6	4
2014	258	9	15	5	5
2014	259	9	16	5	5
2014	260	9	17	5	6
2014	261	9	18	4	5
2014	262	9	19	3	5
2014	263	9	20	4	5
2014	264	9	21	6	5
2014	265	9	22	8	7
2014	266	9	23	1	7
2014	267	9	24	1	8
2014	268	9	25	1	8
2014	269	9	26	1	8
2014	270	9	27	8	8
2014	271	9	28	1	8
2014	272	9	29	2	8
2014	273	9	30	2	8
2014	274	10	1	8	8
2014	275	10	2	8	8
2014	276	10	3	7	8
2014	277	10	4	7	1
2014	278	10	5	6	8
2014	279	10	6	5	8
2014	280	10	7	6	1
2014	281	10	8	7	1
2014	282	10	9	7	2
2014	283	10	10	7	3
2014	284	10	11	8	4
2014	285	10	12	8	4
2014	286	10	13	1	6
2014	287	10	14	2	7
2014	288	10	15	1	7
2014	289	10	16	1	8
2014	290	10	17	1	8
2014	291	10	18	1	1
2014	292	10	19	1	1
2014	293	10	20	1	8
2014	294	10	21	1	7
2014	295	10	22	1	7
2014	296	10	23	1	6
2014	297	10	24	2	5
2014	298	10	25	3	6
2014	299	10	26	3	6
2014	300	10	27	4	7
2014	301	10	28	4	8
2014	302	10	29	5	1
2014	303	10	30	6	1
2014	304	10	31	7	1
2014	305	11	1	7	1
2014	306	11	2	7	2
2014	307	11	3	7	3
2014	308	11	4	7	3
2014	309	11	5	7	4
2014	310	11	6	7	4
2014	311	11	7	7	3
2014	312	11	8	8	1
2014	313	11	9	8	2
2014	314	11	10	1	3
2014	315	11	11	1	5
2014	316	11	12	3	6
2014	317	11	13	3	6
2014	318	11	14	2	7
2014	319	11	15	1	8
2014	320	11	16	1	1
2014	321	11	17	1	2
2014	322	11	18	1	3
2014	323	11	19	1	2
2014	324	11	20	8	2
2014	325	11	21	1	3
2014	326	11	22	1	3
2014	327	11	23	1	3
2014	328	11	24	1	2
2014	329	11	25	2	3
2014	330	11	26	2	4
2014	331	11	27	3	4
2014	332	11	28	4	3
2014	333	11	29	4	3
2014	334	11	30	5	3
2014	335	12	1	5	3
2014	336	12	2	5	2
2014	337	12	3	5	1
2014	338	12	4	5	2
2014	339	12	5	5	3
2014	340	12	6	5	3
2014	341	12	7	5	2
2014	342	12	8	6	2
2014	343	12	9	7	2
2014	344	12	10	7	1
2014	345	12	11	6	3
2014	346	12	12	4	4
2014	347	12	13	3	5
2014	348	12	14	3	4
2014	349	12	15	3	3
2014	350	12	16	3	4
2014	351	12	17	3	5
2014	352	12	18	3	4
2014	353	12	19	2	2
2014	354	12	20	3	3
2014	355	12	21	3	3
2014	356	12	22	3	3
2014	357	12	23	3	2
2014	358	12	24	3	2
2014	359	12	25	3	3
2014	360	12	26	3	2
2014	361	12	27	4	2
2014	362	12	28	4	2
2014	363	12	29	4	3
2014	364	12	30	5	3
2014	365	12	31	4	3
2015	1	1	1	4	4
2015	2	1	2	4	4
2015	3	1	3	4	5
2015	4	1	4	5	6
2015	5	1	5	6	6
2015	6	1	6	5	6
2015	7	1	7	5	5
2015	8	1	8	5	5
2015	9	1	9	5	7
2015	10	1	10	5	7
2015	11	1	11	5	8
2015	12	1	12	5	1
2015	13	1	13	6	1
2015	14	1	14	6	1
2015	15	1	15	6	8
2015	16	1	16	6	7
2015	17	1	17	6	8
2015	18	1	18	6	7
2015	19	1	19	6	6
2015	20	1	20	7	6
2015	21	1	21	7	8
2015	22	1	22	8	5
2015	23	1	23	8	5
2015	24	1	24	4	8
2015	25	1	25	1	8
2015	26	1	26	8	8
2015	27	1	27	8	7
2015	28	1	28	8	7
2015	29	1	29	8	8
2015	30	1	30	8	8
2015	31	1	31	8	7
2015	32	2	1	1	8
2015	33	2	2	1	8
2015	34	2	3	8	7
2015	35	2	4	8	7
2015	36	2	5	8	5
2015	37	2	6	8	6
2015	38	2	7	7	8
2015	39	2	8	7	8
2015	40	2	9	7	8
2015	41	2	10	7	7
2015	42	2	11	7	7
2015	43	2	12	8	6
2015	44	2	13	8	6
2015	45	2	14	4	6
2015	46	2	15	1	5
2015	47	2	16	8	5
2015	48	2	17	1	4
2015	49	2	18	1	4
2015	50	2	19	8	4
2015	51	2	20	8	3
2015	52	2	21	8	8
2015	53	2	22	7	8
2015	54	2	23	6	7
2015	55	2	24	6	7
2015	56	2	25	6	6
2015	57	2	26	5	6
2015	58	2	27	4	6
2015	59	2	28	4	6
2015	60	3	1	4	6
2015	61	3	2	5	6
2015	62	3	3	5	6
2015	63	3	4	5	5
2015	64	3	5	4	5
2015	65	3	6	8	5
2015	66	3	7	1	3
2015	67	3	8	8	5
2015	68	3	9	8	6
2015	69	3	10	4	7
2015	70	3	11	4	8
2015	71	3	12	5	7
2015	72	3	13	5	7
2015	73	3	14	5	7
2015	74	3	15	6	7
2015	75	3	16	7	7
2015	76	3	17	7	7
2015	77	3	18	7	7
2015	78	3	19	8	7
2015	79	3	20	8	6
2015	80	3	21	8	6
2015	81	3	22	8	7
2015	82	3	23	8	6
2015	83	3	24	1	7
2015	84	3	25	2	7
2015	85	3	26	2	8
2015	86	3	27	2	8
2015	87	3	28	1	8
2015	88	3	29	2	7
2015	89	3	30	2	7
2015	90	3	31	2	8
2015	91	4	1	3	7
2015	92	4	2	6	7
2015	93	4	3	5	7
2015	94	4	4	5	8
2015	95	4	5	4	8
2015	96	4	6	3	8
2015	97	4	7	3	1
2015	98	4	8	2	1
2015	99	4	9	1	1
2015	100	4	10	1	1
2015	101	4	11	2	1
2015	102	4	12	2	2
2015	103	4	13	3	2
2015	104	4	14	2	2
2015	105	4	15	3	6
2015	106	4	16	3	5
2015	107	4	17	3	4
2015	108	4	18	2	2
2015	109	4	19	2	6
2015	110	4	20	2	5
2015	111	4	21	3	1
2015	112	4	22	4	1
2015	113	4	23	3	1
2015	114	4	24	3	1
2015	115	4	25	3	1
2015	116	4	26	2	1
2015	117	4	27	2	8
2015	118	4	28	8	7
2015	119	4	29	1	6
2015	120	4	30	1	4
2015	121	5	1	8	4
2015	122	5	2	8	3
2015	123	5	3	8	6
2015	124	5	4	7	7
2015	125	5	5	6	7
2015	126	5	6	6	7
2015	127	5	7	7	7
2015	128	5	8	2	7
2015	129	5	9	3	6
2015	130	5	10	2	5
2015	131	5	11	2	8
2015	132	5	12	3	8
2015	133	5	13	3	8
2015	134	5	14	3	8
2015	135	5	15	3	8
2015	136	5	16	4	8
2015	137	5	17	6	8
2015	138	5	18	8	7
2015	139	5	19	8	5
2015	140	5	20	7	5
2015	141	5	21	6	5
2015	142	5	22	6	5
2015	143	5	23	7	5
2015	144	5	24	8	5
2015	145	5	25	8	5
2015	146	5	26	8	5
2015	147	5	27	8	6
2015	148	5	28	8	5
2015	149	5	29	1	6
2015	150	5	30	1	6
2015	151	5	31	2	6
2015	152	6	1	2	7
2015	153	6	2	2	7
2015	154	6	3	2	7
2015	155	6	4	2	8
2015	156	6	5	2	8
2015	157	6	6	2	1
2015	158	6	7	2	2
2015	159	6	8	2	3
2015	160	6	9	3	5
2015	161	6	10	3	7
2015	162	6	11	3	7
2015	163	6	12	3	7
2015	164	6	13	3	1
2015	165	6	14	3	2
2015	166	6	15	4	3
2015	167	6	16	4	4
2015	168	6	17	4	4
2015	169	6	18	5	4
2015	170	6	19	5	4
2015	171	6	20	5	4
2015	172	6	21	8	8
2015	173	6	22	5	5
2015	174	6	23	5	5
2015	175	6	24	5	5
2015	176	6	25	6	5
2015	177	6	26	5	5
2015	178	6	27	4	5
2015	179	6	28	4	6
2015	180	6	29	6	7
2015	181	6	30	6	7
2015	182	7	1	6	7
2015	183	7	2	6	7
2015	184	7	3	6	8
2015	185	7	4	7	8
2015	186	7	5	7	1
2015	187	7	6	7	1
2015	188	7	7	7	1
2015	189	7	8	7	2
2015	190	7	9	7	2
2015	191	7	10	7	3
2015	192	7	11	7	3
2015	193	7	12	8	2
2015	194	7	13	8	2
2015	195	7	14	8	3
2015	196	7	15	8	3
2015	197	7	16	8	3
2015	198	7	17	8	3
2015	199	7	18	1	3
2015	200	7	19	2	3
2015	201	7	20	2	4
2015	202	7	21	1	4
2015	203	7	22	1	5
2015	204	7	23	2	6
2015	205	7	24	1	6
2015	206	7	25	1	6
2015	207	7	26	2	6
2015	208	7	27	1	6
2015	209	7	28	1	6
2015	210	7	29	1	7
2015	211	7	30	1	7
2015	212	7	31	1	7
2015	213	8	1	2	8
2015	214	8	2	6	8
2015	215	8	3	6	8
2015	216	8	4	6	1
2015	217	8	5	7	1
2015	218	8	6	7	2
2015	219	8	7	7	2
2015	220	8	8	7	3
2015	221	8	9	8	4
2015	222	8	10	2	4
2015	223	8	11	2	5
2015	224	8	12	3	5
2015	225	8	13	3	5
2015	226	8	14	3	6
2015	227	8	15	2	7
2015	228	8	16	2	8
2015	229	8	17	2	8
2015	230	8	18	8	8
2015	231	8	19	8	8
2015	232	8	20	7	8
2015	233	8	21	7	4
2015	234	8	22	8	5
2015	235	8	23	8	5
2015	236	8	24	8	5
2015	237	8	25	2	5
2015	238	8	26	3	5
2015	239	8	27	2	5
2015	240	8	28	2	6
2015	241	8	29	2	6
2015	242	8	30	2	6
2015	243	8	31	3	6
2015	244	9	1	3	6
2015	245	9	2	3	7
2015	246	9	3	3	7
2015	247	9	4	2	7
2015	248	9	5	2	7
2015	249	9	6	1	7
2015	250	9	7	8	7
2015	251	9	8	8	7
2015	252	9	9	8	6
2015	253	9	10	7	6
2015	254	9	11	5	7
2015	255	9	12	5	7
2015	256	9	13	5	8
2015	257	9	14	5	1
2015	258	9	15	5	3
2015	259	9	16	5	3
2015	260	9	17	4	3
2015	261	9	18	4	6
2015	262	9	19	4	6
2015	263	9	20	4	5
2015	264	9	21	6	2
2015	265	9	22	7	1
2015	266	9	23	8	2
2015	267	9	24	7	4
2015	268	9	25	7	4
2015	269	9	26	7	4
2015	270	9	27	7	3
2015	271	9	28	3	3
2015	272	9	29	3	3
2015	273	9	30	3	1
2015	274	10	1	3	7
2015	275	10	2	5	7
2015	276	10	3	5	7
2015	277	10	4	6	8
2015	278	10	5	8	8
2015	279	10	6	8	7
2015	280	10	7	8	6
2015	281	10	8	7	6
2015	282	10	9	6	6
2015	283	10	10	6	6
2015	284	10	11	5	7
2015	285	10	12	5	7
2015	286	10	13	6	8
2015	287	10	14	8	8
2015	288	10	15	7	8
2015	289	10	16	7	8
2015	290	10	17	8	1
2015	291	10	18	8	1
2015	292	10	19	8	2
2015	293	10	20	8	2
2015	294	10	21	8	2
2015	295	10	22	8	3
2015	296	10	23	1	4
2015	297	10	24	1	4
2015	298	10	25	1	4
2015	299	10	26	2	4
2015	300	10	27	2	4
2015	301	10	28	2	5
2015	302	10	29	3	5
2015	303	10	30	3	5
2015	304	10	31	3	5
2015	305	11	1	3	6
2015	306	11	2	4	6
2015	307	11	3	4	5
2015	308	11	4	2	3
2015	309	11	5	2	3
2015	310	11	6	2	3
2015	311	11	7	2	3
2015	312	11	8	3	3
2015	313	11	9	3	4
2015	314	11	10	3	3
2015	315	11	11	2	3
2015	316	11	12	2	3
2015	317	11	13	2	3
2015	318	11	14	2	3
2015	319	11	15	3	4
2015	320	11	16	3	4
2015	321	11	17	3	5
2015	322	11	18	3	6
2015	323	11	19	3	4
2015	324	11	20	3	1
2015	325	11	21	4	1
2015	326	11	22	7	1
2015	327	11	23	8	2
2015	328	11	24	8	2
2015	329	11	25	8	3
2015	330	11	26	3	4
2015	331	11	27	4	4
2015	332	11	28	3	3
2015	333	11	29	3	3
2015	334	11	30	3	3
2015	335	12	1	2	3
2015	336	12	2	2	3
2015	337	12	3	3	4
2015	338	12	4	4	4
2015	339	12	5	4	3
2015	340	12	6	3	3
2015	341	12	7	3	3
2015	342	12	8	2	2
2015	343	12	9	8	2
2015	344	12	10	6	2
2015	345	12	11	5	4
2015	346	12	12	5	3
2015	347	12	13	5	3
2015	348	12	14	5	3
2015	349	12	15	5	3
2015	350	12	16	5	3
2015	351	12	17	5	3
2015	352	12	18	4	2
2015	353	12	19	4	2
2015	354	12	20	4	1
2015	355	12	21	4	1
2015	356	12	22	4	7
2015	357	12	23	7	8
2015	358	12	24	4	5
2015	359	12	25	3	5
2015	360	12	26	3	6
2015	361	12	27	3	6
2015	362	12	28	4	7
2015	363	12	29	4	7
2015	364	12	30	4	7
2015	365	12	31	3	7
2016	1	1	1	2	7
2016	2	1	2	4	7
2016	3	1	3	4	6
2016	4	1	4	5	6
2016	5	1	5	5	6
2016	6	1	6	7	6
2016	7	1	7	8	6
2016	8	1	8	8	6
2016	9	1	9	8	5
2016	10	1	10	8	5
2016	11	1	11	8	4
2016	12	1	12	8	4
2016	13	1	13	1	4
2016	14	1	14	1	4
2016	15	1	15	8	4
2016	16	1	16	8	3
2016	17	1	17	8	3
2016	18	1	18	8	4
2016	19	1	19	4	4
2016	20	1	20	3	5
2016	21	1	21	2	4
2016	22	1	22	8	4
2016	23	1	23	8	5
2016	24	1	24	4	5
2016	25	1	25	4	6
2016	26	1	26	4	8
2016	27	1	27	4	1
2016	28	1	28	4	1
2016	29	1	29	4	2
2016	30	1	30	3	3
2016	31	1	31	3	2
2016	32	2	1	3	2
2016	33	2	2	2	2
2016	34	2	3	1	2
2016	35	2	4	2	2
2016	36	2	5	3	2
2016	37	2	6	3	3
2016	38	2	7	3	3
2016	39	2	8	3	2
2016	40	2	9	4	3
2016	41	2	10	4	2
2016	42	2	11	5	2
2016	43	2	12	5	2
2016	44	2	13	4	2
2016	45	2	14	4	1
2016	46	2	15	4	2
2016	47	2	16	4	1
2016	48	2	17	4	8
2016	49	2	18	1	8
2016	50	2	19	5	8
2016	51	2	20	6	8
2016	52	2	21	4	8
2016	53	2	22	6	8
2016	54	2	23	6	7
2016	55	2	24	5	7
2016	56	2	25	4	8
2016	57	2	26	3	8
2016	58	2	27	3	8
2016	59	2	28	5	1
2016	60	2	29	5	8
2016	61	3	1	6	7
2016	62	3	2	6	8
2016	63	3	3	6	8
2016	64	3	4	7	1
2016	65	3	5	7	2
2016	66	3	6	7	2
2016	67	3	7	8	2
2016	68	3	8	8	4
2016	69	3	9	7	4
2016	70	3	10	7	5
2016	71	3	11	8	5
2016	72	3	12	8	4
2016	73	3	13	7	4
2016	74	3	14	7	4
2016	75	3	15	7	3
2016	76	3	16	7	2
2016	77	3	17	7	1
2016	78	3	18	8	8
2016	79	3	19	7	2
2016	80	3	20	7	3
2016	81	3	21	7	2
2016	82	3	22	7	2
2016	83	3	23	7	3
2016	84	3	24	8	4
2016	85	3	25	8	4
2016	86	3	26	8	8
2016	87	3	27	7	7
2016	88	3	28	6	7
2016	89	3	29	8	6
2016	90	3	30	8	7
2016	91	3	31	8	6
2016	92	4	1	8	6
2016	93	4	2	8	7
2016	94	4	3	8	7
2016	95	4	4	4	5
2016	96	4	5	4	4
2016	97	4	6	4	5
2016	98	4	7	4	7
2016	99	4	8	3	6
2016	100	4	9	3	5
2016	101	4	10	1	4
2016	102	4	11	8	4
2016	103	4	12	7	3
2016	104	4	13	7	4
2016	105	4	14	7	5
2016	106	4	15	7	6
2016	107	4	16	3	7
2016	108	4	17	4	7
2016	109	4	18	3	7
2016	110	4	19	3	8
2016	111	4	20	2	8
2016	112	4	21	3	7
2016	113	4	22	4	6
2016	114	4	23	4	6
2016	115	4	24	4	6
2016	116	4	25	2	7
2016	117	4	26	1	8
2016	118	4	27	8	6
2016	119	4	28	1	6
2016	120	4	29	1	6
2016	121	4	30	1	8
2016	122	5	1	1	8
2016	123	5	2	1	8
2016	124	5	3	2	8
2016	125	5	4	3	8
2016	126	5	5	3	8
2016	127	5	6	3	1
2016	128	5	7	3	1
2016	129	5	8	3	1
2016	130	5	9	3	1
2016	131	5	10	3	1
2016	132	5	11	3	1
2016	133	5	12	2	1
2016	134	5	13	2	2
2016	135	5	14	2	1
2016	136	5	15	2	2
2016	137	5	16	2	2
2016	138	5	17	3	2
2016	139	5	18	4	2
2016	140	5	19	5	3
2016	141	5	20	6	3
2016	142	5	21	6	3
2016	143	5	22	7	3
2016	144	5	23	7	3
2016	145	5	24	6	3
2016	146	5	25	6	3
2016	147	5	26	6	3
2016	148	5	27	7	3
2016	149	5	28	8	3
2016	150	5	29	2	3
2016	151	5	30	1	3
2016	152	5	31	1	3
2016	153	6	1	1	3
2016	154	6	2	1	3
2016	155	6	3	8	2
2016	156	6	4	7	2
2016	157	6	5	6	4
2016	158	6	6	7	3
2016	159	6	7	7	3
2016	160	6	8	7	4
2016	161	6	9	7	4
2016	162	6	10	6	4
2016	163	6	11	7	4
2016	164	6	12	1	5
2016	165	6	13	1	5
2016	166	6	14	2	5
2016	167	6	15	3	4
2016	168	6	16	3	3
2016	169	6	17	3	2
2016	170	6	18	3	2
2016	171	6	19	3	2
2016	172	6	20	4	2
2016	173	6	21	4	2
2016	174	6	22	4	2
2016	175	6	23	4	2
2016	176	6	24	4	2
2016	177	6	25	4	2
2016	178	6	26	4	2
2016	179	6	27	4	2
2016	180	6	28	4	1
2016	181	6	29	4	8
2016	182	6	30	4	8
2016	183	7	1	5	8
2016	184	7	2	5	8
2016	185	7	3	5	7
2016	186	7	4	5	8
2016	187	7	5	6	8
2016	188	7	6	6	1
2016	189	7	7	6	2
2016	190	7	8	6	4
2016	191	7	9	5	4
2016	192	7	10	5	4
2016	193	7	11	4	4
2016	194	7	12	3	4
2016	195	7	13	2	5
2016	196	7	14	2	5
2016	197	7	15	2	5
2016	198	7	16	2	5
2016	199	7	17	2	5
2016	200	7	18	1	4
2016	201	7	19	1	2
2016	202	7	20	2	2
2016	203	7	21	2	2
2016	204	7	22	1	2
2016	205	7	23	1	2
2016	206	7	24	2	2
2016	207	7	25	2	2
2016	208	7	26	2	8
2016	209	7	27	2	8
2016	210	7	28	1	8
2016	211	7	29	8	1
2016	212	7	30	7	2
2016	213	7	31	7	3
2016	214	8	1	7	3
2016	215	8	2	6	3
2016	216	8	3	6	1
2016	217	8	4	7	1
2016	218	8	5	7	1
2016	219	8	6	7	1
2016	220	8	7	7	3
2016	221	8	8	7	4
2016	222	8	9	6	1
2016	223	8	10	7	1
2016	224	8	11	7	1
2016	225	8	12	7	2
2016	226	8	13	7	3
2016	227	8	14	7	3
2016	228	8	15	7	3
2016	229	8	16	7	3
2016	230	8	17	7	2
2016	231	8	18	7	1
2016	232	8	19	7	1
2016	233	8	20	7	1
2016	234	8	21	7	2
2016	235	8	22	7	2
2016	236	8	23	8	2
2016	237	8	24	8	2
2016	238	8	25	8	3
2016	239	8	26	8	3
2016	240	8	27	8	4
2016	241	8	28	1	4
2016	242	8	29	1	4
2016	243	8	30	2	5
2016	244	8	31	1	5
2016	245	9	1	1	5
2016	246	9	2	8	5
2016	247	9	3	7	5
2016	248	9	4	5	5
2016	249	9	5	4	5
2016	250	9	6	4	5
2016	251	9	7	4	5
2016	252	9	8	4	6
2016	253	9	9	5	6
2016	254	9	10	5	7
2016	255	9	11	5	1
2016	256	9	12	5	1
2016	257	9	13	5	1
2016	258	9	14	5	2
2016	259	9	15	5	2
2016	260	9	16	5	3
2016	261	9	17	5	4
2016	262	9	18	4	5
2016	263	9	19	4	4
2016	264	9	20	4	3
2016	265	9	21	4	3
2016	266	9	22	4	2
2016	267	9	23	5	1
2016	268	9	24	5	1
2016	269	9	25	6	2
2016	270	9	26	6	2
2016	271	9	27	5	3
2016	272	9	28	5	3
2016	273	9	29	5	3
2016	274	9	30	5	2
2016	275	10	1	5	1
2016	276	10	2	5	1
2016	277	10	3	5	6
2016	278	10	4	5	7
2016	279	10	5	5	1
2016	280	10	6	5	4
2016	281	10	7	5	2
2016	282	10	8	5	6
2016	283	10	9	5	6
2016	284	10	10	6	5
2016	285	10	11	5	5
2016	286	10	12	5	3
2016	287	10	13	5	2
2016	288	10	14	6	1
2016	289	10	15	6	1
2016	290	10	16	6	1
2016	291	10	17	6	1
2016	292	10	18	6	2
2016	293	10	19	6	3
2016	294	10	20	5	4
2016	295	10	21	5	4
2016	296	10	22	4	4
2016	297	10	23	8	4
2016	298	10	24	5	5
2016	299	10	25	3	5
2016	300	10	26	3	7
2016	301	10	27	4	7
2016	302	10	28	4	7
2016	303	10	29	4	8
2016	304	10	30	4	8
2016	305	10	31	4	8
2016	306	11	1	4	8
2016	307	11	2	5	1
2016	308	11	3	6	1
2016	309	11	4	7	1
2016	310	11	5	7	2
2016	311	11	6	7	2
2016	312	11	7	8	1
2016	313	11	8	8	6
2016	314	11	9	8	7
2016	315	11	10	8	7
2016	316	11	11	1	7
2016	317	11	12	8	7
2016	318	11	13	8	7
2016	319	11	14	1	7
2016	320	11	15	2	7
2016	321	11	16	2	7
2016	322	11	17	2	7
2016	323	11	18	2	7
2016	324	11	19	3	7
2016	325	11	20	3	5
2016	326	11	21	2	5
2016	327	11	22	3	5
2016	328	11	23	4	5
2016	329	11	24	3	5
2016	330	11	25	3	2
2016	331	11	26	3	2
2016	332	11	27	3	4
2016	333	11	28	3	5
2016	334	11	29	3	4
2016	335	11	30	3	1
2016	336	12	1	3	8
2016	337	12	2	3	8
2016	338	12	3	3	1
2016	339	12	4	4	8
2016	340	12	5	4	6
2016	341	12	6	4	6
2016	342	12	7	5	2
2016	343	12	8	5	3
2016	344	12	9	6	3
2016	345	12	10	6	3
2016	346	12	11	6	3
2016	347	12	12	6	2
2016	348	12	13	6	3
2016	349	12	14	5	4
2016	350	12	15	5	5
2016	351	12	16	4	5
2016	352	12	17	4	8
2016	353	12	18	4	8
2016	354	12	19	4	8
2016	355	12	20	6	8
2016	356	12	21	6	8
2016	357	12	22	4	8
2016	358	12	23	4	8
2016	359	12	24	7	1
2016	360	12	25	8	1
2016	361	12	26	8	1
2016	362	12	27	1	8
2016	363	12	28	8	7
2016	364	12	29	1	8
2016	365	12	30	2	8
2016	366	12	31	3	1
2017	1	1	1	3	1
2017	2	1	2	3	1
2017	3	1	3	2	2
2017	4	1	4	3	2
2017	5	1	5	1	3
2017	6	1	6	8	2
2017	7	1	7	6	1
2017	8	1	8	6	5
2017	9	1	9	6	5
2017	10	1	10	5	6
2017	11	1	11	5	4
2017	12	1	12	6	5
2017	13	1	13	8	5
2017	14	1	14	8	5
2017	15	1	15	8	6
2017	16	1	16	8	6
2017	17	1	17	1	1
2017	18	1	18	2	8
2017	19	1	19	2	8
2017	20	1	20	2	5
2017	21	1	21	2	6
2017	22	1	22	2	8
2017	23	1	23	3	4
2017	24	1	24	3	1
2017	25	1	25	2	1
2017	26	1	26	2	1
2017	27	1	27	3	1
2017	28	1	28	3	1
2017	29	1	29	4	8
2017	30	1	30	4	1
2017	31	1	31	4	1
2017	32	2	1	5	1
2017	33	2	2	5	8
2017	34	2	3	5	8
2017	35	2	4	6	8
2017	36	2	5	6	8
2017	37	2	6	6	6
2017	38	2	7	7	6
2017	39	2	8	7	7
2017	40	2	9	7	6
2017	41	2	10	6	6
2017	42	2	11	7	6
2017	43	2	12	8	7
2017	44	2	13	1	7
2017	45	2	14	1	7
2017	46	2	15	1	7
2017	47	2	16	1	8
2017	48	2	17	3	7
2017	49	2	18	1	7
2017	50	2	19	1	6
2017	51	2	20	2	5
2017	52	2	21	1	4
2017	53	2	22	1	6
2017	54	2	23	2	5
2017	55	2	24	1	5
2017	56	2	25	2	4
2017	57	2	26	2	3
2017	58	2	27	1	2
2017	59	2	28	1	1
2017	60	3	1	1	1
2017	61	3	2	1	2
2017	62	3	3	2	2
2017	63	3	4	2	2
2017	64	3	5	2	3
2017	65	3	6	3	4
2017	66	3	7	4	4
2017	67	3	8	6	5
2017	68	3	9	7	6
2017	69	3	10	8	5
2017	70	3	11	8	5
2017	71	3	12	7	4
2017	72	3	13	7	4
2017	73	3	14	8	5
2017	74	3	15	8	5
2017	75	3	16	7	5
2017	76	3	17	7	6
2017	77	3	18	2	6
2017	78	3	19	8	5
2017	79	3	20	8	4
2017	80	3	21	8	4
2017	81	3	22	8	5
2017	82	3	23	8	5
2017	83	3	24	8	5
2017	84	3	25	8	5
2017	85	3	26	1	5
2017	86	3	27	2	5
2017	87	3	28	3	3
2017	88	3	29	3	1
2017	89	3	30	3	7
2017	90	3	31	8	5
2017	91	4	1	7	4
2017	92	4	2	1	4
2017	93	4	3	4	4
2017	94	4	4	4	1
2017	95	4	5	4	1
2017	96	4	6	3	1
2017	97	4	7	3	8
2017	98	4	8	3	7
2017	99	4	9	3	5
2017	100	4	10	1	4
2017	101	4	11	1	4
2017	102	4	12	2	4
2017	103	4	13	2	4
2017	104	4	14	3	1
2017	105	4	15	3	6
2017	106	4	16	4	6
2017	107	4	17	4	5
2017	108	4	18	4	6
2017	109	4	19	5	6
2017	110	4	20	6	6
2017	111	4	21	7	5
2017	112	4	22	7	5
2017	113	4	23	7	6
2017	114	4	24	7	7
2017	115	4	25	7	8
2017	116	4	26	8	7
2017	117	4	27	7	6
2017	118	4	28	8	6
2017	119	4	29	8	6
2017	120	4	30	1	7
2017	121	5	1	1	7
2017	122	5	2	1	7
2017	123	5	3	1	8
2017	124	5	4	1	8
2017	125	5	5	2	7
2017	126	5	6	3	7
2017	127	5	7	3	7
2017	128	5	8	3	7
2017	129	5	9	3	7
2017	130	5	10	3	7
2017	131	5	11	3	8
2017	132	5	12	3	7
2017	133	5	13	3	3
2017	134	5	14	3	3
2017	135	5	15	3	4
2017	136	5	16	1	4
2017	137	5	17	1	4
2017	138	5	18	1	4
2017	139	5	19	8	3
2017	140	5	20	8	2
2017	141	5	21	8	2
2017	142	5	22	8	2
2017	143	5	23	8	2
2017	144	5	24	8	2
2017	145	5	25	1	3
2017	146	5	26	3	3
2017	147	5	27	4	3
2017	148	5	28	4	3
2017	149	5	29	3	3
2017	150	5	30	2	3
2017	151	5	31	1	3
2017	152	6	1	1	4
2017	153	6	2	2	4
2017	154	6	3	1	4
2017	155	6	4	6	4
2017	156	6	5	6	4
2017	157	6	6	6	2
2017	158	6	7	5	8
2017	159	6	8	5	8
2017	160	6	9	4	7
2017	161	6	10	5	5
2017	162	6	11	4	5
2017	163	6	12	1	5
2017	164	6	13	1	6
2017	165	6	14	1	6
2017	166	6	15	8	6
2017	167	6	16	1	6
2017	168	6	17	1	6
2017	169	6	18	1	6
2017	170	6	19	1	7
2017	171	6	20	6	6
2017	172	6	21	4	7
2017	173	6	22	4	7
2017	174	6	23	4	6
2017	175	6	24	4	6
2017	176	6	25	4	6
2017	177	6	26	4	7
2017	178	6	27	4	7
2017	179	6	28	4	8
2017	180	6	29	4	8
2017	181	6	30	4	8
2017	182	7	1	4	8
2017	183	7	2	4	7
2017	184	7	3	4	7
2017	185	7	4	4	7
2017	186	7	5	4	8
2017	187	7	6	3	1
2017	188	7	7	3	1
2017	189	7	8	3	1
2017	190	7	9	2	8
2017	191	7	10	3	8
2017	192	7	11	3	1
2017	193	7	12	3	1
2017	194	7	13	4	1
2017	195	7	14	5	1
2017	196	7	15	5	1
2017	197	7	16	5	1
2017	198	7	17	4	2
2017	199	7	18	4	5
2017	200	7	19	5	6
2017	201	7	20	5	7
2017	202	7	21	5	7
2017	203	7	22	6	7
2017	204	7	23	7	7
2017	205	7	24	7	7
2017	206	7	25	7	8
2017	207	7	26	8	2
2017	208	7	27	8	2
2017	209	7	28	8	3
2017	210	7	29	8	3
2017	211	7	30	8	3
2017	212	7	31	8	2
2017	213	8	1	8	2
2017	214	8	2	8	3
2017	215	8	3	8	3
2017	216	8	4	8	3
2017	217	8	5	1	4
2017	218	8	6	2	4
2017	219	8	7	2	5
2017	220	8	8	2	5
2017	221	8	9	2	5
2017	222	8	10	2	5
2017	223	8	11	2	5
2017	224	8	12	2	5
2017	225	8	13	2	6
2017	226	8	14	2	6
2017	227	8	15	2	6
2017	228	8	16	3	6
2017	229	8	17	4	7
2017	230	8	18	4	8
2017	231	8	19	5	8
2017	232	8	20	5	1
2017	233	8	21	5	3
2017	234	8	22	5	3
2017	235	8	23	4	7
2017	236	8	24	4	7
2017	237	8	25	4	8
2017	238	8	26	5	1
2017	239	8	27	7	1
2017	240	8	28	8	1
2017	241	8	29	8	1
2017	242	8	30	8	2
2017	243	8	31	8	4
2017	244	9	1	8	4
2017	245	9	2	1	5
2017	246	9	3	2	5
2017	247	9	4	2	1
2017	248	9	5	2	3
2017	249	9	6	3	5
2017	250	9	7	3	5
2017	251	9	8	2	1
2017	252	9	9	2	1
2017	253	9	10	3	1
2017	254	9	11	3	1
2017	255	9	12	4	1
2017	256	9	13	4	1
2017	257	9	14	5	2
2017	258	9	15	5	4
2017	259	9	16	4	5
2017	260	9	17	5	5
2017	261	9	18	5	6
2017	262	9	19	5	6
2017	263	9	20	4	6
2017	264	9	21	5	5
2017	265	9	22	5	5
2017	266	9	23	4	5
2017	267	9	24	4	4
2017	268	9	25	5	4
2017	269	9	26	5	4
2017	270	9	27	5	4
2017	271	9	28	4	4
2017	272	9	29	4	4
2017	273	9	30	5	1
2017	274	10	1	5	1
2017	275	10	2	5	2
2017	276	10	3	5	2
2017	277	10	4	3	2
2017	278	10	5	1	2
2017	279	10	6	6	1
2017	280	10	7	5	1
2017	281	10	8	5	1
2017	282	10	9	5	2
2017	283	10	10	5	1
2017	284	10	11	5	2
2017	285	10	12	5	2
2017	286	10	13	5	2
2017	287	10	14	5	2
2017	288	10	15	5	3
2017	289	10	16	5	2
2017	290	10	17	5	1
2017	291	10	18	6	1
2017	292	10	19	7	2
2017	293	10	20	7	3
2017	294	10	21	7	4
2017	295	10	22	7	5
2017	296	10	23	6	6
2017	297	10	24	6	8
2017	298	10	25	7	8
2017	299	10	26	7	7
2017	300	10	27	7	6
2017	301	10	28	8	6
2017	302	10	29	8	7
2017	303	10	30	4	7
2017	304	10	31	5	8
2017	305	11	1	5	1
2017	306	11	2	5	1
2017	307	11	3	4	1
2017	308	11	4	4	1
2017	309	11	5	2	1
2017	310	11	6	3	1
2017	311	11	7	2	1
2017	312	11	8	2	2
2017	313	11	9	6	3
2017	314	11	10	4	2
2017	315	11	11	5	4
2017	316	11	12	6	4
2017	317	11	13	6	4
2017	318	11	14	5	4
2017	319	11	15	5	5
2017	320	11	16	5	5
2017	321	11	17	7	5
2017	322	11	18	8	5
2017	323	11	19	8	5
2017	324	11	20	1	5
2017	325	11	21	1	2
2017	326	11	22	1	3
2017	327	11	23	3	4
2017	328	11	24	3	1
2017	329	11	25	3	1
2017	330	11	26	3	1
2017	331	11	27	3	2
2017	332	11	28	3	2
2017	333	11	29	4	2
2017	334	11	30	4	3
2017	335	12	1	4	3
2017	336	12	2	4	2
2017	337	12	3	5	2
2017	338	12	4	5	3
2017	339	12	5	5	3
2017	340	12	6	6	3
2017	341	12	7	6	4
2017	342	12	8	6	5
2017	343	12	9	6	6
2017	344	12	10	6	6
2017	345	12	11	6	6
2017	346	12	12	6	7
2017	347	12	13	6	7
2017	348	12	14	6	7
2017	349	12	15	6	8
2017	350	12	16	6	8
2017	351	12	17	6	7
2017	352	12	18	6	7
2017	353	12	19	5	7
2017	354	12	20	5	8
2017	355	12	21	4	8
2017	356	12	22	8	8
2017	357	12	23	8	8
2017	358	12	24	1	8
2017	359	12	25	3	4
2017	360	12	26	3	5
2017	361	12	27	4	6
2017	362	12	28	1	8
2017	363	12	29	1	1
2017	364	12	30	2	1
2017	365	12	31	2	1
2018	1	1	1	2	2
2018	2	1	2	3	3
2018	3	1	3	1	3
2018	4	1	4	1	3
2018	5	1	5	1	4
2018	6	1	6	1	4
2018	7	1	7	1	4
2018	8	1	8	2	4
2018	9	1	9	3	5
2018	10	1	10	3	5
2018	11	1	11	3	2
2018	12	1	12	2	2
2018	13	1	13	2	2
2018	14	1	14	1	1
2018	15	1	15	6	1
2018	16	1	16	5	1
2018	17	1	17	4	1
2018	18	1	18	3	1
2018	19	1	19	3	1
2018	20	1	20	3	2
2018	21	1	21	3	2
2018	22	1	22	3	3
2018	23	1	23	4	3
2018	24	1	24	4	3
2018	25	1	25	4	3
2018	26	1	26	4	3
2018	27	1	27	5	3
2018	28	1	28	5	2
2018	29	1	29	5	2
2018	30	1	30	5	7
2018	31	1	31	6	8
2018	32	2	1	7	7
2018	33	2	2	7	7
2018	34	2	3	7	7
2018	35	2	4	7	7
2018	36	2	5	7	7
2018	37	2	6	6	7
2018	38	2	7	6	7
2018	39	2	8	7	7
2018	40	2	9	6	7
2018	41	2	10	6	7
2018	42	2	11	5	6
2018	43	2	12	4	7
2018	44	2	13	4	7
2018	45	2	14	4	7
2018	46	2	15	4	6
2018	47	2	16	7	6
2018	48	2	17	7	6
2018	49	2	18	2	6
2018	50	2	19	1	6
2018	51	2	20	1	5
2018	52	2	21	1	5
2018	53	2	22	1	4
2018	54	2	23	1	5
2018	55	2	24	1	8
2018	56	2	25	1	8
2018	57	2	26	1	6
2018	58	2	27	1	8
2018	59	2	28	1	7
2018	60	3	1	2	6
2018	61	3	2	2	6
2018	62	3	3	1	6
2018	63	3	4	1	7
2018	64	3	5	2	8
2018	65	3	6	1	1
2018	66	3	7	8	1
2018	67	3	8	8	1
2018	68	3	9	1	1
2018	69	3	10	1	1
2018	70	3	11	1	1
2018	71	3	12	2	1
2018	72	3	13	1	1
2018	73	3	14	5	1
2018	74	3	15	5	8
2018	75	3	16	6	6
2018	76	3	17	8	7
2018	77	3	18	8	7
2018	78	3	19	7	7
2018	79	3	20	7	5
2018	80	3	21	7	5
2018	81	3	22	4	4
2018	82	3	23	4	2
2018	83	3	24	3	1
2018	84	3	25	4	8
2018	85	3	26	6	8
2018	86	3	27	6	8
2018	87	3	28	6	8
2018	88	3	29	7	8
2018	89	3	30	7	1
2018	90	3	31	7	1
2018	91	4	1	7	1
2018	92	4	2	7	8
2018	93	4	3	7	8
2018	94	4	4	7	7
2018	95	4	5	7	7
2018	96	4	6	3	7
2018	97	4	7	3	7
2018	98	4	8	2	7
2018	99	4	9	2	7
2018	100	4	10	2	7
2018	101	4	11	2	7
2018	102	4	12	2	6
2018	103	4	13	2	6
2018	104	4	14	2	7
2018	105	4	15	3	4
2018	106	4	16	2	2
2018	107	4	17	2	1
2018	108	4	18	2	6
2018	109	4	19	2	5
2018	110	4	20	1	2
2018	111	4	21	1	8
2018	112	4	22	1	1
2018	113	4	23	1	8
2018	114	4	24	2	1
2018	115	4	25	4	1
2018	116	4	26	4	1
2018	117	4	27	3	7
2018	118	4	28	3	8
2018	119	4	29	5	8
2018	120	4	30	5	8
2018	121	5	1	4	7
2018	122	5	2	4	7
2018	123	5	3	4	7
2018	124	5	4	4	7
2018	125	5	5	3	7
2018	126	5	6	8	7
2018	127	5	7	8	6
2018	128	5	8	8	6
2018	129	5	9	8	7
2018	130	5	10	1	7
2018	131	5	11	1	8
2018	132	5	12	1	8
2018	133	5	13	1	7
2018	134	5	14	1	7
2018	135	5	15	1	7
2018	136	5	16	1	8
2018	137	5	17	1	8
2018	138	5	18	1	8
2018	139	5	19	1	1
2018	140	5	20	1	2
2018	141	5	21	1	2
2018	142	5	22	1	2
2018	143	5	23	2	3
2018	144	5	24	2	3
2018	145	5	25	2	3
2018	146	5	26	2	4
2018	147	5	27	2	3
2018	148	5	28	3	3
2018	149	5	29	3	3
2018	150	5	30	3	3
2018	151	5	31	4	3
2018	152	6	1	4	2
2018	153	6	2	5	2
2018	154	6	3	5	2
2018	155	6	4	5	2
2018	156	6	5	5	2
2018	157	6	6	6	2
2018	158	6	7	6	3
2018	159	6	8	6	3
2018	160	6	9	7	4
2018	161	6	10	7	4
2018	162	6	11	7	5
2018	163	6	12	6	5
2018	164	6	13	7	5
2018	165	6	14	7	4
2018	166	6	15	7	4
2018	167	6	16	7	4
2018	168	6	17	7	4
2018	169	6	18	8	4
2018	170	6	19	1	5
2018	171	6	20	3	5
2018	172	6	21	3	5
2018	173	6	22	3	5
2018	174	6	23	3	5
2018	175	6	24	3	6
2018	176	6	25	3	1
2018	177	6	26	3	1
2018	178	6	27	3	1
2018	179	6	28	2	1
2018	180	6	29	1	1
2018	181	6	30	1	1
2018	182	7	1	1	2
2018	183	7	2	1	5
2018	184	7	3	8	6
2018	185	7	4	6	6
2018	186	7	5	6	7
2018	187	7	6	6	8
2018	188	7	7	6	1
2018	189	7	8	7	1
2018	190	7	9	6	2
2018	191	7	10	6	2
2018	192	7	11	6	3
2018	193	7	12	6	3
2018	194	7	13	6	2
2018	195	7	14	6	2
2018	196	7	15	6	2
2018	197	7	16	6	2
2018	198	7	17	6	2
2018	199	7	18	7	3
2018	200	7	19	7	3
2018	201	7	20	7	3
2018	202	7	21	7	4
2018	203	7	22	7	4
2018	204	7	23	7	5
2018	205	7	24	8	6
2018	206	7	25	8	5
2018	207	7	26	8	4
2018	208	7	27	8	3
2018	209	7	28	8	4
2018	210	7	29	8	3
2018	211	7	30	8	4
2018	212	7	31	8	4
2018	213	8	1	8	4
2018	214	8	2	7	6
2018	215	8	3	7	7
2018	216	8	4	7	8
2018	217	8	5	6	8
2018	218	8	6	6	3
2018	219	8	7	7	3
2018	220	8	8	6	3
2018	221	8	9	6	4
2018	222	8	10	6	4
2018	223	8	11	6	4
2018	224	8	12	6	4
2018	225	8	13	6	4
2018	226	8	14	6	4
2018	227	8	15	6	5
2018	228	8	16	6	5
2018	229	8	17	6	4
2018	230	8	18	7	3
2018	231	8	19	7	3
2018	232	8	20	8	3
2018	233	8	21	8	3
2018	234	8	22	1	3
2018	235	8	23	3	4
2018	236	8	24	4	4
2018	237	8	25	4	4
2018	238	8	26	4	4
2018	239	8	27	4	5
2018	240	8	28	4	5
2018	241	8	29	4	6
2018	242	8	30	4	7
2018	243	8	31	4	7
2018	244	9	1	4	7
2018	245	9	2	5	7
2018	246	9	3	5	6
2018	247	9	4	5	6
2018	248	9	5	5	6
2018	249	9	6	4	6
2018	250	9	7	4	6
2018	251	9	8	3	7
2018	252	9	9	3	7
2018	253	9	10	3	7
2018	254	9	11	4	7
2018	255	9	12	5	8
2018	256	9	13	6	8
2018	257	9	14	5	8
2018	258	9	15	4	3
2018	259	9	16	4	5
2018	260	9	17	4	6
2018	261	9	18	4	7
2018	262	9	19	4	7
2018	263	9	20	4	7
2018	264	9	21	4	7
2018	265	9	22	3	7
2018	266	9	23	1	8
2018	267	9	24	8	8
2018	268	9	25	8	7
2018	269	9	26	8	7
2018	270	9	27	1	6
2018	271	9	28	1	6
2018	272	9	29	1	6
2018	273	9	30	2	7
2018	274	10	1	2	8
2018	275	10	2	2	1
2018	276	10	3	2	1
2018	277	10	4	1	2
2018	278	10	5	2	2
2018	279	10	6	2	1
2018	280	10	7	2	3
2018	281	10	8	2	4
2018	282	10	9	2	4
2018	283	10	10	3	4
2018	284	10	11	3	4
2018	285	10	12	2	5
2018	286	10	13	2	6
2018	287	10	14	2	6
2018	288	10	15	2	6
2018	289	10	16	2	6
2018	290	10	17	2	5
2018	291	10	18	4	6
2018	292	10	19	1	6
2018	293	10	20	1	6
2018	294	10	21	1	6
2018	295	10	22	1	7
2018	296	10	23	1	7
2018	297	10	24	8	7
2018	298	10	25	8	7
2018	299	10	26	8	7
2018	300	10	27	1	7
2018	301	10	28	2	7
2018	302	10	29	2	7
2018	303	10	30	2	6
2018	304	10	31	2	5
2018	305	11	1	2	4
2018	306	11	2	2	4
2018	307	11	3	2	3
2018	308	11	4	2	5
2018	309	11	5	2	5
2018	310	11	6	2	2
2018	311	11	7	2	2
2018	312	11	8	2	3
2018	313	11	9	2	3
2018	314	11	10	2	3
2018	315	11	11	3	4
2018	316	11	12	3	4
2018	317	11	13	3	4
2018	318	11	14	3	4
2018	319	11	15	1	4
2018	320	11	16	7	4
2018	321	11	17	5	4
2018	322	11	18	5	5
2018	323	11	19	5	5
2018	324	11	20	5	5
2018	325	11	21	5	7
2018	326	11	22	6	7
2018	327	11	23	7	7
2018	328	11	24	7	7
2018	329	11	25	7	6
2018	330	11	26	7	5
2018	331	11	27	8	6
2018	332	11	28	1	6
2018	333	11	29	1	6
2018	334	11	30	1	7
2018	335	12	1	1	7
2018	336	12	2	2	8
2018	337	12	3	2	7
2018	338	12	4	2	7
2018	339	12	5	2	4
2018	340	12	6	3	4
2018	341	12	7	3	3
2018	342	12	8	3	3
2018	343	12	9	3	3
2018	344	12	10	3	3
2018	345	12	11	2	3
2018	346	12	12	3	3
2018	347	12	13	3	3
2018	348	12	14	3	2
2018	349	12	15	3	2
2018	350	12	16	4	2
2018	351	12	17	4	3
2018	352	12	18	4	2
2018	353	12	19	5	8
2018	354	12	20	5	1
2018	355	12	21	5	1
2018	356	12	22	5	1
2018	357	12	23	5	1
2018	358	12	24	5	1
2018	359	12	25	6	8
2018	360	12	26	6	1
2018	361	12	27	5	4
2018	362	12	28	5	4
2018	363	12	29	5	3
2018	364	12	30	5	3
2018	365	12	31	5	2
2019	1	1	1	5	1
2019	2	1	2	4	8
2019	3	1	3	5	7
2019	4	1	4	5	7
2019	5	1	5	4	6
2019	6	1	6	8	6
2019	7	1	7	7	6
2019	8	1	8	5	6
2019	9	1	9	6	6
2019	10	1	10	4	7
2019	11	1	11	5	6
2019	12	1	12	8	6
2019	13	1	13	8	6
2019	14	1	14	8	8
2019	15	1	15	5	8
2019	16	1	16	4	7
2019	17	1	17	4	4
2019	18	1	18	4	1
2019	19	1	19	4	1
2019	20	1	20	4	2
2019	21	1	21	5	3
2019	22	1	22	6	3
2019	23	1	23	6	2
2019	24	1	24	5	2
2019	25	1	25	6	2
2019	26	1	26	6	3
2019	27	1	27	7	1
2019	28	1	28	5	1
2019	29	1	29	5	2
2019	30	1	30	6	8
2019	31	1	31	5	7
2019	32	2	1	5	6
2019	33	2	2	4	8
2019	34	2	3	3	7
2019	35	2	4	4	7
2019	36	2	5	7	8
2019	37	2	6	7	7
2019	38	2	7	7	6
2019	39	2	8	8	5
2019	40	2	9	8	5
2019	41	2	10	1	5
2019	42	2	11	2	7
2019	43	2	12	2	7
2019	44	2	13	1	7
2019	45	2	14	1	6
2019	46	2	15	2	7
2019	47	2	16	1	5
2019	48	2	17	6	5
2019	49	2	18	6	5
2019	50	2	19	5	6
2019	51	2	20	5	7
2019	52	2	21	7	7
2019	53	2	22	8	7
2019	54	2	23	8	7
2019	55	2	24	8	8
2019	56	2	25	8	8
2019	57	2	26	8	8
2019	58	2	27	1	1
2019	59	2	28	1	3
2019	60	3	1	1	3
2019	61	3	2	1	3
2019	62	3	3	8	4
2019	63	3	4	1	4
2019	64	3	5	8	4
2019	65	3	6	6	4
2019	66	3	7	5	4
2019	67	3	8	7	3
2019	68	3	9	7	2
2019	69	3	10	7	4
2019	70	3	11	6	5
2019	71	3	12	4	5
2019	72	3	13	4	7
2019	73	3	14	4	8
2019	74	3	15	4	8
2019	75	3	16	4	6
2019	76	3	17	4	7
2019	77	3	18	7	7
2019	78	3	19	8	6
2019	79	3	20	8	7
2019	80	3	21	7	7
2019	81	3	22	7	6
2019	82	3	23	7	6
2019	83	3	24	7	7
2019	84	3	25	7	7
2019	85	3	26	1	6
2019	86	3	27	4	6
2019	87	3	28	5	5
2019	88	3	29	7	4
2019	89	3	30	6	4
2019	90	3	31	5	5
2019	91	4	1	5	4
2019	92	4	2	6	6
2019	93	4	3	7	7
2019	94	4	4	5	7
2019	95	4	5	5	6
2019	96	4	6	5	6
2019	97	4	7	5	6
2019	98	4	8	1	5
2019	99	4	9	1	5
2019	100	4	10	1	5
2019	101	4	11	1	5
2019	102	4	12	8	4
2019	103	4	13	8	4
2019	104	4	14	8	3
2019	105	4	15	1	4
2019	106	4	16	1	4
2019	107	4	17	1	4
2019	108	4	18	1	4
2019	109	4	19	1	4
2019	110	4	20	1	3
2019	111	4	21	1	3
2019	112	4	22	2	2
2019	113	4	23	2	2
2019	114	4	24	2	2
2019	115	4	25	3	2
2019	116	4	26	3	2
2019	117	4	27	3	2
2019	118	4	28	3	2
2019	119	4	29	3	2
2019	120	4	30	4	3
2019	121	5	1	5	3
2019	122	5	2	5	3
2019	123	5	3	6	2
2019	124	5	4	6	1
2019	125	5	5	7	1
2019	126	5	6	7	5
2019	127	5	7	7	5
2019	128	5	8	6	8
2019	129	5	9	6	8
2019	130	5	10	7	7
2019	131	5	11	7	7
2019	132	5	12	7	7
2019	133	5	13	8	7
2019	134	5	14	8	7
2019	135	5	15	8	7
2019	136	5	16	8	8
2019	137	5	17	8	1
2019	138	5	18	8	8
2019	139	5	19	8	8
2019	140	5	20	8	8
2019	141	5	21	8	8
2019	142	5	22	8	8
2019	143	5	23	8	8
2019	144	5	24	8	8
2019	145	5	25	8	8
2019	146	5	26	8	8
2019	147	5	27	1	8
2019	148	5	28	1	8
2019	149	5	29	2	2
2019	150	5	30	2	2
2019	151	5	31	2	2
2019	152	6	1	2	2
2019	153	6	2	2	3
2019	154	6	3	2	3
2019	155	6	4	2	2
2019	156	6	5	3	2
2019	157	6	6	3	1
2019	158	6	7	3	2
2019	159	6	8	3	4
2019	160	6	9	3	4
2019	161	6	10	2	4
2019	162	6	11	8	4
2019	163	6	12	4	4
2019	164	6	13	7	4
2019	165	6	14	8	4
2019	166	6	15	6	4
2019	167	6	16	5	5
2019	168	6	17	4	4
2019	169	6	18	4	4
2019	170	6	19	3	4
2019	171	6	20	3	3
2019	172	6	21	3	3
2019	173	6	22	3	3
2019	174	6	23	3	2
2019	175	6	24	4	2
2019	176	6	25	4	2
2019	177	6	26	6	2
2019	178	6	27	6	7
2019	179	6	28	5	6
2019	180	6	29	5	6
2019	181	6	30	5	6
2019	182	7	1	5	4
2019	183	7	2	5	3
2019	184	7	3	5	5
2019	185	7	4	5	6
2019	186	7	5	7	6
2019	187	7	6	8	5
2019	188	7	7	8	5
2019	189	7	8	8	5
2019	190	7	9	8	5
2019	191	7	10	1	5
2019	192	7	11	2	6
2019	193	7	12	2	7
2019	194	7	13	6	7
2019	195	7	14	6	7
2019	196	7	15	6	8
2019	197	7	16	7	1
2019	198	7	17	8	2
2019	199	7	18	1	3
2019	200	7	19	2	2
2019	201	7	20	2	2
2019	202	7	21	2	2
2019	203	7	22	2	2
2019	204	7	23	2	2
2019	205	7	24	2	1
2019	206	7	25	5	1
2019	207	7	26	5	8
2019	208	7	27	5	8
2019	209	7	28	5	8
2019	210	7	29	5	8
2019	211	7	30	6	8
2019	212	7	31	6	8
2019	213	8	1	6	8
2019	214	8	2	6	8
2019	215	8	3	6	8
2019	216	8	4	6	1
2019	217	8	5	6	1
2019	218	8	6	6	2
2019	219	8	7	6	2
2019	220	8	8	7	3
2019	221	8	9	7	3
2019	222	8	10	8	3
2019	223	8	11	8	3
2019	224	8	12	8	4
2019	225	8	13	8	4
2019	226	8	14	1	4
2019	227	8	15	2	5
2019	228	8	16	2	5
2019	229	8	17	3	5
2019	230	8	18	3	6
2019	231	8	19	1	6
2019	232	8	20	5	7
2019	233	8	21	5	4
2019	234	8	22	4	4
2019	235	8	23	5	4
2019	236	8	24	4	4
2019	237	8	25	4	4
2019	238	8	26	4	2
2019	239	8	27	4	1
2019	240	8	28	4	3
2019	241	8	29	4	4
2019	242	8	30	4	4
2019	243	8	31	4	4
2019	244	9	1	5	7
2019	245	9	2	5	2
2019	246	9	3	5	4
2019	247	9	4	5	4
2019	248	9	5	6	4
2019	249	9	6	6	5
2019	250	9	7	6	6
2019	251	9	8	5	6
2019	252	9	9	5	7
2019	253	9	10	5	8
2019	254	9	11	6	8
2019	255	9	12	6	8
2019	256	9	13	7	8
2019	257	9	14	7	2
2019	258	9	15	7	2
2019	259	9	16	7	2
2019	260	9	17	7	3
2019	261	9	18	7	3
2019	262	9	19	8	4
2019	263	9	20	7	4
2019	264	9	21	8	5
2019	265	9	22	2	6
2019	266	9	23	2	7
2019	267	9	24	3	7
2019	268	9	25	2	8
2019	269	9	26	2	8
2019	270	9	27	2	8
2019	271	9	28	1	8
2019	272	9	29	1	7
2019	273	9	30	1	7
2019	274	10	1	1	6
2019	275	10	2	1	7
2019	276	10	3	1	7
2019	277	10	4	1	7
2019	278	10	5	2	7
2019	279	10	6	2	7
2019	280	10	7	1	8
2019	281	10	8	1	8
2019	282	10	9	8	8
2019	283	10	10	8	8
2019	284	10	11	8	7
2019	285	10	12	1	7
2019	286	10	13	2	7
2019	287	10	14	2	8
2019	288	10	15	2	8
2019	289	10	16	2	8
2019	290	10	17	2	1
2019	291	10	18	2	1
2019	292	10	19	2	1
2019	293	10	20	2	2
2019	294	10	21	1	3
2019	295	10	22	1	4
2019	296	10	23	1	4
2019	297	10	24	2	4
2019	298	10	25	3	5
2019	299	10	26	3	6
2019	300	10	27	3	6
2019	301	10	28	3	8
2019	302	10	29	4	8
2019	303	10	30	4	1
2019	304	10	31	5	2
2019	305	11	1	5	2
2019	306	11	2	5	1
2019	307	11	3	6	1
2019	308	11	4	6	3
2019	309	11	5	6	2
2019	310	11	6	6	2
2019	311	11	7	6	3
2019	312	11	8	6	4
2019	313	11	9	6	5
2019	314	11	10	6	5
2019	315	11	11	6	6
2019	316	11	12	6	7
2019	317	11	13	7	7
2019	318	11	14	7	7
2019	319	11	15	7	6
2019	320	11	16	7	6
2019	321	11	17	7	7
2019	322	11	18	7	7
2019	323	11	19	5	6
2019	324	11	20	8	6
2019	325	11	21	1	8
2019	326	11	22	1	7
2019	327	11	23	1	7
2019	328	11	24	3	7
2019	329	11	25	4	8
2019	330	11	26	3	8
2019	331	11	27	2	8
2019	332	11	28	1	8
2019	333	11	29	1	1
2019	334	11	30	8	1
2019	335	12	1	5	1
2019	336	12	2	4	1
2019	337	12	3	4	1
2019	338	12	4	4	8
2019	339	12	5	4	1
2019	340	12	6	8	1
2019	341	12	7	8	1
2019	342	12	8	8	7
2019	343	12	9	8	1
2019	344	12	10	8	1
2019	345	12	11	1	4
2019	346	12	12	3	4
2019	347	12	13	3	4
2019	348	12	14	3	3
2019	349	12	15	2	3
2019	350	12	16	2	1
2019	351	12	17	3	1
2019	352	12	18	3	7
2019	353	12	19	3	6
2019	354	12	20	4	2
2019	355	12	21	3	2
2019	356	12	22	3	4
2019	357	12	23	4	4
2019	358	12	24	7	4
2019	359	12	25	4	2
2019	360	12	26	5	5
2019	361	12	27	6	5
2019	362	12	28	3	4
2019	363	12	29	3	5
2019	364	12	30	3	5
2019	365	12	31	3	5
2020	1	1	1	3	5
2020	2	1	2	3	6
2020	3	1	3	4	5
2020	4	1	4	3	4
2020	5	1	5	2	4
2020	6	1	6	3	6
2020	7	1	7	3	6
2020	8	1	8	4	5
2020	9	1	9	3	4
2020	10	1	10	3	3
2020	11	1	11	6	3
2020	12	1	12	5	3
2020	13	1	13	5	2
2020	14	1	14	6	1
2020	15	1	15	4	2
2020	16	1	16	6	2
2020	17	1	17	8	4
2020	18	1	18	8	5
2020	19	1	19	8	5
2020	20	1	20	1	6
2020	21	1	21	1	6
2020	22	1	22	1	7
2020	23	1	23	3	7
2020	24	1	24	4	6
2020	25	1	25	6	3
2020	26	1	26	7	4
2020	27	1	27	8	3
2020	28	1	28	8	3
2020	29	1	29	8	4
2020	30	1	30	8	4
2020	31	1	31	8	4
2020	32	2	1	8	4
2020	33	2	2	1	1
2020	34	2	3	3	2
2020	35	2	4	4	2
2020	36	2	5	3	2
2020	37	2	6	3	2
2020	38	2	7	3	2
2020	39	2	8	3	3
2020	40	2	9	2	3
2020	41	2	10	3	2
2020	42	2	11	2	2
2020	43	2	12	3	8
2020	44	2	13	3	8
2020	45	2	14	4	3
2020	46	2	15	4	3
2020	47	2	16	4	4
2020	48	2	17	3	7
2020	49	2	18	3	8
2020	50	2	19	2	1
2020	51	2	20	2	1
2020	52	2	21	2	1
2020	53	2	22	3	8
2020	54	2	23	3	8
2020	55	2	24	3	8
2020	56	2	25	3	6
2020	57	2	26	2	4
2020	58	2	27	1	4
2020	59	2	28	2	3
2020	60	2	29	3	3
2020	61	3	1	3	3
2020	62	3	2	3	3
2020	63	3	3	4	3
2020	64	3	4	4	3
2020	65	3	5	4	3
2020	66	3	6	5	3
2020	67	3	7	6	3
2020	68	3	8	7	3
2020	69	3	9	8	3
2020	70	3	10	7	4
2020	71	3	11	4	5
2020	72	3	12	2	4
2020	73	3	13	8	5
2020	74	3	14	8	5
2020	75	3	15	1	5
2020	76	3	16	2	5
2020	77	3	17	2	6
2020	78	3	18	3	6
2020	79	3	19	3	5
2020	80	3	20	4	5
2020	81	3	21	4	5
2020	82	3	22	5	5
2020	83	3	23	6	5
2020	84	3	24	6	5
2020	85	3	25	4	1
2020	86	3	26	4	1
2020	87	3	27	4	8
2020	88	3	28	4	2
2020	89	3	29	3	3
2020	90	3	30	3	3
2020	91	3	31	2	3
2020	92	4	1	3	4
2020	93	4	2	4	7
2020	94	4	3	3	8
2020	95	4	4	1	7
2020	96	4	5	1	4
2020	97	4	6	1	3
2020	98	4	7	7	3
2020	99	4	8	8	3
2020	100	4	9	8	2
2020	101	4	10	8	8
2020	102	4	11	8	7
2020	103	4	12	8	5
2020	104	4	13	8	5
2020	105	4	14	8	6
2020	106	4	15	8	6
2020	107	4	16	8	1
2020	108	4	17	1	8
2020	109	4	18	2	7
2020	110	4	19	2	6
2020	111	4	20	2	7
2020	112	4	21	3	7
2020	113	4	22	3	6
2020	114	4	23	3	6
2020	115	4	24	3	6
2020	116	4	25	3	8
2020	117	4	26	3	2
2020	118	4	27	4	2
2020	119	4	28	4	2
2020	120	4	29	4	1
2020	121	4	30	3	1
2020	122	5	1	4	1
2020	123	5	2	3	1
2020	124	5	3	3	1
2020	125	5	4	2	1
2020	126	5	5	2	1
2020	127	5	6	1	2
2020	128	5	7	1	3
2020	129	5	8	1	2
2020	130	5	9	2	1
2020	131	5	10	3	8
2020	132	5	11	3	1
2020	133	5	12	3	1
2020	134	5	13	3	1
2020	135	5	14	3	1
2020	136	5	15	2	2
2020	137	5	16	2	2
2020	138	5	17	3	3
2020	139	5	18	3	3
2020	140	5	19	3	3
2020	141	5	20	3	3
2020	142	5	21	3	3
2020	143	5	22	1	3
2020	144	5	23	8	3
2020	145	5	24	1	3
2020	146	5	25	1	3
2020	147	5	26	1	4
2020	148	5	27	1	5
2020	149	5	28	2	5
2020	150	5	29	1	4
2020	151	5	30	1	7
2020	152	5	31	1	7
2020	153	6	1	1	7
2020	154	6	2	2	6
2020	155	6	3	2	6
2020	156	6	4	2	6
2020	157	6	5	2	6
2020	158	6	6	4	4
2020	159	6	7	5	4
2020	160	6	8	5	3
2020	161	6	9	5	2
2020	162	6	10	5	1
2020	163	6	11	4	1
2020	164	6	12	5	1
2020	165	6	13	4	8
2020	166	6	14	4	1
2020	167	6	15	4	2
2020	168	6	16	3	4
2020	169	6	17	3	4
2020	170	6	18	3	5
2020	171	6	19	3	5
2020	172	6	20	2	4
2020	173	6	21	2	3
2020	174	6	22	2	2
2020	175	6	23	2	2
2020	176	6	24	2	2
2020	177	6	25	3	2
2020	178	6	26	3	2
2020	179	6	27	3	1
2020	180	6	28	4	8
2020	181	6	29	4	1
2020	182	6	30	3	1
2020	183	7	1	4	8
2020	184	7	2	3	8
2020	185	7	3	4	7
2020	186	7	4	4	7
2020	187	7	5	3	7
2020	188	7	6	3	7
2020	189	7	7	2	8
2020	190	7	8	2	8
2020	191	7	9	2	8
2020	192	7	10	2	8
2020	193	7	11	3	8
2020	194	7	12	3	8
2020	195	7	13	3	6
2020	196	7	14	3	6
2020	197	7	15	3	6
2020	198	7	16	3	5
2020	199	7	17	3	2
2020	200	7	18	2	8
2020	201	7	19	2	8
2020	202	7	20	2	8
2020	203	7	21	2	1
2020	204	7	22	2	1
2020	205	7	23	2	1
2020	206	7	24	2	1
2020	207	7	25	2	1
2020	208	7	26	2	1
2020	209	7	27	2	1
2020	210	7	28	3	1
2020	211	7	29	4	2
2020	212	7	30	5	2
2020	213	7	31	5	2
2020	214	8	1	5	3
2020	215	8	2	5	4
2020	216	8	3	5	4
2020	217	8	4	5	4
2020	218	8	5	5	3
2020	219	8	6	5	2
2020	220	8	7	5	2
2020	221	8	8	5	3
2020	222	8	9	5	4
2020	223	8	10	5	4
2020	224	8	11	5	5
2020	225	8	12	5	8
2020	226	8	13	5	7
2020	227	8	14	6	6
2020	228	8	15	6	6
2020	229	8	16	6	6
2020	230	8	17	6	7
2020	231	8	18	6	7
2020	232	8	19	6	6
2020	233	8	20	7	6
2020	234	8	21	7	6
2020	235	8	22	8	6
2020	236	8	23	8	6
2020	237	8	24	8	6
2020	238	8	25	8	6
2020	239	8	26	8	6
2020	240	8	27	8	7
2020	241	8	28	8	8
2020	242	8	29	8	1
2020	243	8	30	8	2
2020	244	8	31	8	3
2020	245	9	1	1	3
2020	246	9	2	1	3
2020	247	9	3	1	2
2020	248	9	4	1	2
2020	249	9	5	1	2
2020	250	9	6	1	3
2020	251	9	7	3	4
2020	252	9	8	2	1
2020	253	9	9	2	2
2020	254	9	10	2	3
2020	255	9	11	2	3
2020	256	9	12	4	4
2020	257	9	13	4	4
2020	258	9	14	4	4
2020	259	9	15	5	3
2020	260	9	16	5	3
2020	261	9	17	5	4
2020	262	9	18	5	4
2020	263	9	19	5	4
2020	264	9	20	6	4
2020	265	9	21	6	4
2020	266	9	22	7	4
2020	267	9	23	7	4
2020	268	9	24	7	4
2020	269	9	25	7	4
2020	270	9	26	7	4
2020	271	9	27	7	4
2020	272	9	28	7	4
2020	273	9	29	7	4
2020	274	9	30	7	5
2020	275	10	1	7	1
2020	276	10	2	7	2
2020	277	10	3	7	3
2020	278	10	4	7	3
2020	279	10	5	6	2
2020	280	10	6	6	2
2020	281	10	7	6	2
2020	282	10	8	6	2
2020	283	10	9	6	2
2020	284	10	10	6	2
2020	285	10	11	6	3
2020	286	10	12	6	3
2020	287	10	13	5	3
2020	288	10	14	5	3
2020	289	10	15	5	3
2020	290	10	16	5	3
2020	291	10	17	5	2
2020	292	10	18	5	2
2020	293	10	19	6	2
2020	294	10	20	6	3
2020	295	10	21	6	3
2020	296	10	22	6	3
2020	297	10	23	6	4
2020	298	10	24	5	3
2020	299	10	25	6	2
2020	300	10	26	6	2
2020	301	10	27	6	3
2020	302	10	28	6	4
2020	303	10	29	6	8
2020	304	10	30	6	2
2020	305	10	31	7	1
2020	306	11	1	7	1
2020	307	11	2	7	2
2020	308	11	3	7	4
2020	309	11	4	6	6
2020	310	11	5	6	8
2020	311	11	6	5	7
2020	312	11	7	5	7
2020	313	11	8	5	7
2020	314	11	9	6	8
2020	315	11	10	7	1
2020	316	11	11	8	1
2020	317	11	12	8	1
2020	318	11	13	8	2
2020	319	11	14	1	3
2020	320	11	15	1	1
2020	321	11	16	1	1
2020	322	11	17	1	1
2020	323	11	18	1	1
2020	324	11	19	1	8
2020	325	11	20	1	8
2020	326	11	21	1	8
2020	327	11	22	1	1
2020	328	11	23	4	8
2020	329	11	24	4	1
2020	330	11	25	4	1
2020	331	11	26	4	1
2020	332	11	27	3	1
2020	333	11	28	4	1
2020	334	11	29	5	1
2020	335	11	30	5	1
2020	336	12	1	6	1
2020	337	12	2	6	1
2020	338	12	3	6	2
2020	339	12	4	6	2
2020	340	12	5	7	2
2020	341	12	6	4	2
2020	342	12	7	4	2
2020	343	12	8	5	2
2020	344	12	9	7	3
2020	345	12	10	8	3
2020	346	12	11	8	4
2020	347	12	12	8	4
2020	348	12	13	5	4
2020	349	12	14	4	4
2020	350	12	15	4	5
2020	351	12	16	4	5
2020	352	12	17	4	3
2020	353	12	18	4	1
2020	354	12	19	4	1
2020	355	12	20	4	1
2020	356	12	21	4	1
2020	357	12	22	4	2
2020	358	12	23	4	2
2020	359	12	24	4	4
2020	360	12	25	4	6
2020	361	12	26	5	8
2020	362	12	27	6	8
2020	363	12	28	6	1
2020	364	12	29	7	8
2020	365	12	30	4	6
2020	366	12	31	2	7
2021	1	1	1	3	8
2021	2	1	2	3	8
2021	3	1	3	3	1
2021	4	1	4	3	1
2021	5	1	5	3	2
2021	6	1	6	2	3
2021	7	1	7	3	2
2021	8	1	8	3	2
2021	9	1	9	2	2
2021	10	1	10	2	2
2021	11	1	11	2	2
2021	12	1	12	2	2
2021	13	1	13	2	2
2021	14	1	14	2	2
2021	15	1	15	1	2
2021	16	1	16	4	2
2021	17	1	17	4	2
2021	18	1	18	4	1
2021	19	1	19	5	8
2021	20	1	20	6	1
2021	21	1	21	6	8
2021	22	1	22	7	6
2021	23	1	23	8	5
2021	24	1	24	8	4
2021	25	1	25	8	1
2021	26	1	26	1	1
2021	27	1	27	1	8
2021	28	1	28	2	8
2021	29	1	29	3	7
2021	30	1	30	3	8
2021	31	1	31	3	8
2021	32	2	1	3	8
2021	33	2	2	4	7
2021	34	2	3	3	7
2021	35	2	4	3	7
2021	36	2	5	4	7
2021	37	2	6	4	7
2021	38	2	7	4	7
2021	39	2	8	4	7
2021	40	2	9	5	7
2021	41	2	10	6	7
2021	42	2	11	7	4
2021	43	2	12	7	1
2021	44	2	13	7	8
2021	45	2	14	7	8
2021	46	2	15	6	6
2021	47	2	16	5	6
2021	48	2	17	5	6
2021	49	2	18	5	6
2021	50	2	19	5	7
2021	51	2	20	4	7
2021	52	2	21	4	7
2021	53	2	22	6	7
2021	54	2	23	7	6
2021	55	2	24	7	6
2021	56	2	25	7	4
2021	57	2	26	7	4
2021	58	2	27	8	3
2021	59	2	28	8	1
2021	60	3	1	8	7
2021	61	3	2	8	7
2021	62	3	3	8	7
2021	63	3	4	8	7
2021	64	3	5	8	6
2021	65	3	6	8	6
2021	66	3	7	8	6
2021	67	3	8	8	7
2021	68	3	9	8	7
2021	69	3	10	8	7
2021	70	3	11	8	8
2021	71	3	12	7	8
2021	72	3	13	7	7
2021	73	3	14	7	7
2021	74	3	15	7	7
2021	75	3	16	7	6
2021	76	3	17	8	6
2021	77	3	18	8	6
2021	78	3	19	8	1
2021	79	3	20	8	1
2021	80	3	21	2	1
2021	81	3	22	2	8
2021	82	3	23	2	1
2021	83	3	24	2	2
2021	84	3	25	2	2
2021	85	3	26	2	1
2021	86	3	27	2	1
2021	87	3	28	3	2
2021	88	3	29	2	3
2021	89	3	30	8	3
2021	90	3	31	8	3
2021	91	4	1	7	3
2021	92	4	2	7	2
2021	93	4	3	7	2
2021	94	4	4	7	2
2021	95	4	5	8	2
2021	96	4	6	8	7
2021	97	4	7	7	7
2021	98	4	8	6	7
2021	99	4	9	6	8
2021	100	4	10	6	8
2021	101	4	11	7	8
2021	102	4	12	7	8
2021	103	4	13	6	7
2021	104	4	14	6	7
2021	105	4	15	6	7
2021	106	4	16	6	7
2021	107	4	17	6	7
2021	108	4	18	6	7
2021	109	4	19	6	7
2021	110	4	20	7	7
2021	111	4	21	7	7
2021	112	4	22	7	6
2021	113	4	23	7	5
2021	114	4	24	7	8
2021	115	4	25	7	7
2021	116	4	26	7	7
2021	117	4	27	7	7
2021	118	4	28	8	7
2021	119	4	29	1	6
2021	120	4	30	2	6
2021	121	5	1	2	6
2021	122	5	2	2	6
2021	123	5	3	2	7
2021	124	5	4	3	7
2021	125	5	5	3	7
2021	126	5	6	3	7
2021	127	5	7	3	7
2021	128	5	8	3	7
2021	129	5	9	3	7
2021	130	5	10	3	7
2021	131	5	11	3	6
2021	132	5	12	2	6
2021	133	5	13	2	5
2021	134	5	14	3	4
2021	135	5	15	3	4
2021	136	5	16	3	3
2021	137	5	17	3	1
2021	138	5	18	4	1
2021	139	5	19	4	1
2021	140	5	20	4	2
2021	141	5	21	4	3
2021	142	5	22	4	3
2021	143	5	23	5	4
2021	144	5	24	4	5
2021	145	5	25	5	5
2021	146	5	26	4	5
2021	147	5	27	4	5
2021	148	5	28	3	5
2021	149	5	29	3	5
2021	150	5	30	2	4
2021	151	5	31	8	3
2021	152	6	1	8	1
2021	153	6	2	1	1
2021	154	6	3	1	5
2021	155	6	4	1	5
2021	156	6	5	2	5
2021	157	6	6	5	2
2021	158	6	7	6	2
2021	159	6	8	6	2
2021	160	6	9	7	3
2021	161	6	10	7	3
2021	162	6	11	7	3
2021	163	6	12	7	4
2021	164	6	13	8	4
2021	165	6	14	8	4
2021	166	6	15	8	5
2021	167	6	16	8	5
2021	168	6	17	8	5
2021	169	6	18	8	5
2021	170	6	19	8	5
2021	171	6	20	8	5
2021	172	6	21	8	4
2021	173	6	22	1	4
2021	174	6	23	1	4
2021	175	6	24	1	4
2021	176	6	25	1	3
2021	177	6	26	1	4
2021	178	6	27	1	5
2021	179	6	28	1	5
2021	180	6	29	1	6
2021	181	6	30	2	6
2021	182	7	1	2	7
2021	183	7	2	3	7
2021	184	7	3	3	8
2021	185	7	4	3	1
2021	186	7	5	3	2
2021	187	7	6	3	2
2021	188	7	7	3	2
2021	189	7	8	3	1
2021	190	7	9	3	2
2021	191	7	10	3	3
2021	192	7	11	3	2
2021	193	7	12	3	2
2021	194	7	13	3	2
2021	195	7	14	2	2
2021	196	7	15	2	2
2021	197	7	16	7	2
2021	198	7	17	8	1
2021	199	7	18	7	2
2021	200	7	19	7	2
2021	201	7	20	7	3
2021	202	7	21	7	3
2021	203	7	22	7	3
2021	204	7	23	7	3
2021	205	7	24	7	4
2021	206	7	25	8	4
2021	207	7	26	7	5
2021	208	7	27	7	5
2021	209	7	28	8	5
2021	210	7	29	8	5
2021	211	7	30	8	5
2021	212	7	31	8	5
2021	213	8	1	8	4
2021	214	8	2	7	3
2021	215	8	3	8	3
2021	216	8	4	8	4
2021	217	8	5	8	4
2021	218	8	6	1	4
2021	219	8	7	2	4
2021	220	8	8	3	5
2021	221	8	9	3	5
2021	222	8	10	3	4
2021	223	8	11	3	4
2021	224	8	12	3	5
2021	225	8	13	3	5
2021	226	8	14	3	4
2021	227	8	15	3	4
2021	228	8	16	3	4
2021	229	8	17	3	3
2021	230	8	18	3	2
2021	231	8	19	3	1
2021	232	8	20	3	8
2021	233	8	21	3	8
2021	234	8	22	2	7
2021	235	8	23	3	7
2021	236	8	24	3	7
2021	237	8	25	4	7
2021	238	8	26	4	7
2021	239	8	27	3	1
2021	240	8	28	3	2
2021	241	8	29	3	2
2021	242	8	30	3	2
2021	243	8	31	3	1
2021	244	9	1	3	8
2021	245	9	2	4	6
2021	246	9	3	4	5
2021	247	9	4	4	6
2021	248	9	5	4	6
2021	249	9	6	4	5
2021	250	9	7	5	5
2021	251	9	8	5	6
2021	252	9	9	5	5
2021	253	9	10	5	5
2021	254	9	11	5	4
2021	255	9	12	5	4
2021	256	9	13	4	4
2021	257	9	14	4	5
2021	258	9	15	4	5
2021	259	9	16	3	5
2021	260	9	17	3	6
2021	261	9	18	3	7
2021	262	9	19	3	6
2021	263	9	20	4	6
2021	264	9	21	4	7
2021	265	9	22	4	7
2021	266	9	23	4	8
2021	267	9	24	4	1
2021	268	9	25	5	2
2021	269	9	26	8	2
2021	270	9	27	8	2
2021	271	9	28	8	3
2021	272	9	29	1	3
2021	273	9	30	1	4
2021	274	10	1	2	5
2021	275	10	2	4	7
2021	276	10	3	5	8
2021	277	10	4	5	1
2021	278	10	5	5	1
2021	279	10	6	6	1
2021	280	10	7	6	1
2021	281	10	8	6	1
2021	282	10	9	6	1
2021	283	10	10	6	1
2021	284	10	11	6	2
2021	285	10	12	6	2
2021	286	10	13	6	2
2021	287	10	14	7	2
2021	288	10	15	6	3
2021	289	10	16	6	3
2021	290	10	17	5	4
2021	291	10	18	1	4
2021	292	10	19	1	5
2021	293	10	20	8	6
2021	294	10	21	8	6
2021	295	10	22	2	6
2021	296	10	23	8	1
2021	297	10	24	8	1
2021	298	10	25	8	2
2021	299	10	26	1	2
2021	300	10	27	1	2
2021	301	10	28	1	3
2021	302	10	29	1	3
2021	303	10	30	1	8
2021	304	10	31	1	8
2021	305	11	1	1	2
2021	306	11	2	1	4
2021	307	11	3	2	5
2021	308	11	4	2	4
2021	309	11	5	1	4
2021	310	11	6	1	3
2021	311	11	7	1	3
2021	312	11	8	1	3
2021	313	11	9	2	4
2021	314	11	10	3	4
2021	315	11	11	4	4
2021	316	11	12	4	4
2021	317	11	13	4	4
2021	318	11	14	5	3
2021	319	11	15	5	3
2021	320	11	16	4	3
2021	321	11	17	5	2
2021	322	11	18	7	3
2021	323	11	19	8	3
2021	324	11	20	8	3
2021	325	11	21	1	3
2021	326	11	22	2	4
2021	327	11	23	3	4
2021	328	11	24	3	3
2021	329	11	25	4	3
2021	330	11	26	5	3
2021	331	11	27	5	2
2021	332	11	28	6	1
2021	333	11	29	6	1
2021	334	11	30	6	1
2021	335	12	1	6	1
2021	336	12	2	6	1
2021	337	12	3	7	8
2021	338	12	4	6	8
2021	339	12	5	6	8
2021	340	12	6	6	8
2021	341	12	7	7	8
2021	342	12	8	7	7
2021	343	12	9	7	7
2021	344	12	10	7	7
2021	345	12	11	7	7
2021	346	12	12	5	7
2021	347	12	13	5	7
2021	348	12	14	5	8
2021	349	12	15	5	8
2021	350	12	16	5	7
2021	351	12	17	5	6
2021	352	12	18	6	6
2021	353	12	19	7	6
2021	354	12	20	7	6
2021	355	12	21	7	6
2021	356	12	22	7	6
2021	357	12	23	7	6
2021	358	12	24	6	6
2021	359	12	25	6	6
2021	360	12	26	5	6
2021	361	12	27	5	6
2021	362	12	28	4	7
2021	363	12	29	3	7
2021	364	12	30	3	7
2021	365	12	31	3	7
2022	1	1	1	2	7
2022	2	1	2	1	7
2022	3	1	3	6	7
2022	4	1	4	6	7
2022	5	1	5	7	6
2022	6	1	6	7	7
2022	7	1	7	7	7
2022	8	1	8	8	7
2022	9	1	9	8	7
2022	10	1	10	8	5
2022	11	1	11	8	6
2022	12	1	12	8	6
2022	13	1	13	7	6
2022	14	1	14	5	6
2022	15	1	15	3	6
2022	16	1	16	3	7
2022	17	1	17	4	7
2022	18	1	18	2	6
2022	19	1	19	7	7
2022	20	1	20	6	6
2022	21	1	21	6	6
2022	22	1	22	6	7
2022	23	1	23	6	6
2022	24	1	24	8	5
2022	25	1	25	1	1
2022	26	1	26	1	1
2022	27	1	27	1	4
2022	28	1	28	8	6
2022	29	1	29	8	5
2022	30	1	30	8	5
2022	31	1	31	8	6
2022	32	2	1	3	8
2022	33	2	2	3	7
2022	34	2	3	3	6
2022	35	2	4	3	4
2022	36	2	5	3	5
2022	37	2	6	3	4
2022	38	2	7	2	3
2022	39	2	8	2	2
2022	40	2	9	2	2
2022	41	2	10	2	2
2022	42	2	11	1	2
2022	43	2	12	1	2
2022	44	2	13	2	2
2022	45	2	14	1	3
2022	46	2	15	1	2
2022	47	2	16	3	2
2022	48	2	17	3	3
2022	49	2	18	1	3
2022	50	2	19	7	2
2022	51	2	20	5	4
2022	52	2	21	4	3
2022	53	2	22	4	1
2022	54	2	23	4	8
2022	55	2	24	4	8
2022	56	2	25	3	8
2022	57	2	26	3	8
2022	58	2	27	3	8
2022	59	2	28	3	8
2022	60	3	1	3	8
2022	61	3	2	3	8
2022	62	3	3	3	8
2022	63	3	4	3	1
2022	64	3	5	4	3
2022	65	3	6	4	4
2022	66	3	7	8	2
2022	67	3	8	8	2
2022	68	3	9	8	1
2022	69	3	10	8	1
2022	70	3	11	8	1
2022	71	3	12	8	1
2022	72	3	13	1	1
2022	73	3	14	1	1
2022	74	3	15	1	2
2022	75	3	16	1	2
2022	76	3	17	2	3
2022	77	3	18	1	3
2022	78	3	19	4	3
2022	79	3	20	4	3
2022	80	3	21	4	3
2022	81	3	22	5	3
2022	82	3	23	6	4
2022	83	3	24	4	3
2022	84	3	25	4	2
2022	85	3	26	4	6
2022	86	3	27	4	6
2022	87	3	28	5	7
2022	88	3	29	5	8
2022	89	3	30	5	8
2022	90	3	31	5	8
2022	91	4	1	5	8
2022	92	4	2	5	1
2022	93	4	3	6	1
2022	94	4	4	5	8
2022	95	4	5	4	8
2022	96	4	6	5	1
2022	97	4	7	5	1
2022	98	4	8	5	1
2022	99	4	9	5	1
2022	100	4	10	6	1
2022	101	4	11	6	1
2022	102	4	12	7	1
2022	103	4	13	7	1
2022	104	4	14	7	1
2022	105	4	15	8	7
2022	106	4	16	7	6
2022	107	4	17	8	7
2022	108	4	18	1	7
2022	109	4	19	2	6
2022	110	4	20	2	8
2022	111	4	21	3	7
2022	112	4	22	3	7
2022	113	4	23	3	7
2022	114	4	24	2	8
2022	115	4	25	3	8
2022	116	4	26	3	8
2022	117	4	27	3	8
2022	118	4	28	3	8
2022	119	4	29	4	7
2022	120	4	30	4	7
2022	121	5	1	2	4
2022	122	5	2	3	4
2022	123	5	3	3	2
2022	124	5	4	2	2
2022	125	5	5	2	2
2022	126	5	6	2	2
2022	127	5	7	2	2
2022	128	5	8	3	2
2022	129	5	9	3	2
2022	130	5	10	3	3
2022	131	5	11	3	3
2022	132	5	12	6	3
2022	133	5	13	6	4
2022	134	5	14	5	4
2022	135	5	15	6	5
2022	136	5	16	5	4
2022	137	5	17	5	3
2022	138	5	18	5	3
2022	139	5	19	6	4
2022	140	5	20	7	4
2022	141	5	21	7	5
2022	142	5	22	6	5
2022	143	5	23	6	4
2022	144	5	24	8	4
2022	145	5	25	8	5
2022	146	5	26	8	5
2022	147	5	27	7	5
2022	148	5	28	5	5
2022	149	5	29	5	5
2022	150	5	30	4	5
2022	151	5	31	1	5
2022	152	6	1	1	5
2022	153	6	2	1	5
2022	154	6	3	1	5
2022	155	6	4	1	5
2022	156	6	5	1	5
2022	157	6	6	1	5
2022	158	6	7	1	5
2022	159	6	8	1	5
2022	160	6	9	1	5
2022	161	6	10	1	5
2022	162	6	11	1	5
2022	163	6	12	1	5
2022	164	6	13	2	5
2022	165	6	14	2	5
2022	166	6	15	2	7
2022	167	6	16	2	7
2022	168	6	17	2	7
2022	169	6	18	2	7
2022	170	6	19	2	7
2022	171	6	20	2	7
2022	172	6	21	3	7
2022	173	6	22	3	8
2022	174	6	23	2	7
2022	175	6	24	3	8
2022	176	6	25	3	1
2022	177	6	26	3	1
2022	178	6	27	3	1
2022	179	6	28	4	1
2022	180	6	29	6	1
2022	181	6	30	6	2
2022	182	7	1	7	3
2022	183	7	2	7	3
2022	184	7	3	3	4
2022	185	7	4	4	4
2022	186	7	5	4	4
2022	187	7	6	4	5
2022	188	7	7	5	5
2022	189	7	8	5	5
2022	190	7	9	6	5
2022	191	7	10	6	5
2022	192	7	11	6	5
2022	193	7	12	5	5
2022	194	7	13	5	5
2022	195	7	14	5	5
2022	196	7	15	4	5
2022	197	7	16	3	5
2022	198	7	17	3	6
2022	199	7	18	3	6
2022	200	7	19	3	7
2022	201	7	20	3	7
2022	202	7	21	2	7
2022	203	7	22	2	7
2022	204	7	23	2	8
2022	205	7	24	2	8
2022	206	7	25	2	8
2022	207	7	26	1	1
2022	208	7	27	1	1
2022	209	7	28	1	1
2022	210	7	29	1	1
2022	211	7	30	1	2
2022	212	7	31	2	2
2022	213	8	1	2	2
2022	214	8	2	2	2
2022	215	8	3	3	3
2022	216	8	4	3	3
2022	217	8	5	4	4
2022	218	8	6	4	4
2022	219	8	7	5	3
2022	220	8	8	5	8
2022	221	8	9	5	6
2022	222	8	10	5	6
2022	223	8	11	5	6
2022	224	8	12	5	6
2022	225	8	13	5	7
2022	226	8	14	5	7
2022	227	8	15	5	7
2022	228	8	16	5	6
2022	229	8	17	6	6
2022	230	8	18	6	6
2022	231	8	19	6	6
2022	232	8	20	8	6
2022	233	8	21	8	6
2022	234	8	22	8	5
2022	235	8	23	1	4
2022	236	8	24	2	4
2022	237	8	25	2	3
2022	238	8	26	2	1
2022	239	8	27	1	2
2022	240	8	28	1	2
2022	241	8	29	2	1
2022	242	8	30	1	1
2022	243	8	31	1	2
2022	244	9	1	1	2
2022	245	9	2	1	3
2022	246	9	3	1	3
2022	247	9	4	1	3
2022	248	9	5	1	3
2022	249	9	6	3	3
2022	250	9	7	3	3
2022	251	9	8	5	3
2022	252	9	9	8	3
2022	253	9	10	7	4
2022	254	9	11	7	4
2022	255	9	12	7	5
2022	256	9	13	8	5
2022	257	9	14	7	6
2022	258	9	15	7	6
2022	259	9	16	7	4
2022	260	9	17	7	4
2022	261	9	18	7	5
2022	262	9	19	7	5
2022	263	9	20	7	6
2022	264	9	21	7	8
2022	265	9	22	6	8
2022	266	9	23	6	8
2022	267	9	24	6	8
2022	268	9	25	6	8
2022	269	9	26	6	1
2022	270	9	27	6	3
2022	271	9	28	5	4
2022	272	9	29	4	4
2022	273	9	30	4	4
2022	274	10	1	4	4
2022	275	10	2	4	3
2022	276	10	3	3	2
2022	277	10	4	3	2
2022	278	10	5	3	2
2022	279	10	6	3	2
2022	280	10	7	3	2
2022	281	10	8	5	1
2022	282	10	9	7	1
2022	283	10	10	6	8
2022	284	10	11	6	1
2022	285	10	12	6	1
2022	286	10	13	7	1
2022	287	10	14	7	2
2022	288	10	15	7	2
2022	289	10	16	7	2
2022	290	10	17	7	4
2022	291	10	18	6	4
2022	292	10	19	6	3
2022	293	10	20	7	3
2022	294	10	21	7	1
2022	295	10	22	5	7
2022	296	10	23	5	5
2022	297	10	24	6	5
2022	298	10	25	6	6
2022	299	10	26	6	8
2022	300	10	27	6	8
2022	301	10	28	6	1
2022	302	10	29	7	1
2022	303	10	30	7	3
2022	304	10	31	7	3
2022	305	11	1	8	4
2022	306	11	2	8	4
2022	307	11	3	8	6
2022	308	11	4	8	6
2022	309	11	5	8	6
2022	310	11	6	8	6
2022	311	11	7	8	6
2022	312	11	8	8	6
2022	313	11	9	3	1
2022	314	11	10	2	1
2022	315	11	11	1	1
2022	316	11	12	2	1
2022	317	11	13	2	3
2022	318	11	14	3	4
2022	319	11	15	3	4
2022	320	11	16	4	4
2022	321	11	17	4	3
2022	322	11	18	5	3
2022	323	11	19	6	3
2022	324	11	20	6	4
2022	325	11	21	7	4
2022	326	11	22	7	4
2022	327	11	23	7	5
2022	328	11	24	6	5
2022	329	11	25	7	5
2022	330	11	26	7	5
2022	331	11	27	7	6
2022	332	11	28	7	6
2022	333	11	29	3	7
2022	334	11	30	4	7
2022	335	12	1	4	7
2022	336	12	2	4	7
2022	337	12	3	4	8
2022	338	12	4	4	1
2022	339	12	5	3	2
2022	340	12	6	4	2
2022	341	12	7	4	2
2022	342	12	8	5	2
2022	343	12	9	6	2
2022	344	12	10	7	3
2022	345	12	11	7	3
2022	346	12	12	8	3
2022	347	12	13	4	2
2022	348	12	14	4	1
2022	349	12	15	4	7
2022	350	12	16	3	8
2022	351	12	17	3	8
2022	352	12	18	4	8
2022	353	12	19	4	1
2022	354	12	20	5	1
2022	355	12	21	6	1
2022	356	12	22	5	5
2022	357	12	23	5	6
2022	358	12	24	6	4
2022	359	12	25	6	3
2022	360	12	26	6	2
2022	361	12	27	6	1
2022	362	12	28	5	8
2022	363	12	29	5	8
2022	364	12	30	6	8
2022	365	12	31	5	7
2023	1	1	1	5	7
2023	2	1	2	4	7
2023	3	1	3	5	7
2023	4	1	4	4	7
2023	5	1	5	5	7
2023	6	1	6	5	7
2023	7	1	7	5	7
2023	8	1	8	6	8
2023	9	1	9	6	8
2023	10	1	10	6	8
2023	11	1	11	6	8
2023	12	1	12	6	8
2023	13	1	13	6	8
2023	14	1	14	6	7
2023	15	1	15	7	7
2023	16	1	16	7	7
2023	17	1	17	8	7
2023	18	1	18	1	7
2023	19	1	19	2	7
2023	20	1	20	3	7
2023	21	1	21	3	8
2023	22	1	22	3	8
2023	23	1	23	2	8
2023	24	1	24	3	5
2023	25	1	25	3	1
2023	26	1	26	3	1
2023	27	1	27	3	3
2023	28	1	28	3	3
2023	29	1	29	3	2
2023	30	1	30	2	2
2023	31	1	31	3	2
2023	32	2	1	3	3
2023	33	2	2	3	3
2023	34	2	3	2	3
2023	35	2	4	2	2
2023	36	2	5	2	2
2023	37	2	6	2	2
2023	38	2	7	3	3
2023	39	2	8	3	2
2023	40	2	9	3	1
2023	41	2	10	4	1
2023	42	2	11	4	8
2023	43	2	12	4	8
2023	44	2	13	5	7
2023	45	2	14	6	7
2023	46	2	15	7	8
2023	47	2	16	6	8
2023	48	2	17	5	8
2023	49	2	18	5	8
2023	50	2	19	6	7
2023	51	2	20	7	6
2023	52	2	21	7	7
2023	53	2	22	7	8
2023	54	2	23	7	7
2023	55	2	24	7	7
2023	56	2	25	1	8
2023	57	2	26	2	8
2023	58	2	27	1	8
2023	59	2	28	2	8
2023	60	3	1	3	8
2023	61	3	2	1	8
2023	62	3	3	8	8
2023	63	3	4	7	8
2023	64	3	5	7	8
2023	65	3	6	7	7
2023	66	3	7	7	7
2023	67	3	8	8	7
2023	68	3	9	8	7
2023	69	3	10	8	7
2023	70	3	11	8	8
2023	71	3	12	8	7
2023	72	3	13	8	7
2023	73	3	14	8	7
2023	74	3	15	7	7
2023	75	3	16	7	7
2023	76	3	17	7	7
2023	77	3	18	7	6
2023	78	3	19	7	5
2023	79	3	20	8	5
2023	80	3	21	8	5
2023	81	3	22	8	5
2023	82	3	23	1	5
2023	83	3	24	3	5
2023	84	3	25	2	5
2023	85	3	26	6	5
2023	86	3	27	6	5
2023	87	3	28	8	2
2023	88	3	29	8	5
2023	89	3	30	8	4
2023	90	3	31	7	5
2023	91	4	1	7	4
2023	92	4	2	8	4
2023	93	4	3	8	2
2023	94	4	4	7	8
2023	95	4	5	7	8
2023	96	4	6	6	8
2023	97	4	7	6	7
2023	98	4	8	5	7
2023	99	4	9	6	7
2023	100	4	10	6	7
2023	101	4	11	7	7
2023	102	4	12	7	7
2023	103	4	13	7	7
2023	104	4	14	8	7
2023	105	4	15	6	6
2023	106	4	16	5	6
2023	107	4	17	6	6
2023	108	4	18	8	6
2023	109	4	19	8	6
2023	110	4	20	8	5
2023	111	4	21	7	6
2023	112	4	22	8	6
2023	113	4	23	8	7
2023	114	4	24	1	7
2023	115	4	25	1	7
2023	116	4	26	2	7
2023	117	4	27	2	8
2023	118	4	28	3	8
2023	119	4	29	3	7
2023	120	4	30	4	7
2023	121	5	1	3	8
2023	122	5	2	3	1
2023	123	5	3	2	1
2023	124	5	4	2	1
2023	125	5	5	3	2
2023	126	5	6	3	2
2023	127	5	7	3	2
2023	128	5	8	2	2
2023	129	5	9	1	2
2023	130	5	10	1	2
2023	131	5	11	8	3
2023	132	5	12	8	3
2023	133	5	13	8	4
2023	134	5	14	8	4
2023	135	5	15	8	5
2023	136	5	16	7	6
2023	137	5	17	7	7
2023	138	5	18	7	7
2023	139	5	19	7	7
2023	140	5	20	7	7
2023	141	5	21	7	7
2023	142	5	22	7	7
2023	143	5	23	7	7
2023	144	5	24	7	7
2023	145	5	25	7	7
2023	146	5	26	6	8
2023	147	5	27	6	8
2023	148	5	28	6	8
2023	149	5	29	7	8
2023	150	5	30	7	8
2023	151	5	31	7	1
2023	152	6	1	7	5
2023	153	6	2	8	6
2023	154	6	3	4	7
2023	155	6	4	4	1
2023	156	6	5	4	1
2023	157	6	6	4	2
2023	158	6	7	4	2
2023	159	6	8	5	2
2023	160	6	9	6	3
2023	161	6	10	7	3
2023	162	6	11	7	4
2023	163	6	12	8	4
2023	164	6	13	3	4
2023	165	6	14	3	4
2023	166	6	15	3	4
2023	167	6	16	3	4
2023	168	6	17	3	4
2023	169	6	18	3	4
2023	170	6	19	2	4
2023	171	6	20	2	5
2023	172	6	21	3	5
2023	173	6	22	3	6
2023	174	6	23	3	7
2023	175	6	24	4	1
2023	176	6	25	3	2
2023	177	6	26	3	3
2023	178	6	27	3	1
2023	179	6	28	3	6
2023	180	6	29	3	6
2023	181	6	30	3	5
2023	182	7	1	3	5
2023	183	7	2	3	4
2023	184	7	3	3	4
2023	185	7	4	3	4
2023	186	7	5	3	4
2023	187	7	6	3	5
2023	188	7	7	3	6
2023	189	7	8	3	7
2023	190	7	9	3	8
2023	191	7	10	3	8
2023	192	7	11	3	8
2023	193	7	12	3	1
2023	194	7	13	4	1
2023	195	7	14	5	1
2023	196	7	15	5	2
2023	197	7	16	5	3
2023	198	7	17	5	4
2023	199	7	18	5	4
2023	200	7	19	5	5
2023	201	7	20	4	5
2023	202	7	21	4	4
2023	203	7	22	5	2
2023	204	7	23	5	1
2023	205	7	24	5	1
2023	206	7	25	6	2
2023	207	7	26	6	3
2023	208	7	27	6	5
2023	209	7	28	7	1
2023	210	7	29	7	2
2023	211	7	30	7	2
2023	212	7	31	8	3
2023	213	8	1	8	4
2023	214	8	2	8	4
2023	215	8	3	8	4
2023	216	8	4	8	5
2023	217	8	5	8	5
2023	218	8	6	8	5
2023	219	8	7	8	4
2023	220	8	8	8	4
2023	221	8	9	8	2
2023	222	8	10	8	2
2023	223	8	11	8	4
2023	224	8	12	8	5
2023	225	8	13	8	5
2023	226	8	14	1	5
2023	227	8	15	8	5
2023	228	8	16	8	6
2023	229	8	17	8	5
2023	230	8	18	8	5
2023	231	8	19	1	6
2023	232	8	20	1	6
2023	233	8	21	1	6
2023	234	8	22	1	6
2023	235	8	23	1	6
2023	236	8	24	8	7
2023	237	8	25	8	7
2023	238	8	26	8	7
2023	239	8	27	7	7
2023	240	8	28	6	8
2023	241	8	29	6	2
2023	242	8	30	7	2
2023	243	8	31	8	2
2023	244	9	1	8	2
2023	245	9	2	7	3
2023	246	9	3	8	3
2023	247	9	4	1	4
2023	248	9	5	3	4
2023	249	9	6	3	4
2023	250	9	7	3	5
2023	251	9	8	4	5
2023	252	9	9	2	4
2023	253	9	10	7	4
2023	254	9	11	7	4
2023	255	9	12	7	5
2023	256	9	13	6	5
2023	257	9	14	5	5
2023	258	9	15	4	5
2023	259	9	16	4	6
2023	260	9	17	4	6
2023	261	9	18	4	6
2023	262	9	19	4	7
2023	263	9	20	4	7
2023	264	9	21	4	7
2023	265	9	22	4	8
2023	266	9	23	5	8
2023	267	9	24	6	8
2023	268	9	25	6	8
2023	269	9	26	6	7
2023	270	9	27	5	7
2023	271	9	28	5	6
2023	272	9	29	5	6
2023	273	9	30	5	6
2023	274	10	1	6	5
2023	275	10	2	6	5
2023	276	10	3	7	5
2023	277	10	4	6	5
2023	278	10	5	5	6
2023	279	10	6	5	6
2023	280	10	7	5	6
2023	281	10	8	6	7
2023	282	10	9	5	7
2023	283	10	10	6	7
2023	284	10	11	8	8
2023	285	10	12	8	8
2023	286	10	13	8	6
2023	287	10	14	8	6
2023	288	10	15	7	6
2023	289	10	16	7	6
2023	290	10	17	1	6
2023	291	10	18	1	6
2023	292	10	19	1	6
2023	293	10	20	2	6
2023	294	10	21	3	6
2023	295	10	22	4	6
2023	296	10	23	5	7
2023	297	10	24	7	6
2023	298	10	25	8	6
2023	299	10	26	8	6
2023	300	10	27	8	6
2023	301	10	28	8	6
2023	302	10	29	8	6
2023	303	10	30	1	6
2023	304	10	31	1	7
2023	305	11	1	1	7
2023	306	11	2	8	7
2023	307	11	3	8	7
2023	308	11	4	8	7
2023	309	11	5	1	7
2023	310	11	6	3	7
2023	311	11	7	3	7
2023	312	11	8	4	6
2023	313	11	9	3	6
2023	314	11	10	3	6
2023	315	11	11	3	6
2023	316	11	12	3	6
2023	317	11	13	3	6
2023	318	11	14	4	6
2023	319	11	15	4	7
2023	320	11	16	4	6
2023	321	11	17	4	7
2023	322	11	18	4	7
2023	323	11	19	4	7
2023	324	11	20	7	5
2023	325	11	21	8	2
2023	326	11	22	1	3
2023	327	11	23	2	3
2023	328	11	24	3	3
2023	329	11	25	3	2
2023	330	11	26	3	1
2023	331	11	27	3	4
2023	332	11	28	3	4
2023	333	11	29	3	2
2023	334	11	30	3	3
2023	335	12	1	3	3
2023	336	12	2	3	3
2023	337	12	3	3	3
2023	338	12	4	3	4
2023	339	12	5	2	4
2023	340	12	6	4	4
2023	341	12	7	4	4
2023	342	12	8	4	4
2023	343	12	9	8	3
2023	344	12	10	8	2
2023	345	12	11	1	2
2023	346	12	12	2	3
2023	347	12	13	2	2
2023	348	12	14	3	1
2023	349	12	15	3	8
2023	350	12	16	4	1
2023	351	12	17	3	1
2023	352	12	18	3	1
2023	353	12	19	2	8
2023	354	12	20	3	5
2023	355	12	21	3	3
2023	356	12	22	3	3
2023	357	12	23	3	2
2023	358	12	24	2	2
2023	359	12	25	2	1
2023	360	12	26	2	1
2023	361	12	27	2	8
2023	362	12	28	1	8
2023	363	12	29	1	8
2023	364	12	30	2	1
2023	365	12	31	1	3
2024	1	1	1	1	2
2024	2	1	2	1	2
2024	3	1	3	1	3
2024	4	1	4	1	3
2024	5	1	5	1	2
2024	6	1	6	2	2
2024	7	1	7	2	3
2024	8	1	8	2	3
2024	9	1	9	2	2
2024	10	1	10	1	3
2024	11	1	11	1	3
2024	12	1	12	1	3
2024	13	1	13	2	2
2024	14	1	14	3	1
2024	15	1	15	4	2
2024	16	1	16	4	2
2024	17	1	17	4	1
2024	18	1	18	4	2
2024	19	1	19	3	2
2024	20	1	20	4	2
2024	21	1	21	5	2
2024	22	1	22	5	3
2024	23	1	23	5	2
2024	24	1	24	4	5
2024	25	1	25	4	5
2024	26	1	26	5	7
2024	27	1	27	6	8
2024	28	1	28	7	8
2024	29	1	29	6	1
2024	30	1	30	5	1
2024	31	1	31	4	1
2024	32	2	1	4	3
2024	33	2	2	4	4
2024	34	2	3	3	5
2024	35	2	4	3	5
2024	36	2	5	3	5
2024	37	2	6	7	6
2024	38	2	7	7	6
2024	39	2	8	8	5
2024	40	2	9	1	6
2024	41	2	10	1	7
2024	42	2	11	2	7
2024	43	2	12	2	8
2024	44	2	13	2	8
2024	45	2	14	2	8
2024	46	2	15	2	8
2024	47	2	16	1	2
2024	48	2	17	1	3
2024	49	2	18	8	1
2024	50	2	19	8	1
2024	51	2	20	4	1
2024	52	2	21	4	8
2024	53	2	22	5	6
2024	54	2	23	6	5
2024	55	2	24	8	5
2024	56	2	25	8	5
2024	57	2	26	8	6
2024	58	2	27	1	6
2024	59	2	28	1	1
2024	60	2	29	2	2
2024	61	3	1	3	3
2024	62	3	2	3	4
2024	63	3	3	2	4
2024	64	3	4	3	3
2024	65	3	5	1	4
2024	66	3	6	8	4
2024	67	3	7	1	3
2024	68	3	8	2	3
2024	69	3	9	3	3
2024	70	3	10	4	2
2024	71	3	11	4	2
2024	72	3	12	5	3
2024	73	3	13	5	4
2024	74	3	14	5	2
2024	75	3	15	5	2
2024	76	3	16	5	8
2024	77	3	17	5	7
2024	78	3	18	5	6
2024	79	3	19	6	7
2024	80	3	20	6	6
2024	81	3	21	7	6
2024	82	3	22	7	6
2024	83	3	23	7	7
2024	84	3	24	8	6
2024	85	3	25	2	6
2024	86	3	26	2	5
2024	87	3	27	8	5
2024	88	3	28	8	6
2024	89	3	29	1	6
2024	90	3	30	2	6
2024	91	3	31	8	5
2024	92	4	1	5	5
2024	93	4	2	3	6
2024	94	4	3	4	6
2024	95	4	4	4	6
2024	96	4	5	4	6
2024	97	4	6	3	7
2024	98	4	7	3	3
2024	99	4	8	2	2
2024	100	4	9	3	1
2024	101	4	10	1	1
2024	102	4	11	1	8
2024	103	4	12	1	8
2024	104	4	13	1	6
2024	105	4	14	8	6
2024	106	4	15	8	7
2024	107	4	16	1	7
2024	108	4	17	8	6
2024	109	4	18	8	5
2024	110	4	19	8	5
2024	111	4	20	3	5
2024	112	4	21	2	5
2024	113	4	22	1	5
2024	114	4	23	1	4
2024	115	4	24	1	3
2024	116	4	25	1	4
2024	117	4	26	1	5
2024	118	4	27	2	5
2024	119	4	28	2	6
2024	120	4	29	2	7
2024	121	4	30	2	6
2024	122	5	1	2	6
2024	123	5	2	1	4
2024	124	5	3	1	1
2024	125	5	4	8	1
2024	126	5	5	8	1
2024	127	5	6	8	8
2024	128	5	7	4	8
2024	129	5	8	3	8
2024	130	5	9	3	8
2024	131	5	10	2	8
2024	132	5	11	2	8
2024	133	5	12	2	1
2024	134	5	13	2	1
2024	135	5	14	2	1
2024	136	5	15	2	1
2024	137	5	16	3	1
2024	138	5	17	3	1
2024	139	5	18	2	2
2024	140	5	19	1	2
2024	141	5	20	3	2
2024	142	5	21	3	2
2024	143	5	22	3	2
2024	144	5	23	4	3
2024	145	5	24	4	3
2024	146	5	25	4	3
2024	147	5	26	4	3
2024	148	5	27	4	3
2024	149	5	28	5	3
2024	150	5	29	4	3
2024	151	5	30	3	3
2024	152	5	31	3	3
2024	153	6	1	2	3
2024	154	6	2	1	3
2024	155	6	3	8	3
2024	156	6	4	7	3
2024	157	6	5	6	2
2024	158	6	6	7	2
2024	159	6	7	7	3
2024	160	6	8	7	3
2024	161	6	9	6	3
2024	162	6	10	5	4
2024	163	6	11	4	4
2024	164	6	12	4	4
2024	165	6	13	5	5
2024	166	6	14	4	4
2024	167	6	15	4	3
2024	168	6	16	4	1
2024	169	6	17	4	8
2024	170	6	18	4	8
2024	171	6	19	4	1
2024	172	6	20	4	3
2024	173	6	21	4	3
2024	174	6	22	4	4
2024	175	6	23	4	4
2024	176	6	24	4	4
2024	177	6	25	4	3
2024	178	6	26	4	2
2024	179	6	27	4	1
2024	180	6	28	4	7
2024	181	6	29	4	7
2024	182	6	30	4	7
2024	183	7	1	4	7
2024	184	7	2	4	7
2024	185	7	3	4	8
2024	186	7	4	4	8
2024	187	7	5	4	8
2024	188	7	6	4	8
2024	189	7	7	3	1
2024	190	7	8	3	1
2024	191	7	9	3	1
2024	192	7	10	4	8
2024	193	7	11	5	7
2024	194	7	12	5	8
2024	195	7	13	5	1
2024	196	7	14	5	2
2024	197	7	15	5	2
2024	198	7	16	5	2
2024	199	7	17	5	2
2024	200	7	18	5	2
2024	201	7	19	5	2
2024	202	7	20	5	2
2024	203	7	21	5	2
2024	204	7	22	6	5
2024	205	7	23	6	5
2024	206	7	24	6	5
2024	207	7	25	6	4
2024	208	7	26	5	4
2024	209	7	27	5	5
2024	210	7	28	5	3
2024	211	7	29	1	4
2024	212	7	30	1	5
2024	213	7	31	1	5
2024	214	8	1	8	6
2024	215	8	2	8	6
2024	216	8	3	8	1
2024	217	8	4	8	2
2024	218	8	5	8	2
2024	219	8	6	8	3
2024	220	8	7	1	4
2024	221	8	8	1	4
2024	222	8	9	1	5
2024	223	8	10	1	5
2024	224	8	11	1	4
2024	225	8	12	1	4
2024	226	8	13	1	4
2024	227	8	14	1	4
2024	228	8	15	1	4
2024	229	8	16	2	4
2024	230	8	17	2	3
2024	231	8	18	2	3
2024	232	8	19	2	3
2024	233	8	20	2	4
2024	234	8	21	2	5
2024	235	8	22	2	6
2024	236	8	23	2	7
2024	237	8	24	7	7
2024	238	8	25	7	4
2024	239	8	26	7	4
2024	240	8	27	7	4
2024	241	8	28	6	4
2024	242	8	29	5	4
2024	243	8	30	5	5
2024	244	8	31	5	5
2024	245	9	1	5	2
2024	246	9	2	6	3
2024	247	9	3	6	4
2024	248	9	4	6	4
2024	249	9	5	6	4
2024	250	9	6	6	4
2024	251	9	7	7	4
2024	252	9	8	6	4
2024	253	9	9	6	4
2024	254	9	10	5	1
2024	255	9	11	6	1
2024	256	9	12	6	8
2024	257	9	13	6	1
2024	258	9	14	6	1
2024	259	9	15	6	1
2024	260	9	16	6	1
2024	261	9	17	6	1
2024	262	9	18	6	2
2024	263	9	19	6	3
2024	264	9	20	5	4
2024	265	9	21	5	5
2024	266	9	22	4	4
2024	267	9	23	4	4
2024	268	9	24	2	4
2024	269	9	25	1	4
2024	270	9	26	1	4
2024	271	9	27	1	5
2024	272	9	28	1	7
2024	273	9	29	1	3
2024	274	9	30	8	5
2024	275	10	1	1	5
2024	276	10	2	2	7
2024	277	10	3	1	1
2024	278	10	4	1	8
2024	279	10	5	1	1
2024	280	10	6	1	1
2024	281	10	7	1	1
2024	282	10	8	8	1
2024	283	10	9	1	3
2024	284	10	10	1	3
2024	285	10	11	1	3
2024	286	10	12	1	2
2024	287	10	13	1	2
2024	288	10	14	1	2
2024	289	10	15	1	2
2024	290	10	16	4	2
2024	291	10	17	5	2
2024	292	10	18	5	1
2024	293	10	19	5	1
2024	294	10	20	5	1
2024	295	10	21	6	1
2024	296	10	22	6	1
2024	297	10	23	6	1
2024	298	10	24	6	1
2024	299	10	25	6	1
2024	300	10	26	7	1
2024	301	10	27	7	1
2024	302	10	28	6	4
2024	303	10	29	7	4
2024	304	10	30	7	5
2024	305	10	31	7	5
2024	306	11	1	7	6
2024	307	11	2	5	6
2024	308	11	3	8	7
2024	309	11	4	8	8
2024	310	11	5	7	2
2024	311	11	6	2	4
2024	312	11	7	2	1
2024	313	11	8	8	2
2024	314	11	9	8	1
2024	315	11	10	8	1
2024	316	11	11	8	1
2024	317	11	12	8	3
2024	318	11	13	1	2
2024	319	11	14	1	2
2024	320	11	15	1	3
2024	321	11	16	1	4
2024	322	11	17	1	4
2024	323	11	18	1	3
2024	324	11	19	1	3
2024	325	11	20	2	2
2024	326	11	21	2	4
2024	327	11	22	2	4
2024	328	11	23	2	3
2024	329	11	24	2	3
2024	330	11	25	2	2
2024	331	11	26	3	2
2024	332	11	27	3	2
2024	333	11	28	4	3
2024	334	11	29	3	3
2024	335	11	30	4	3
2024	336	12	1	4	3
2024	337	12	2	4	3
2024	338	12	3	4	2
2024	339	12	4	4	2
2024	340	12	5	4	4
2024	341	12	6	4	4
2024	342	12	7	4	3
2024	343	12	8	4	3
2024	344	12	9	3	3
2024	345	12	10	3	3
2024	346	12	11	2	3
2024	347	12	12	3	3
2024	348	12	13	3	3
2024	349	12	14	4	4
2024	350	12	15	4	4
2024	351	12	16	4	4
2024	352	12	17	4	2
2024	353	12	18	5	3
2024	354	12	19	6	3
2024	355	12	20	5	3
2024	356	12	21	5	3
2024	357	12	22	5	4
2024	358	12	23	5	3
2024	359	12	24	5	3
2024	360	12	25	4	1
2024	361	12	26	4	7
2024	362	12	27	4	7
2024	363	12	28	4	7
2024	364	12	29	4	7
2024	365	12	30	4	7
2024	366	12	31	5	6
2025	1	1	1	6	6
2025	2	1	2	7	7
2025	3	1	3	7	1
2025	4	1	4	7	1
2025	5	1	5	6	1
2025	6	1	6	8	1
2025	7	1	7	4	6
2025	8	1	8	4	6
2025	9	1	9	3	5
2025	10	1	10	3	5
2025	11	1	11	3	1
2025	12	1	12	3	8
2025	13	1	13	3	5
2025	14	1	14	3	8
2025	15	1	15	3	8
2025	16	1	16	2	1
2025	17	1	17	2	1
2025	18	1	18	1	8
2025	19	1	19	1	1
2025	20	1	20	1	3
2025	21	1	21	1	3
2025	22	1	22	2	2
2025	23	1	23	1	2
2025	24	1	24	1	2
2025	25	1	25	8	2
2025	26	1	26	1	2
2025	27	1	27	2	2
2025	28	1	28	3	2
2025	29	1	29	3	1
2025	30	1	30	3	1
2025	31	1	31	4	2
2025	32	2	1	4	3
2025	33	2	2	8	4
2025	34	2	3	7	5
2025	35	2	4	4	6
2025	36	2	5	4	6
2025	37	2	6	4	6
2025	38	2	7	4	6
2025	39	2	8	5	6
2025	40	2	9	4	7
2025	41	2	10	4	7
2025	42	2	11	6	8
2025	43	2	12	6	7
2025	44	2	13	7	6
2025	45	2	14	7	7
2025	46	2	15	7	7
2025	47	2	16	8	6
2025	48	2	17	8	6
2025	49	2	18	8	6
2025	50	2	19	6	6
2025	51	2	20	5	7
2025	52	2	21	5	7
2025	53	2	22	4	7
2025	54	2	23	2	7
2025	55	2	24	1	7
2025	56	2	25	1	8
2025	57	2	26	3	8
2025	58	2	27	2	7
2025	59	2	28	3	8
2025	60	3	1	3	8
2025	61	3	2	3	8
2025	62	3	3	2	4
2025	63	3	4	1	2
2025	64	3	5	1	3
2025	65	3	6	1	3
2025	66	3	7	8	2
2025	67	3	8	1	2
2025	68	3	9	1	8
2025	69	3	10	1	8
2025	70	3	11	1	7
2025	71	3	12	1	7
2025	72	3	13	3	7
2025	73	3	14	1	7
2025	74	3	15	8	1
2025	75	3	16	1	5
2025	76	3	17	3	4
2025	77	3	18	3	4
2025	78	3	19	4	5
2025	79	3	20	5	8
2025	80	3	21	5	8
2025	81	3	22	4	8
2025	82	3	23	5	7
2025	83	3	24	5	7
2025	84	3	25	5	6
2025	85	3	26	5	6
2025	86	3	27	5	6
2025	87	3	28	5	6
2025	88	3	29	4	2
2025	89	3	30	4	2
2025	90	3	31	7	2
2025	91	4	1	8	2
2025	92	4	2	1	3
2025	93	4	3	3	5
2025	94	4	4	2	4
2025	95	4	5	7	1
2025	96	4	6	8	1
2025	97	4	7	8	5
2025	98	4	8	2	5
2025	99	4	9	8	5
2025	100	4	10	7	4
2025	101	4	11	8	4
2025	102	4	12	8	5
2025	103	4	13	8	5
2025	104	4	14	1	5
2025	105	4	15	3	5
2025	106	4	16	4	6
2025	107	4	17	4	6
2025	108	4	18	7	5
2025	109	4	19	8	6
2025	110	4	20	8	7
2025	111	4	21	1	7
2025	112	4	22	8	7
2025	113	4	23	8	7
2025	114	4	24	6	6
2025	115	4	25	5	6
2025	116	4	26	5	7
2025	117	4	27	5	7
2025	118	4	28	6	7
2025	119	4	29	5	7
2025	120	4	30	5	7
2025	121	5	1	7	7
2025	122	5	2	8	7
2025	123	5	3	6	6
2025	124	5	4	6	6
2025	125	5	5	6	7
2025	126	5	6	6	6
2025	127	5	7	6	6
2025	128	5	8	6	8
2025	129	5	9	2	8
2025	130	5	10	4	7
2025	131	5	11	4	4
2025	132	5	12	4	3
2025	133	5	13	3	2
2025	134	5	14	3	2
2025	135	5	15	3	1
2025	136	5	16	3	1
2025	137	5	17	4	1
2025	138	5	18	4	1
2025	139	5	19	4	8
2025	140	5	20	4	8
2025	141	5	21	4	8
2025	142	5	22	4	3
2025	143	5	23	4	3
2025	144	5	24	4	3
2025	145	5	25	5	3
2025	146	5	26	5	2
2025	147	5	27	6	3
2025	148	5	28	6	3
2025	149	5	29	6	3
2025	150	5	30	6	4
2025	151	5	31	7	4
2025	152	6	1	7	5
2025	153	6	2	7	5
2025	154	6	3	6	5
2025	155	6	4	6	7
2025	156	6	5	6	8
2025	157	6	6	7	8
2025	158	6	7	6	1
2025	159	6	8	6	1
2025	160	6	9	6	1
2025	161	6	10	5	1
2025	162	6	11	5	2
2025	163	6	12	5	3
2025	164	6	13	4	3
2025	165	6	14	3	4
2025	166	6	15	3	5
2025	167	6	16	4	5
2025	168	6	17	4	5
2025	169	6	18	2	7
2025	170	6	19	1	8
2025	171	6	20	7	8
2025	172	6	21	7	8
2025	173	6	22	7	1
2025	174	6	23	7	2
2025	175	6	24	6	8
2025	176	6	25	6	8
2025	177	6	26	6	8
2025	178	6	27	6	7
2025	179	6	28	7	7
2025	180	6	29	7	7
2025	181	6	30	6	8
2025	182	7	1	6	1
2025	183	7	2	7	1
2025	184	7	3	7	2
2025	185	7	4	7	5
2025	186	7	5	7	5
2025	187	7	6	8	5
2025	188	7	7	8	4
2025	189	7	8	8	2
2025	190	7	9	7	2
2025	191	7	10	8	2
2025	192	7	11	8	3
2025	193	7	12	1	3
2025	194	7	13	1	2
2025	195	7	14	1	2
2025	196	7	15	3	1
2025	197	7	16	3	1
2025	198	7	17	6	1
2025	199	7	18	6	2
2025	200	7	19	6	2
2025	201	7	20	6	2
2025	202	7	21	7	2
2025	203	7	22	7	2
2025	204	7	23	7	3
2025	205	7	24	7	3
2025	206	7	25	7	4
2025	207	7	26	7	4
2025	208	7	27	8	5
2025	209	7	28	8	4
2025	210	7	29	8	4
2025	211	7	30	8	4
2025	212	7	31	1	4
2025	213	8	1	1	4
2025	214	8	2	1	4
2025	215	8	3	2	5
2025	216	8	4	2	6
2025	217	8	5	2	8
2025	218	8	6	3	8
2025	219	8	7	2	8
2025	220	8	8	2	7
2025	221	8	9	2	7
2025	222	8	10	3	7
2025	223	8	11	3	8
2025	224	8	12	3	1
2025	225	8	13	4	2
2025	226	8	14	4	2
2025	227	8	15	4	2
2025	228	8	16	4	3
2025	229	8	17	4	4
2025	230	8	18	4	5
2025	231	8	19	3	5
2025	232	8	20	3	6
2025	233	8	21	3	7
2025	234	8	22	4	7
2025	235	8	23	4	6
2025	236	8	24	5	7
2025	237	8	25	5	7
2025	238	8	26	5	7
2025	239	8	27	5	7
2025	240	8	28	5	7
2025	241	8	29	5	7
2025	242	8	30	4	8
2025	243	8	31	5	7
2025	244	9	1	5	3
2025	245	9	2	4	4
2025	246	9	3	3	4
2025	247	9	4	3	4
2025	248	9	5	3	5
2025	249	9	6	3	5
2025	250	9	7	3	5
2025	251	9	8	2	5
2025	252	9	9	2	6
2025	253	9	10	2	6
2025	254	9	11	3	1
2025	255	9	12	3	8
2025	256	9	13	3	8
2025	257	9	14	3	8
2025	258	9	15	3	8
2025	259	9	16	4	8
2025	260	9	17	4	7
2025	261	9	18	5	6
2025	262	9	19	6	6
2025	263	9	20	6	6
2025	264	9	21	6	6
2025	265	9	22	6	5
2025	266	9	23	6	5
2025	267	9	24	6	5
2025	268	9	25	5	4
2025	269	9	26	5	4
2025	270	9	27	5	4
2025	271	9	28	4	5
2025	272	9	29	4	5
2025	273	9	30	4	5
2025	274	10	1	4	5
2025	275	10	2	4	6
2025	276	10	3	1	7
2025	277	10	4	7	6
2025	278	10	5	7	6
2025	279	10	6	7	6
2025	280	10	7	7	7
2025	281	10	8	6	6
2025	282	10	9	6	5
2025	283	10	10	8	4
2025	284	10	11	2	6
2025	285	10	12	2	6
2025	286	10	13	2	6
2025	287	10	14	2	7
2025	288	10	15	2	8
2025	289	10	16	2	1
2025	290	10	17	2	1
2025	291	10	18	2	1
2025	292	10	19	3	2
2025	293	10	20	2	2
2025	294	10	21	2	2
2025	295	10	22	1	2
2025	296	10	23	2	3
2025	297	10	24	2	3
2025	298	10	25	3	3
2025	299	10	26	4	3
2025	300	10	27	5	4
2025	301	10	28	5	4
2025	302	10	29	6	4
2025	303	10	30	6	5
2025	304	10	31	6	6
2025	305	11	1	5	6
2025	306	11	2	5	6
2025	307	11	3	6	7
2025	308	11	4	6	1
2025	309	11	5	6	2
2025	310	11	6	6	3
2025	311	11	7	6	1
2025	312	11	8	6	8
2025	313	11	9	6	1
2025	314	11	10	6	4
2025	315	11	11	7	4
2025	316	11	12	8	4
2025	317	11	13	8	5
2025	318	11	14	8	5
2025	319	11	15	2	7
2025	320	11	16	2	8
2025	321	11	17	3	8
2025	322	11	18	3	4
2025	323	11	19	4	4
2025	324	11	20	3	7
2025	325	11	21	4	7
2025	326	11	22	4	8
2025	327	11	23	4	8
2025	328	11	24	4	8
2025	329	11	25	5	4
2025	330	11	26	7	4
2025	331	11	27	7	3
2025	332	11	28	7	4
2025	333	11	29	7	5
2025	334	11	30	7	6
2025	335	12	1	7	6
2025	336	12	2	7	6
2025	337	12	3	7	6
2025	338	12	4	7	7
2025	339	12	5	8	7
2025	340	12	6	8	7
2025	341	12	7	8	8
2025	342	12	8	8	8
2025	343	12	9	1	8
2025	344	12	10	8	8
2025	345	12	11	1	8
2025	346	12	12	1	8
2025	347	12	13	1	8
2025	348	12	14	1	7
2025	349	12	15	1	7
2025	350	12	16	8	7
2025	351	12	17	8	7
2025	352	12	18	8	7
2025	353	12	19	8	8
2025	354	12	20	8	1
2025	355	12	21	8	1
2025	356	12	22	8	1
2025	357	12	23	8	1
2025	358	12	24	8	8
2025	359	12	25	8	4
2025	360	12	26	1	6
2025	361	12	27	8	8
2025	362	12	28	8	5
2025	363	12	29	8	8
2025	364	12	30	8	3
2025	365	12	31	8	3
2026	1	1	1	8	3
2026	2	1	2	1	3
2026	3	1	3	1	2
2026	4	1	4	2	1
2026	5	1	5	8	8
2026	6	1	6	1	8
2026	7	1	7	1	8
2026	8	1	8	1	7
2026	9	1	9	6	8
2026	10	1	10	5	7
2026	11	1	11	4	7
2026	12	1	12	5	7
2026	13	1	13	5	7
2026	14	1	14	5	7
2026	15	1	15	6	8
2026	16	1	16	6	8
2026	17	1	17	7	8
2026	18	1	18	7	1
2026	19	1	19	7	1
2026	20	1	20	7	1
2026	21	1	21	7	8
2026	22	1	22	7	8
2026	23	1	23	8	8
2026	24	1	24	7	8
2026	25	1	25	7	7
2026	26	1	26	8	7
2026	27	1	27	8	7
2026	28	1	28	8	7
2026	29	1	29	8	7
2026	30	1	30	5	6
2026	31	1	31	6	7
2026	32	2	1	4	7
2026	33	2	2	3	7
2026	34	2	3	3	8
2026	35	2	4	4	8
2026	36	2	5	7	8
2026	37	2	6	7	7
2026	38	2	7	7	6
2026	39	2	8	6	5
2026	40	2	9	2	1
2026	41	2	10	3	1
2026	42	2	11	2	8
2026	43	2	12	2	8
2026	44	2	13	2	1
2026	45	2	14	2	2
2026	46	2	15	2	2
2026	47	2	16	2	2
2026	48	2	17	2	2
2026	49	2	18	2	2
2026	50	2	19	3	2
2026	51	2	20	2	2
2026	52	2	21	1	2
2026	53	2	22	4	2
2026	54	2	23	4	2
2026	55	2	24	4	2
2026	56	2	25	5	2
2026	57	2	26	6	3
2026	58	2	27	6	4
2026	59	2	28	6	4
2026	60	3	1	7	3
2026	61	3	2	7	4
2026	62	3	3	7	4
2026	63	3	4	7	4
2026	64	3	5	6	7
2026	65	3	6	6	8
2026	66	3	7	5	8
2026	67	3	8	5	8
2026	68	3	9	6	8
2026	69	3	10	7	8
2026	70	3	11	7	8
2026	71	3	12	7	8
2026	72	3	13	8	8
2026	73	3	14	8	8
2026	74	3	15	8	7
2026	75	3	16	7	7
2026	76	3	17	7	7
2026	77	3	18	6	7
2026	78	3	19	5	6
2026	79	3	20	5	6
2026	80	3	21	6	6
2026	81	3	22	7	7
2026	82	3	23	8	6
2026	83	3	24	8	6
2026	84	3	25	8	6
2026	85	3	26	8	6
2026	86	3	27	8	6
2026	87	3	28	8	6
2026	88	3	29	1	8
2026	89	3	30	1	7
2026	90	3	31	2	6
2026	91	4	1	2	6
2026	92	4	2	2	6
2026	93	4	3	1	6
2026	94	4	4	2	5
2026	95	4	5	3	5
2026	96	4	6	4	5
2026	97	4	7	4	5
2026	98	4	8	4	6
2026	99	4	9	4	7
2026	100	4	10	4	7
2026	101	4	11	5	7
2026	102	4	12	5	7
2026	103	4	13	7	7
2026	104	4	14	8	8
2026	105	4	15	8	7
2026	106	4	16	8	7
2026	107	4	17	8	8
2026	108	4	18	8	8
2026	109	4	19	8	6
2026	110	4	20	1	6
2026	111	4	21	1	6
2026	112	4	22	1	6
2026	113	4	23	1	6
2026	114	4	24	1	5
2026	115	4	25	1	6
2026	116	4	26	2	7
2026	117	4	27	2	6
2026	118	4	28	3	6
2026	119	4	29	3	6
2026	120	4	30	2	6
2026	121	5	1	3	6
2026	122	5	2	3	7
2026	123	5	3	3	7
2026	124	5	4	3	2
2026	125	5	5	3	2
2026	126	5	6	2	1
2026	127	5	7	3	1
2026	128	5	8	3	1
2026	129	5	9	3	2
2026	130	5	10	2	2
2026	131	5	11	2	2
2026	132	5	12	1	3
2026	133	5	13	1	3
2026	134	5	14	1	3
2026	135	5	15	1	3
2026	136	5	16	1	3
2026	137	5	17	4	2
2026	138	5	18	5	2
2026	139	5	19	4	2
2026	140	5	20	3	3
2026	141	5	21	3	4
2026	142	5	22	3	4
2026	143	5	23	2	4
2026	144	5	24	2	3
2026	145	5	25	7	3
2026	146	5	26	6	4
2026	147	5	27	6	7
2026	148	5	28	6	7
2026	149	5	29	6	7
2026	150	5	30	6	1
2026	151	5	31	7	1
2026	152	6	1	7	8
2026	153	6	2	7	6
2026	154	6	3	7	5
2026	155	6	4	8	5
2026	156	6	5	8	4
2026	157	6	6	8	5
2026	158	6	7	8	5
2026	159	6	8	8	5
2026	160	6	9	1	4
2026	161	6	10	3	4
2026	162	6	11	2	4
2026	163	6	12	1	4
2026	164	6	13	1	5
2026	165	6	14	1	5
2026	166	6	15	1	5
2026	167	6	16	2	6
2026	168	6	17	2	8
2026	169	6	18	2	8
2026	170	6	19	2	8
2026	171	6	20	2	8
2026	172	6	21	2	7
2026	173	6	22	1	6
2026	174	6	23	8	5
2026	175	6	24	8	4
2026	176	6	25	1	5
2026	177	6	26	3	4
2026	178	6	27	3	4
2026	179	6	28	3	4
2026	180	6	29	4	3
2026	181	6	30	4	3
2026	182	7	1	4	4
2026	183	7	2	4	5
2026	184	7	3	4	6
2026	185	7	4	5	6
2026	186	7	5	5	7
2026	187	7	6	6	7
2026	188	7	7	6	8
2026	189	7	8	6	1
2026	190	7	9	7	1
2026	191	7	10	7	3
2026	192	7	11	7	4
2026	193	7	12	6	8
2026	194	7	13	7	5
2026	195	7	14	8	4
2026	196	7	15	8	5
2026	197	7	16	1	5
2026	198	7	17	8	6
2026	199	7	18	8	6
2026	200	7	19	1	6
2026	201	7	20	1	6
2026	202	7	21	7	6
2026	203	7	22	6	7
2026	204	7	23	6	7
2026	205	7	24	6	7
2026	206	7	25	6	6
2026	207	7	26	6	6
2026	208	7	27	5	6
2026	209	7	28	5	7
2026	210	7	29	4	7
2026	211	7	30	4	7
2026	212	7	31	4	7
2026	213	8	1	2	1
2026	214	8	2	1	1
2026	215	8	3	8	2
2026	216	8	4	8	2
2026	217	8	5	8	2
2026	218	8	6	8	2
2026	219	8	7	8	3
2026	220	8	8	8	3
2026	221	8	9	8	3
2026	222	8	10	8	4
2026	223	8	11	8	4
2026	224	8	12	8	4
2026	225	8	13	8	4
2026	226	8	14	8	4
2026	227	8	15	7	4
2026	228	8	16	7	4
2026	229	8	17	6	4
2026	230	8	18	6	4
2026	231	8	19	6	4
2026	232	8	20	6	5
2026	233	8	21	6	5
2026	234	8	22	6	6
2026	235	8	23	7	6
2026	236	8	24	7	5
2026	237	8	25	6	5
2026	238	8	26	6	6
2026	239	8	27	6	6
2026	240	8	28	7	6
2026	241	8	29	6	5
2026	242	8	30	6	5
2026	243	8	31	7	5
2026	244	9	1	7	5
2026	245	9	2	7	5
2026	246	9	3	7	6
2026	247	9	4	7	6
2026	248	9	5	8	5
2026	249	9	6	8	6
2026	250	9	7	8	6
2026	251	9	8	5	6
2026	252	9	9	5	7
2026	253	9	10	4	8
2026	254	9	11	4	8
2026	255	9	12	3	8
2026	256	9	13	3	1
2026	257	9	14	3	8
2026	258	9	15	3	8
2026	259	9	16	4	8
2026	260	9	17	7	8
2026	261	9	18	8	8
